Date,Time,Activity,Category,Productivity,Time Spent (seconds)
2026-02-06,17:47:30,VS Code,Software Development,2,975
2026-02-06,18:03:45,VS Code,Software Development,2,304
2026-02-06,18:08:50,VS Code,Software Development,2,427
2026-02-06,18:15:58,github.com,Software Development,2,509
2026-02-06,18:24:27,VS Code,Software Development,2,988
2026-02-06,18:40:56,github.com,Software Development,2,1290
2026-02-06,19:02:26,VS Code,Software Development,2,1299
2026-02-06,19:24:06,github.com,Software Development,2,1374
2026-02-06,23:49:06,VS Code,Software Development,2,1140
2026-02-07,00:08:07,VS Code,Software Development,2,1474
2026-02-07,00:32:42,VS Code,Software Development,2,1020
2026-02-07,00:49:42,terminal,Software Development,2,313
2026-02-07,04:56:13,VS Code,Software Development,2,489
2026-02-07,05:04:23,slack.com,Communication,0,655
2026-02-07,05:15:18,VS Code,Software Development,2,1354
2026-02-07,05:37:53,slack.com,Communication,0,1071
2026-02-07,05:55:45,VS Code,Software Development,2,895
2026-02-07,06:10:40,VS Code,Software Development,2,559
2026-02-07,06:20:00,VS Code,Software Development,2,1444
2026-02-07,06:44:05,VS Code,Software Development,2,879
2026-02-07,06:58:44,VS Code,Software Development,2,801
2026-02-07,07:12:06,VS Code,Software Development,2,331
2026-02-07,07:17:37,VS Code,Software Development,2,1242
2026-02-07,07:38:19,VS Code,Software Development,2,729
2026-02-07,07:50:29,github.com,Software Development,2,1319
2026-02-07,08:12:29,VS Code,Software Development,2,1316
2026-02-07,08:34:25,github.com,Software Development,2,312
2026-02-07,08:39:37,terminal,Software Development,2,88
2026-02-07,08:41:05,stackoverflow.com,Reference & Learning,1,205
2026-02-07,08:44:31,mail.google.com,Communication,0,183
2026-02-07,08:47:35,youtube.com,Entertainment,-2,53
2026-02-07,08:48:28,twitter.com,Social Media,-2,34
2026-02-07,08:49:03,VS Code,Software Development,2,226
2026-02-07,08:52:49,twitter.com,Social Media,-2,241
2026-02-07,08:56:51,VS Code,Software Development,2,226
2026-02-07,09:00:38,VS Code,Software Development,2,325
2026-02-07,09:06:03,mail.google.com,Communication,0,131
2026-02-07,09:08:15,VS Code,Software Development,2,262
2026-02-07,09:12:37,terminal,Software Development,2,176
2026-02-07,09:15:33,stackoverflow.com,Reference & Learning,1,126
2026-02-07,09:17:40,stackoverflow.com,Reference & Learning,1,265
2026-02-07,09:22:06,stackoverflow.com,Reference & Learning,1,321
2026-02-07,09:27:27,terminal,Software Development,2,291
2026-02-07,09:32:18,docs.google.com,Reference & Learning,1,38
2026-02-07,09:32:57,youtube.com,Entertainment,-2,267
2026-02-07,09:37:25,VS Code,Software Development,2,119
2026-02-07,09:39:25,github.com,Software Development,2,121
2026-02-07,09:41:26,slack.com,Communication,0,233
2026-02-07,09:45:20,docs.google.com,Reference & Learning,1,185
2026-02-07,09:48:26,docs.google.com,Reference & Learning,1,61
2026-02-07,09:49:27,youtube.com,Entertainment,-2,199
2026-02-07,09:52:47,slack.com,Communication,0,82
2026-02-07,09:54:09,slack.com,Communication,0,159
2026-02-07,09:56:48,terminal,Software Development,2,306
2026-02-07,10:01:55,stackoverflow.com,Reference & Learning,1,144
2026-02-07,10:04:20,twitter.com,Social Media,-2,300
2026-02-07,10:09:20,slack.com,Communication,0,111
2026-02-07,10:11:12,mail.google.com,Communication,0,195
2026-02-07,10:14:28,youtube.com,Entertainment,-2,96
2026-02-07,10:16:04,mail.google.com,Communication,0,200
2026-02-07,10:19:25,twitter.com,Social Media,-2,270
2026-02-07,10:23:55,mail.google.com,Communication,0,138
2026-02-07,10:26:13,mail.google.com,Communication,0,118
2026-02-07,10:28:11,docs.google.com,Reference & Learning,1,44
2026-02-07,10:28:55,terminal,Software Development,2,301
2026-02-07,10:33:57,twitter.com,Social Media,-2,59
2026-02-07,10:34:57,slack.com,Communication,0,301
2026-02-07,10:39:59,github.com,Software Development,2,329
2026-02-07,22:11:42,VS Code,Software Development,2,834
2026-02-07,22:25:37,VS Code,Software Development,2,1270
2026-02-07,22:46:47,VS Code,Software Development,2,975
2026-02-07,23:03:03,slack.com,Communication,0,1038
2026-02-07,23:20:22,VS Code,Software Development,2,606
2026-02-07,23:30:28,VS Code,Software Development,2,355
2026-02-07,23:36:24,VS Code,Software Development,2,1136
2026-02-07,23:55:20,VS Code,Software Development,2,1311
2026-02-08,00:17:12,VS Code,Software Development,2,955
2026-02-08,00:33:07,VS Code,Software Development,2,441
2026-02-08,00:40:29,VS Code,Software Development,2,708
2026-02-08,00:52:17,VS Code,Software Development,2,719
2026-02-08,01:04:17,VS Code,Software Development,2,586
2026-02-08,01:14:04,VS Code,Software Development,2,1232
2026-02-08,01:34:36,VS Code,Software Development,2,1434
2026-02-08,01:58:30,VS Code,Software Development,2,389
2026-02-08,02:04:59,VS Code,Software Development,2,421
2026-02-08,02:12:01,VS Code,Software Development,2,721
2026-02-08,02:24:02,terminal,Software Development,2,806
2026-02-08,02:37:28,slack.com,Communication,0,1404
2026-02-08,03:00:53,VS Code,Software Development,2,1180
2026-02-08,03:20:34,VS Code,Software Development,2,394
2026-02-08,03:27:08,VS Code,Software Development,2,1208
2026-02-08,03:47:17,VS Code,Software Development,2,1363
2026-02-08,04:10:00,VS Code,Software Development,2,1089
2026-02-08,04:28:10,VS Code,Software Development,2,331
2026-02-08,04:33:41,VS Code,Software Development,2,403
2026-02-08,04:40:24,terminal,Software Development,2,607
2026-02-08,04:50:32,terminal,Software Development,2,995
2026-02-08,05:07:08,VS Code,Software Development,2,868
2026-02-08,05:21:36,VS Code,Software Development,2,1252
2026-02-08,05:42:28,youtube.com,Entertainment,-2,320
2026-02-08,05:47:49,docs.google.com,Reference & Learning,1,181
2026-02-08,05:50:51,youtube.com,Entertainment,-2,329
2026-02-08,05:56:21,github.com,Software Development,2,254
2026-02-08,06:00:36,docs.google.com,Reference & Learning,1,164
2026-02-08,06:03:20,github.com,Software Development,2,249
2026-02-08,06:07:30,stackoverflow.com,Reference & Learning,1,172
2026-02-08,06:10:22,VS Code,Software Development,2,115
2026-02-08,06:12:18,twitter.com,Social Media,-2,304
2026-02-08,06:17:23,docs.google.com,Reference & Learning,1,41
2026-02-08,06:18:04,slack.com,Communication,0,160
2026-02-08,06:20:45,youtube.com,Entertainment,-2,46
2026-02-08,06:21:31,stackoverflow.com,Reference & Learning,1,96
2026-02-08,06:23:07,docs.google.com,Reference & Learning,1,271
2026-02-08,06:27:39,stackoverflow.com,Reference & Learning,1,177
2026-02-08,06:30:37,stackoverflow.com,Reference & Learning,1,318
2026-02-08,06:35:55,slack.com,Communication,0,51
2026-02-08,06:36:47,twitter.com,Social Media,-2,265
2026-02-08,06:41:12,terminal,Software Development,2,302
2026-02-08,06:46:15,VS Code,Software Development,2,238
2026-02-08,06:50:13,VS Code,Software Development,2,290
2026-02-08,06:55:03,twitter.com,Social Media,-2,202
2026-02-08,06:58:26,stackoverflow.com,Reference & Learning,1,124
2026-02-08,07:00:30,twitter.com,Social Media,-2,199
2026-02-08,07:03:50,youtube.com,Entertainment,-2,233
2026-02-08,07:07:43,twitter.com,Social Media,-2,112
2026-02-08,07:09:36,twitter.com,Social Media,-2,277
2026-02-08,07:14:14,stackoverflow.com,Reference & Learning,1,248
2026-02-08,07:18:22,youtube.com,Entertainment,-2,234
2026-02-08,07:22:17,github.com,Software Development,2,179
2026-02-08,07:25:17,twitter.com,Social Media,-2,222
2026-02-08,07:28:59,youtube.com,Entertainment,-2,177
2026-02-08,07:31:57,stackoverflow.com,Reference & Learning,1,325
2026-02-08,07:37:22,youtube.com,Entertainment,-2,314
2026-02-08,07:42:37,stackoverflow.com,Reference & Learning,1,48
2026-02-08,07:43:25,terminal,Software Development,2,288
2026-02-08,07:48:14,mail.google.com,Communication,0,278
2026-02-08,07:52:53,terminal,Software Development,2,58
2026-02-08,07:53:51,slack.com,Communication,0,94
2026-02-08,07:55:26,twitter.com,Social Media,-2,269
2026-02-08,07:59:56,github.com,Software Development,2,251
2026-02-08,08:04:07,github.com,Software Development,2,1472
2026-02-08,08:28:40,VS Code,Software Development,2,1146
2026-02-08,08:47:46,github.com,Software Development,2,1012
2026-02-08,09:04:38,VS Code,Software Development,2,515
2026-02-08,09:13:13,docs.google.com,Reference & Learning,1,1245
2026-02-08,09:33:59,github.com,Software Development,2,1230
2026-02-08,09:54:29,github.com,Software Development,2,361
2026-02-08,10:00:31,VS Code,Software Development,2,525
2026-02-08,10:09:17,github.com,Software Development,2,1262
2026-02-08,10:30:20,VS Code,Software Development,2,658
2026-02-08,10:41:18,slack.com,Communication,0,440
2026-02-08,10:48:38,VS Code,Software Development,2,901
2026-02-08,11:03:40,slack.com,Communication,0,1332
2026-02-08,11:25:53,terminal,Software Development,2,1204
2026-02-08,11:45:57,terminal,Software Development,2,1041
2026-02-08,12:03:18,terminal,Software Development,2,689
2026-02-08,12:14:47,VS Code,Software Development,2,1285
2026-02-08,12:36:13,VS Code,Software Development,2,1309
2026-02-08,12:58:03,github.com,Software Development,2,968
2026-02-08,13:14:11,VS Code,Software Development,2,660
2026-02-08,13:25:12,VS Code,Software Development,2,1423
2026-02-08,13:48:56,VS Code,Software Development,2,589
2026-02-08,13:58:45,VS Code,Software Development,2,420
2026-02-08,14:05:46,slack.com,Communication,0,842
2026-02-08,14:19:48,VS Code,Software Development,2,823
2026-02-08,14:33:32,VS Code,Software Development,2,1158
2026-02-08,14:52:50,VS Code,Software Development,2,444
2026-02-08,15:00:15,slack.com,Communication,0,319
2026-02-08,15:05:35,VS Code,Software Development,2,915
2026-02-08,15:20:50,VS Code,Software Development,2,367
2026-02-08,15:26:57,VS Code,Software Development,2,415
2026-02-08,15:33:53,github.com,Software Development,2,646
2026-02-08,15:44:40,terminal,Software Development,2,948
2026-02-08,16:00:28,VS Code,Software Development,2,1059
2026-02-08,16:18:07,github.com,Software Development,2,693
2026-02-08,16:29:40,VS Code,Software Development,2,472
2026-02-08,16:37:33,VS Code,Software Development,2,982
2026-02-08,16:53:55,VS Code,Software Development,2,881
2026-02-08,17:08:36,github.com,Software Development,2,407
2026-02-08,17:15:24,VS Code,Software Development,2,1213
2026-02-08,17:35:38,VS Code,Software Development,2,921
2026-02-08,17:50:59,VS Code,Software Development,2,1184
2026-02-08,18:10:43,VS Code,Software Development,2,803
2026-02-08,18:24:06,github.com,Software Development,2,833
2026-02-08,18:38:00,VS Code,Software Development,2,452
2026-02-08,18:45:32,VS Code,Software Development,2,488
2026-02-08,18:53:41,VS Code,Software Development,2,820
2026-02-08,19:07:21,VS Code,Software Development,2,869
2026-02-08,19:21:50,VS Code,Software Development,2,760
2026-02-08,19:34:30,terminal,Software Development,2,1181
2026-02-08,19:54:11,VS Code,Software Development,2,1311
2026-02-09,01:01:09,VS Code,Software Development,2,959
2026-02-09,01:17:08,VS Code,Software Development,2,784
2026-02-09,01:30:13,VS Code,Software Development,2,622
2026-02-09,01:40:35,github.com,Software Development,2,1269
2026-02-09,02:01:44,VS Code,Software Development,2,1301
2026-02-09,02:23:25,VS Code,Software Development,2,928
2026-02-09,02:38:54,VS Code,Software Development,2,1041
2026-02-09,02:56:15,terminal,Software Development,2,1120
2026-02-09,03:14:55,VS Code,Software Development,2,1250
2026-02-09,03:35:46,VS Code,Software Development,2,1042
2026-02-09,03:53:09,github.com,Software Development,2,436
2026-02-09,04:00:25,VS Code,Software Development,2,863
2026-02-09,04:14:48,github.com,Software Development,2,1322
2026-02-09,04:36:51,VS Code,Software Development,2,1311
2026-02-09,04:58:43,VS Code,Software Development,2,479
2026-02-09,05:06:42,VS Code,Software Development,2,885
2026-02-09,05:21:27,VS Code,Software Development,2,996
2026-02-09,05:38:04,VS Code,Software Development,2,1358
2026-02-09,06:00:43,VS Code,Software Development,2,1283
2026-02-09,06:22:07,slack.com,Communication,0,1008
2026-02-09,06:38:56,VS Code,Software Development,2,1375
2026-02-09,07:01:51,VS Code,Software Development,2,1106
2026-02-09,07:20:17,VS Code,Software Development,2,764
2026-02-09,07:33:02,VS Code,Software Development,2,953
2026-02-09,07:48:55,VS Code,Software Development,2,635
2026-02-09,07:59:30,VS Code,Software Development,2,1344
2026-02-09,08:21:55,VS Code,Software Development,2,716
2026-02-09,08:33:51,stackoverflow.com,Reference & Learning,1,961
2026-02-09,08:49:53,VS Code,Software Development,2,956
2026-02-09,09:05:50,VS Code,Software Development,2,1074
2026-02-09,09:23:45,terminal,Software Development,2,453
2026-02-09,09:31:18,slack.com,Communication,0,1055
2026-02-09,09:48:53,VS Code,Software Development,2,385
2026-02-09,09:55:18,VS Code,Software Development,2,900
2026-02-09,10:10:19,docs.google.com,Reference & Learning,1,254
2026-02-09,10:14:33,terminal,Software Development,2,201
2026-02-09,10:17:55,slack.com,Communication,0,97
2026-02-09,10:19:33,github.com,Software Development,2,243
2026-02-09,10:23:37,mail.google.com,Communication,0,136
2026-02-09,10:25:53,terminal,Software Development,2,204
2026-02-09,10:29:17,terminal,Software Development,2,196
2026-02-09,10:32:34,terminal,Software Development,2,112
2026-02-09,10:34:26,VS Code,Software Development,2,144
2026-02-09,10:36:50,VS Code,Software Development,2,182
2026-02-09,10:39:53,slack.com,Communication,0,123
2026-02-09,10:41:56,github.com,Software Development,2,100
2026-02-09,10:43:36,twitter.com,Social Media,-2,128
2026-02-09,10:45:44,youtube.com,Entertainment,-2,249
2026-02-09,10:49:54,twitter.com,Social Media,-2,83
2026-02-09,10:51:17,docs.google.com,Reference & Learning,1,51
2026-02-09,10:52:08,VS Code,Software Development,2,167
2026-02-09,10:54:56,github.com,Software Development,2,182
2026-02-09,10:57:58,VS Code,Software Development,2,62
2026-02-09,10:59:01,mail.google.com,Communication,0,255
2026-02-09,11:03:16,terminal,Software Development,2,124
2026-02-09,11:05:20,mail.google.com,Communication,0,217
2026-02-09,11:08:58,youtube.com,Entertainment,-2,233
2026-02-09,11:12:51,slack.com,Communication,0,310
2026-02-09,11:18:02,github.com,Software Development,2,336
2026-02-09,11:23:38,VS Code,Software Development,2,1347
2026-02-09,11:46:06,VS Code,Software Development,2,774
2026-02-09,11:59:01,VS Code,Software Development,2,1430
2026-02-09,12:22:51,slack.com,Communication,0,1126
2026-02-09,12:41:38,VS Code,Software Development,2,1350
2026-02-09,13:04:08,VS Code,Software Development,2,759
2026-02-09,13:16:48,terminal,Software Development,2,1106
2026-02-09,13:35:14,terminal,Software Development,2,749
2026-02-09,13:47:44,terminal,Software Development,2,318
2026-02-09,13:53:03,terminal,Software Development,2,1462
2026-02-09,14:17:25,VS Code,Software Development,2,489
2026-02-09,14:25:35,VS Code,Software Development,2,1463
2026-02-09,14:49:58,github.com,Software Development,2,646
2026-02-09,15:00:45,VS Code,Software Development,2,790
2026-02-09,15:13:56,VS Code,Software Development,2,1156
2026-02-09,15:33:12,stackoverflow.com,Reference & Learning,1,1419
2026-02-09,15:56:51,twitter.com,Social Media,-2,1047
2026-02-09,19:36:45,VS Code,Software Development,2,1446
2026-02-09,20:00:51,VS Code,Software Development,2,984
2026-02-09,20:17:15,VS Code,Software Development,2,645
2026-02-09,20:28:01,VS Code,Software Development,2,346
2026-02-09,20:33:48,VS Code,Software Development,2,574
2026-02-09,20:43:22,VS Code,Software Development,2,1478
2026-02-09,21:08:01,github.com,Software Development,2,381
2026-02-09,21:14:22,terminal,Software Development,2,1479
2026-02-09,21:39:02,github.com,Software Development,2,1367
2026-02-09,22:01:50,VS Code,Software Development,2,1107
2026-02-09,22:20:17,VS Code,Software Development,2,934
2026-02-09,22:35:52,VS Code,Software Development,2,950
2026-02-09,22:51:43,VS Code,Software Development,2,691
2026-02-09,23:03:15,VS Code,Software Development,2,1365
2026-02-09,23:26:01,VS Code,Software Development,2,396
2026-02-09,23:32:37,VS Code,Software Development,2,1488
2026-02-09,23:57:26,github.com,Software Development,2,1462
2026-02-10,00:21:48,VS Code,Software Development,2,1438
2026-02-10,00:45:46,github.com,Software Development,2,1398
2026-02-10,01:09:05,VS Code,Software Development,2,772
2026-02-10,01:21:57,VS Code,Software Development,2,1466
2026-02-10,01:46:23,VS Code,Software Development,2,966
2026-02-10,02:02:29,VS Code,Software Development,2,427
2026-02-10,02:09:36,VS Code,Software Development,2,355
2026-02-10,02:15:32,VS Code,Software Development,2,1354
2026-02-10,09:40:45,VS Code,Software Development,2,500
2026-02-10,09:49:05,VS Code,Software Development,2,1189
2026-02-10,10:08:55,VS Code,Software Development,2,1174
2026-02-10,10:28:29,VS Code,Software Development,2,676
2026-02-10,10:39:46,VS Code,Software Development,2,1129
2026-02-10,20:40:12,slack.com,Communication,0,89
2026-02-10,20:41:41,twitter.com,Social Media,-2,177
2026-02-10,20:44:38,mail.google.com,Communication,0,108
2026-02-10,20:46:27,twitter.com,Social Media,-2,228
2026-02-10,20:50:15,docs.google.com,Reference & Learning,1,292
2026-02-10,20:55:07,terminal,Software Development,2,224
2026-02-10,20:58:51,slack.com,Communication,0,203
2026-02-10,21:02:15,terminal,Software Development,2,40
2026-02-10,21:02:56,VS Code,Software Development,2,271
2026-02-10,21:07:27,stackoverflow.com,Reference & Learning,1,129
2026-02-10,21:09:36,slack.com,Communication,0,178
2026-02-10,21:12:35,youtube.com,Entertainment,-2,196
2026-02-10,21:15:51,VS Code,Software Development,2,74
2026-02-10,21:17:06,slack.com,Communication,0,80
2026-02-10,21:18:27,VS Code,Software Development,2,287
2026-02-10,21:23:14,youtube.com,Entertainment,-2,122
2026-02-10,21:25:17,slack.com,Communication,0,215
2026-02-10,21:28:52,youtube.com,Entertainment,-2,185
2026-02-10,21:31:58,slack.com,Communication,0,111
2026-02-10,21:33:49,VS Code,Software Development,2,47
2026-02-10,21:34:36,twitter.com,Social Media,-2,269
2026-02-10,21:39:06,mail.google.com,Communication,0,184
2026-02-10,21:42:10,stackoverflow.com,Reference & Learning,1,171
2026-02-10,21:45:02,youtube.com,Entertainment,-2,37
2026-02-10,21:45:40,mail.google.com,Communication,0,237
2026-02-10,21:49:38,docs.google.com,Reference & Learning,1,83
2026-02-10,21:51:01,slack.com,Communication,0,236
2026-02-10,21:54:57,stackoverflow.com,Reference & Learning,1,78
2026-02-10,21:56:15,mail.google.com,Communication,0,299
2026-02-10,22:01:15,stackoverflow.com,Reference & Learning,1,96
2026-02-10,22:02:52,mail.google.com,Communication,0,229
2026-02-10,22:06:42,youtube.com,Entertainment,-2,75
2026-02-10,22:07:58,stackoverflow.com,Reference & Learning,1,268
2026-02-10,22:12:27,slack.com,Communication,0,143
2026-02-10,22:14:50,stackoverflow.com,Reference & Learning,1,205
2026-02-10,22:18:16,VS Code,Software Development,2,138
2026-02-10,22:20:34,twitter.com,Social Media,-2,122
2026-02-10,22:22:37,twitter.com,Social Media,-2,266
2026-02-10,22:27:03,terminal,Software Development,2,72
2026-02-10,22:28:15,youtube.com,Entertainment,-2,267
2026-02-10,22:32:42,docs.google.com,Reference & Learning,1,173
2026-02-10,22:35:36,docs.google.com,Reference & Learning,1,88
2026-02-10,22:37:04,VS Code,Software Development,2,58
2026-02-10,22:38:03,github.com,Software Development,2,300
2026-02-10,22:43:04,stackoverflow.com,Reference & Learning,1,186
2026-02-10,22:46:10,slack.com,Communication,0,173
2026-02-10,22:49:04,youtube.com,Entertainment,-2,42
2026-02-10,22:49:46,slack.com,Communication,0,200
2026-02-10,22:53:07,slack.com,Communication,0,46
2026-02-10,22:53:53,github.com,Software Development,2,183
2026-02-10,22:56:57,docs.google.com,Reference & Learning,1,209
2026-02-10,23:00:27,mail.google.com,Communication,0,173
2026-02-10,23:03:20,youtube.com,Entertainment,-2,216
2026-02-10,23:06:57,terminal,Software Development,2,82
2026-02-10,23:08:20,slack.com,Communication,0,147
2026-02-10,23:10:47,VS Code,Software Development,2,300
2026-02-10,23:15:48,mail.google.com,Communication,0,58
2026-02-10,23:16:47,mail.google.com,Communication,0,322
2026-02-10,23:22:09,twitter.com,Social Media,-2,103
2026-02-10,23:23:53,twitter.com,Social Media,-2,122
2026-02-10,23:25:56,youtube.com,Entertainment,-2,55
2026-02-10,23:26:51,terminal,Software Development,2,243
2026-02-10,23:30:55,docs.google.com,Reference & Learning,1,200
2026-02-10,23:34:15,twitter.com,Social Media,-2,48
2026-02-10,23:35:04,youtube.com,Entertainment,-2,256
2026-02-10,23:39:20,docs.google.com,Reference & Learning,1,283
2026-02-10,23:44:03,stackoverflow.com,Reference & Learning,1,321
2026-02-10,23:49:25,slack.com,Communication,0,180
2026-02-10,23:52:25,VS Code,Software Development,2,295
2026-02-10,23:57:21,slack.com,Communication,0,299
2026-02-11,00:02:20,docs.google.com,Reference & Learning,1,73
2026-02-11,00:03:34,twitter.com,Social Media,-2,161
2026-02-11,00:06:16,stackoverflow.com,Reference & Learning,1,294
2026-02-11,00:11:10,terminal,Software Development,2,162
2026-02-11,00:13:52,terminal,Software Development,2,30
2026-02-11,00:14:23,docs.google.com,Reference & Learning,1,40
2026-02-11,00:15:04,slack.com,Communication,0,237
2026-02-11,00:19:01,mail.google.com,Communication,0,78
2026-02-11,00:20:20,VS Code,Software Development,2,207
2026-02-11,00:23:48,mail.google.com,Communication,0,329
2026-02-11,00:29:17,youtube.com,Entertainment,-2,150
2026-02-11,00:31:47,VS Code,Software Development,2,136
2026-02-11,00:34:04,VS Code,Software Development,2,76
2026-02-11,00:35:20,mail.google.com,Communication,0,68
2026-02-11,00:36:29,slack.com,Communication,0,128
2026-02-11,00:38:37,terminal,Software Development,2,176
2026-02-11,00:41:33,VS Code,Software Development,2,112
2026-02-11,00:43:26,twitter.com,Social Media,-2,223
2026-02-11,00:47:09,docs.google.com,Reference & Learning,1,185
2026-02-11,00:50:15,youtube.com,Entertainment,-2,55
2026-02-11,00:51:10,youtube.com,Entertainment,-2,233
2026-02-11,00:55:04,twitter.com,Social Media,-2,269
2026-02-11,00:59:34,slack.com,Communication,0,211
2026-02-11,01:03:05,docs.google.com,Reference & Learning,1,87
2026-02-11,01:04:33,stackoverflow.com,Reference & Learning,1,251
2026-02-11,01:08:45,terminal,Software Development,2,165
2026-02-11,01:11:30,stackoverflow.com,Reference & Learning,1,165
2026-02-11,01:14:16,stackoverflow.com,Reference & Learning,1,187
2026-02-11,01:17:23,VS Code,Software Development,2,110
2026-02-11,01:19:13,youtube.com,Entertainment,-2,43
2026-02-11,01:19:57,docs.google.com,Reference & Learning,1,323
2026-02-11,01:25:20,youtube.com,Entertainment,-2,104
2026-02-11,12:55:30,VS Code,Software Development,2,469
2026-02-11,13:03:20,VS Code,Software Development,2,1488
2026-02-11,13:28:08,stackoverflow.com,Reference & Learning,1,1462
2026-02-11,13:52:30,VS Code,Software Development,2,984
2026-02-11,14:08:55,VS Code,Software Development,2,653
2026-02-11,14:19:48,VS Code,Software Development,2,778
2026-02-11,20:09:36,terminal,Software Development,2,1225
2026-02-11,20:30:01,VS Code,Software Development,2,1386
2026-02-11,20:53:07,VS Code,Software Development,2,1053
2026-02-11,21:10:41,VS Code,Software Development,2,1404
2026-02-11,21:34:05,VS Code,Software Development,2,1099
2026-02-11,21:52:25,VS Code,Software Development,2,519
2026-02-11,22:01:04,VS Code,Software Development,2,1001
2026-02-11,22:17:45,VS Code,Software Development,2,1062
2026-02-11,22:35:28,VS Code,Software Development,2,969
2026-02-11,22:51:37,github.com,Software Development,2,1254
2026-02-11,23:12:32,VS Code,Software Development,2,1044
2026-02-11,23:29:57,VS Code,Software Development,2,905
2026-02-11,23:45:02,VS Code,Software Development,2,677
2026-02-11,23:56:19,VS Code,Software Development,2,489
2026-02-12,00:04:29,terminal,Software Development,2,561
2026-02-12,00:13:51,github.com,Software Development,2,986
2026-02-12,00:30:18,slack.com,Communication,0,1114
2026-02-12,00:48:52,VS Code,Software Development,2,974
2026-02-12,01:05:07,github.com,Software Development,2,926
2026-02-12,01:20:33,VS Code,Software Development,2,961
2026-02-12,01:36:34,VS Code,Software Development,2,427
2026-02-12,01:43:41,VS Code,Software Development,2,1284
2026-02-12,02:05:05,github.com,Software Development,2,599
2026-02-12,02:15:05,VS Code,Software Development,2,920
2026-02-12,02:30:25,github.com,Software Development,2,728
2026-02-12,02:42:34,VS Code,Software Development,2,1271
2026-02-12,03:03:45,VS Code,Software Development,2,608
2026-02-12,03:13:54,VS Code,Software Development,2,332
2026-02-12,03:19:27,VS Code,Software Development,2,1347
2026-02-12,03:41:55,VS Code,Software Development,2,1004
2026-02-12,03:58:39,VS Code,Software Development,2,693
2026-02-12,04:10:13,slack.com,Communication,0,474
2026-02-12,04:18:07,VS Code,Software Development,2,1234
2026-02-12,04:38:41,github.com,Software Development,2,1370
2026-02-12,05:01:32,VS Code,Software Development,2,1439
2026-02-12,05:25:31,VS Code,Software Development,2,1475
2026-02-12,05:50:07,github.com,Software Development,2,943
2026-02-12,06:05:50,VS Code,Software Development,2,400
2026-02-12,06:12:30,stackoverflow.com,Reference & Learning,1,506
2026-02-12,06:20:56,VS Code,Software Development,2,533
2026-02-12,06:29:50,VS Code,Software Development,2,1009
2026-02-12,06:46:40,terminal,Software Development,2,361
2026-02-12,06:52:41,VS Code,Software Development,2,984
2026-02-12,07:09:06,VS Code,Software Development,2,591
2026-02-12,07:18:57,VS Code,Software Development,2,1015
2026-02-12,07:35:53,VS Code,Software Development,2,1246
2026-02-12,07:56:40,VS Code,Software Development,2,1461
2026-02-12,08:21:01,VS Code,Software Development,2,480
2026-02-12,08:29:02,VS Code,Software Development,2,490
2026-02-12,08:37:13,VS Code,Software Development,2,987
2026-02-12,08:53:40,VS Code,Software Development,2,1325
2026-02-12,09:15:45,VS Code,Software Development,2,792
2026-02-12,09:28:58,VS Code,Software Development,2,1375
2026-02-12,21:17:34,VS Code,Software Development,2,302
2026-02-12,21:22:36,docs.google.com,Reference & Learning,1,321
2026-02-12,21:27:58,github.com,Software Development,2,225
2026-02-12,21:31:43,docs.google.com,Reference & Learning,1,51
2026-02-12,21:32:34,github.com,Software Development,2,256
2026-02-12,21:36:50,mail.google.com,Communication,0,197
2026-02-12,21:40:07,VS Code,Software Development,2,153
2026-02-12,21:42:41,twitter.com,Social Media,-2,260
2026-02-12,21:47:02,twitter.com,Social Media,-2,30
2026-02-12,21:47:33,youtube.com,Entertainment,-2,192
2026-02-12,21:50:45,stackoverflow.com,Reference & Learning,1,96
2026-02-12,21:52:22,stackoverflow.com,Reference & Learning,1,175
2026-02-12,21:55:17,twitter.com,Social Media,-2,128
2026-02-12,21:57:26,mail.google.com,Communication,0,46
2026-02-12,21:58:13,mail.google.com,Communication,0,112
2026-02-12,22:00:05,stackoverflow.com,Reference & Learning,1,183
2026-02-12,22:03:08,github.com,Software Development,2,255
2026-02-12,22:07:24,twitter.com,Social Media,-2,164
2026-02-12,22:10:09,VS Code,Software Development,2,67
2026-02-12,22:11:16,twitter.com,Social Media,-2,326
2026-02-12,22:16:42,twitter.com,Social Media,-2,76
2026-02-12,22:17:59,twitter.com,Social Media,-2,167
2026-02-12,22:20:47,mail.google.com,Communication,0,73
2026-02-12,22:22:00,github.com,Software Development,2,202
2026-02-12,22:25:23,mail.google.com,Communication,0,50
2026-02-12,22:26:13,slack.com,Communication,0,254
2026-02-12,22:30:28,docs.google.com,Reference & Learning,1,168
2026-02-12,22:33:17,slack.com,Communication,0,67
2026-02-12,22:34:25,github.com,Software Development,2,255
2026-02-12,22:38:40,slack.com,Communication,0,244
2026-02-12,22:42:45,mail.google.com,Communication,0,277
2026-02-12,22:47:22,VS Code,Software Development,2,1471
2026-02-12,23:11:53,VS Code,Software Development,2,1155
2026-02-12,23:31:08,VS Code,Software Development,2,1324
2026-02-12,23:53:13,VS Code,Software Development,2,771
2026-02-13,00:06:04,terminal,Software Development,2,1261
2026-02-13,00:27:06,terminal,Software Development,2,896
2026-02-13,00:42:02,youtube.com,Entertainment,-2,770
2026-02-13,00:54:53,twitter.com,Social Media,-2,1088
2026-02-13,01:13:01,VS Code,Software Development,2,750
2026-02-13,01:25:31,VS Code,Software Development,2,1403
2026-02-13,01:48:55,github.com,Software Development,2,906
2026-02-13,02:04:02,VS Code,Software Development,2,682
2026-02-13,02:15:25,VS Code,Software Development,2,336
2026-02-13,02:21:02,github.com,Software Development,2,818
2026-02-13,02:34:40,VS Code,Software Development,2,349
2026-02-13,02:40:29,stackoverflow.com,Reference & Learning,1,777
2026-02-13,02:53:26,VS Code,Software Development,2,810
2026-02-13,03:06:56,github.com,Software Development,2,1455
2026-02-13,03:31:12,VS Code,Software Development,2,482
2026-02-13,03:39:14,VS Code,Software Development,2,1323
2026-02-13,04:01:18,VS Code,Software Development,2,598
2026-02-13,04:11:17,VS Code,Software Development,2,810
2026-02-13,04:24:48,terminal,Software Development,2,1425
2026-02-13,04:48:34,VS Code,Software Development,2,1152
2026-02-13,05:07:46,VS Code,Software Development,2,446
2026-02-13,05:15:13,VS Code,Software Development,2,515
2026-02-13,13:44:44,VS Code,Software Development,2,676
2026-02-13,13:56:01,VS Code,Software Development,2,303
2026-02-13,14:01:04,VS Code,Software Development,2,345
2026-02-13,14:06:50,VS Code,Software Development,2,512
2026-02-13,14:15:23,VS Code,Software Development,2,1457
2026-02-13,14:39:40,VS Code,Software Development,2,869
2026-02-13,14:54:09,VS Code,Software Development,2,961
2026-02-13,15:10:10,youtube.com,Entertainment,-2,345
2026-02-13,15:15:56,stackoverflow.com,Reference & Learning,1,941
2026-02-13,15:31:38,VS Code,Software Development,2,654
2026-02-13,15:42:33,VS Code,Software Development,2,719
2026-02-13,15:54:32,VS Code,Software Development,2,549
2026-02-13,16:03:42,VS Code,Software Development,2,411
2026-02-13,16:10:33,VS Code,Software Development,2,331
2026-02-13,16:16:04,VS Code,Software Development,2,1433
2026-02-13,16:39:57,VS Code,Software Development,2,1442
2026-02-13,17:03:59,VS Code,Software Development,2,719
2026-02-13,17:15:59,VS Code,Software Development,2,617
2026-02-13,17:26:16,terminal,Software Development,2,831
2026-02-13,17:40:08,VS Code,Software Development,2,1134
2026-02-13,17:59:02,github.com,Software Development,2,1149
2026-02-13,18:18:12,github.com,Software Development,2,463
2026-02-13,18:25:56,VS Code,Software Development,2,1446
2026-02-13,18:50:02,VS Code,Software Development,2,1022
2026-02-13,19:07:05,github.com,Software Development,2,1106
2026-02-13,19:25:31,terminal,Software Development,2,1276
2026-02-13,19:46:48,VS Code,Software Development,2,518
2026-02-13,19:55:26,VS Code,Software Development,2,706
2026-02-13,20:07:13,terminal,Software Development,2,854
2026-02-13,20:21:27,github.com,Software Development,2,590
2026-02-13,20:31:17,VS Code,Software Development,2,507
2026-02-13,20:39:44,VS Code,Software Development,2,1170
2026-02-13,20:59:15,VS Code,Software Development,2,1347
2026-02-13,21:21:43,VS Code,Software Development,2,997
2026-02-13,21:38:21,github.com,Software Development,2,1203
2026-02-13,21:58:24,VS Code,Software Development,2,1046
2026-02-13,22:15:50,VS Code,Software Development,2,577
2026-02-13,22:25:28,docs.google.com,Reference & Learning,1,244
2026-02-13,22:29:32,VS Code,Software Development,2,268
2026-02-13,22:34:00,docs.google.com,Reference & Learning,1,33
2026-02-13,22:34:33,slack.com,Communication,0,218
2026-02-13,22:38:12,terminal,Software Development,2,185
2026-02-13,22:41:17,mail.google.com,Communication,0,170
2026-02-13,22:44:08,VS Code,Software Development,2,43
2026-02-13,22:44:51,stackoverflow.com,Reference & Learning,1,202
2026-02-13,22:48:14,docs.google.com,Reference & Learning,1,110
2026-02-13,22:50:04,youtube.com,Entertainment,-2,121
2026-02-13,22:52:05,github.com,Software Development,2,158
2026-02-13,22:54:43,github.com,Software Development,2,35
2026-02-13,22:55:19,terminal,Software Development,2,220
2026-02-13,22:58:59,github.com,Software Development,2,253
2026-02-13,23:03:13,slack.com,Communication,0,296
2026-02-13,23:08:09,slack.com,Communication,0,212
2026-02-13,23:11:41,docs.google.com,Reference & Learning,1,94
2026-02-13,23:13:15,youtube.com,Entertainment,-2,53
2026-02-13,23:14:09,twitter.com,Social Media,-2,91
2026-02-13,23:15:40,twitter.com,Social Media,-2,39
2026-02-13,23:16:20,github.com,Software Development,2,181
2026-02-13,23:19:22,slack.com,Communication,0,39
2026-02-13,23:20:01,docs.google.com,Reference & Learning,1,63
2026-02-13,23:21:05,youtube.com,Entertainment,-2,233
2026-02-13,23:24:58,github.com,Software Development,2,199
2026-02-13,23:28:18,youtube.com,Entertainment,-2,268
2026-02-13,23:32:46,github.com,Software Development,2,82
2026-02-13,23:34:09,youtube.com,Entertainment,-2,243
2026-02-13,23:38:13,slack.com,Communication,0,139
2026-02-13,23:40:32,twitter.com,Social Media,-2,96
2026-02-13,23:42:09,twitter.com,Social Media,-2,150
2026-02-13,23:44:39,github.com,Software Development,2,237
2026-02-13,23:48:37,youtube.com,Entertainment,-2,181
2026-02-13,23:51:38,slack.com,Communication,0,300
2026-02-13,23:56:39,youtube.com,Entertainment,-2,284
2026-02-14,00:01:23,slack.com,Communication,0,287
2026-02-14,00:06:11,slack.com,Communication,0,40
2026-02-14,00:06:51,twitter.com,Social Media,-2,288
2026-02-14,00:11:40,github.com,Software Development,2,167
2026-02-14,00:14:28,slack.com,Communication,0,304
2026-02-14,00:19:32,twitter.com,Social Media,-2,44
2026-02-14,00:20:17,mail.google.com,Communication,0,167
2026-02-14,00:23:05,mail.google.com,Communication,0,324
2026-02-14,00:28:29,github.com,Software Development,2,853
2026-02-14,00:42:42,github.com,Software Development,2,500
2026-02-14,00:51:03,terminal,Software Development,2,451
2026-02-14,00:58:34,VS Code,Software Development,2,1041
2026-02-14,01:15:56,VS Code,Software Development,2,1328
2026-02-14,01:38:04,VS Code,Software Development,2,588
2026-02-14,01:47:53,VS Code,Software Development,2,753
2026-02-14,02:00:27,VS Code,Software Development,2,1268
2026-02-14,02:21:36,VS Code,Software Development,2,1294
2026-02-14,02:43:10,VS Code,Software Development,2,1265
2026-02-14,03:04:16,VS Code,Software Development,2,966
2026-02-14,03:20:22,terminal,Software Development,2,429
2026-02-14,03:27:32,terminal,Software Development,2,698
2026-02-14,03:39:10,VS Code,Software Development,2,887
2026-02-14,03:53:58,slack.com,Communication,0,1330
2026-02-14,04:16:08,VS Code,Software Development,2,1182
2026-02-14,04:35:51,VS Code,Software Development,2,417
2026-02-14,04:42:48,github.com,Software Development,2,771
2026-02-14,04:55:39,terminal,Software Development,2,1420
2026-02-14,05:19:20,terminal,Software Development,2,872
2026-02-14,05:33:52,terminal,Software Development,2,1100
2026-02-14,05:52:13,github.com,Software Development,2,820
2026-02-14,06:05:54,terminal,Software Development,2,1497
2026-02-14,06:30:52,VS Code,Software Development,2,1039
2026-02-14,06:48:12,VS Code,Software Development,2,621
2026-02-14,06:58:33,VS Code,Software Development,2,1095
2026-02-14,07:16:49,VS Code,Software Development,2,1434
2026-02-14,07:40:44,terminal,Software Development,2,1288
2026-02-14,08:02:13,VS Code,Software Development,2,955
2026-02-14,08:18:08,VS Code,Software Development,2,1382
2026-02-14,08:41:10,VS Code,Software Development,2,670
2026-02-14,08:52:21,VS Code,Software Development,2,1051
2026-02-14,09:09:53,VS Code,Software Development,2,553
2026-02-14,09:19:06,github.com,Software Development,2,832
2026-02-14,09:32:58,VS Code,Software Development,2,315
2026-02-14,09:38:14,VS Code,Software Development,2,1093
2026-02-14,09:56:27,VS Code,Software Development,2,527
2026-02-14,10:05:15,github.com,Software Development,2,702
2026-02-14,10:16:57,VS Code,Software Development,2,1439
2026-02-14,10:40:56,VS Code,Software Development,2,860
2026-02-14,10:55:17,VS Code,Software Development,2,1242
2026-02-14,11:15:59,terminal,Software Development,2,801
2026-02-14,11:29:21,VS Code,Software Development,2,395
2026-02-14,11:35:56,terminal,Software Development,2,786
2026-02-14,11:49:02,VS Code,Software Development,2,871
2026-02-14,12:03:34,VS Code,Software Development,2,1009
2026-02-14,12:20:24,VS Code,Software Development,2,940
2026-02-14,12:36:04,VS Code,Software Development,2,1259
2026-02-14,12:57:03,terminal,Software Development,2,762
2026-02-14,13:09:46,VS Code,Software Development,2,1444
2026-02-14,13:33:50,VS Code,Software Development,2,306
2026-02-14,13:38:57,VS Code,Software Development,2,1101
2026-02-14,13:57:19,docs.google.com,Reference & Learning,1,1365
2026-02-14,14:20:04,VS Code,Software Development,2,1193
2026-02-14,14:39:58,terminal,Software Development,2,1161
2026-02-14,14:59:19,VS Code,Software Development,2,646
2026-02-14,15:10:06,VS Code,Software Development,2,351
2026-02-14,15:15:57,VS Code,Software Development,2,987
2026-02-14,15:32:24,github.com,Software Development,2,1484
2026-02-14,15:57:09,VS Code,Software Development,2,831
2026-02-14,16:11:00,VS Code,Software Development,2,1409
2026-02-14,16:34:30,terminal,Software Development,2,813
2026-02-15,00:55:27,VS Code,Software Development,2,1257
2026-02-15,01:16:24,VS Code,Software Development,2,1236
2026-02-15,01:37:01,VS Code,Software Development,2,1374
2026-02-15,01:59:56,VS Code,Software Development,2,951
2026-02-15,02:15:47,VS Code,Software Development,2,1075
2026-02-15,02:33:42,terminal,Software Development,2,92
2026-02-15,02:35:14,VS Code,Software Development,2,63
2026-02-15,02:36:18,github.com,Software Development,2,91
2026-02-15,02:37:50,github.com,Software Development,2,122
2026-02-15,02:39:53,terminal,Software Development,2,206
2026-02-15,02:43:19,twitter.com,Social Media,-2,256
2026-02-15,02:47:36,twitter.com,Social Media,-2,276
2026-02-15,02:52:12,twitter.com,Social Media,-2,196
2026-02-15,02:55:29,youtube.com,Entertainment,-2,97
2026-02-15,02:57:07,mail.google.com,Communication,0,81
2026-02-15,02:58:28,slack.com,Communication,0,278
2026-02-15,03:03:06,github.com,Software Development,2,312
2026-02-15,03:08:19,docs.google.com,Reference & Learning,1,55
2026-02-15,03:09:15,twitter.com,Social Media,-2,36
2026-02-15,03:09:52,github.com,Software Development,2,270
2026-02-15,03:14:22,docs.google.com,Reference & Learning,1,233
2026-02-15,03:18:15,terminal,Software Development,2,65
2026-02-15,03:19:21,youtube.com,Entertainment,-2,192
2026-02-15,03:22:34,youtube.com,Entertainment,-2,219
2026-02-15,03:26:14,github.com,Software Development,2,233
2026-02-15,03:30:07,docs.google.com,Reference & Learning,1,238
2026-02-15,03:34:06,youtube.com,Entertainment,-2,264
2026-02-15,03:38:30,stackoverflow.com,Reference & Learning,1,61
2026-02-15,03:39:32,docs.google.com,Reference & Learning,1,215
2026-02-15,03:43:07,docs.google.com,Reference & Learning,1,95
2026-02-15,03:44:43,slack.com,Communication,0,76
2026-02-15,03:46:00,VS Code,Software Development,2,134
2026-02-15,03:48:15,mail.google.com,Communication,0,157
2026-02-15,03:50:52,github.com,Software Development,2,294
2026-02-15,03:55:47,terminal,Software Development,2,75
2026-02-15,03:57:02,VS Code,Software Development,2,109
2026-02-15,03:58:51,VS Code,Software Development,2,327
2026-02-15,04:04:19,VS Code,Software Development,2,41
2026-02-15,04:05:01,mail.google.com,Communication,0,115
2026-02-15,04:06:56,github.com,Software Development,2,302
2026-02-15,04:11:58,slack.com,Communication,0,220
2026-02-15,04:15:39,docs.google.com,Reference & Learning,1,253
2026-02-15,04:19:53,twitter.com,Social Media,-2,57
2026-02-15,04:20:51,slack.com,Communication,0,126
2026-02-15,04:22:57,twitter.com,Social Media,-2,244
2026-02-15,04:27:01,youtube.com,Entertainment,-2,265
2026-02-15,04:31:27,VS Code,Software Development,2,469
2026-02-15,04:39:17,VS Code,Software Development,2,855
2026-02-15,04:53:32,VS Code,Software Development,2,1282
2026-02-15,05:14:55,VS Code,Software Development,2,657
2026-02-15,05:25:52,github.com,Software Development,2,923
2026-02-15,05:41:15,VS Code,Software Development,2,373
2026-02-15,05:47:29,github.com,Software Development,2,1289
2026-02-15,06:08:59,stackoverflow.com,Reference & Learning,1,903
2026-02-15,06:24:02,VS Code,Software Development,2,1132
2026-02-15,06:42:54,stackoverflow.com,Reference & Learning,1,1023
2026-02-15,06:59:58,VS Code,Software Development,2,1050
2026-02-15,07:17:28,VS Code,Software Development,2,1365
2026-02-15,07:40:14,terminal,Software Development,2,1369
2026-02-15,08:03:03,VS Code,Software Development,2,1433
2026-02-15,08:26:57,VS Code,Software Development,2,320
2026-02-15,08:32:17,slack.com,Communication,0,1186
2026-02-15,08:52:03,VS Code,Software Development,2,1158
2026-02-15,09:11:22,VS Code,Software Development,2,361
2026-02-15,09:17:23,github.com,Software Development,2,445
2026-02-15,09:24:49,VS Code,Software Development,2,1237
2026-02-15,09:45:27,terminal,Software Development,2,560
2026-02-15,09:54:48,terminal,Software Development,2,1431
2026-02-15,10:18:39,github.com,Software Development,2,1492
2026-02-15,10:43:32,VS Code,Software Development,2,925
2026-02-15,10:58:57,VS Code,Software Development,2,1236
2026-02-15,11:19:34,VS Code,Software Development,2,871
2026-02-15,11:34:05,github.com,Software Development,2,1487
2026-02-15,11:58:53,VS Code,Software Development,2,1412
2026-02-15,12:22:25,slack.com,Communication,0,548
2026-02-15,12:31:33,terminal,Software Development,2,971
2026-02-15,12:47:45,terminal,Software Development,2,443
2026-02-15,12:55:09,terminal,Software Development,2,1402
2026-02-15,13:18:32,github.com,Software Development,2,684
2026-02-15,13:29:56,VS Code,Software Development,2,1285
2026-02-15,13:51:22,VS Code,Software Development,2,1409
2026-02-15,14:14:51,VS Code,Software Development,2,624
2026-02-15,14:25:16,slack.com,Communication,0,1125
2026-02-15,14:44:01,VS Code,Software Development,2,1239
2026-02-15,15:04:41,VS Code,Software Development,2,1250
2026-02-15,15:25:31,VS Code,Software Development,2,423
2026-02-15,15:32:34,VS Code,Software Development,2,539
2026-02-15,15:41:33,slack.com,Communication,0,823
2026-02-15,15:55:17,VS Code,Software Development,2,878
2026-02-15,16:09:56,VS Code,Software Development,2,509
2026-02-15,16:18:25,VS Code,Software Development,2,523
2026-02-15,16:27:08,VS Code,Software Development,2,398
2026-02-15,16:33:47,VS Code,Software Development,2,1243
2026-02-15,16:54:30,twitter.com,Social Media,-2,1309
2026-02-15,17:16:20,VS Code,Software Development,2,824
2026-02-15,17:30:04,VS Code,Software Development,2,395
2026-02-15,17:36:40,VS Code,Software Development,2,1454
2026-02-15,18:00:54,terminal,Software Development,2,666
2026-02-15,18:12:01,VS Code,Software Development,2,875
2026-02-15,18:26:37,terminal,Software Development,2,737
2026-02-15,18:38:54,VS Code,Software Development,2,500
2026-02-15,18:47:14,VS Code,Software Development,2,904
2026-02-15,19:02:19,github.com,Software Development,2,446
2026-02-15,19:09:46,stackoverflow.com,Reference & Learning,1,1394
2026-02-15,19:33:00,VS Code,Software Development,2,704
2026-02-15,19:44:44,github.com,Software Development,2,428
2026-02-15,19:51:53,terminal,Software Development,2,1379
2026-02-15,20:14:53,VS Code,Software Development,2,626
2026-02-15,20:25:19,VS Code,Software Development,2,1422
2026-02-15,20:49:01,VS Code,Software Development,2,1432
2026-02-15,21:12:54,VS Code,Software Development,2,672
2026-02-15,21:24:07,terminal,Software Development,2,651
2026-02-15,21:34:58,VS Code,Software Development,2,1259
2026-02-15,21:55:58,VS Code,Software Development,2,1442
2026-02-15,22:20:00,slack.com,Communication,0,870
2026-02-15,22:34:30,VS Code,Software Development,2,521
2026-02-15,22:43:11,VS Code,Software Development,2,594
2026-02-15,22:53:06,github.com,Software Development,2,855
2026-02-15,23:07:21,VS Code,Software Development,2,1022
2026-02-15,23:24:23,VS Code,Software Development,2,555
2026-02-15,23:33:39,github.com,Software Development,2,743
2026-02-15,23:46:02,github.com,Software Development,2,715
2026-02-15,23:57:58,VS Code,Software Development,2,313
2026-02-16,00:03:12,VS Code,Software Development,2,1295
2026-02-16,00:24:48,VS Code,Software Development,2,1268
2026-02-16,00:45:57,VS Code,Software Development,2,730
2026-02-16,00:58:07,VS Code,Software Development,2,1001
2026-02-16,01:14:48,VS Code,Software Development,2,1171
2026-02-16,01:34:19,terminal,Software Development,2,896
2026-02-16,01:49:16,VS Code,Software Development,2,915
2026-02-16,02:04:31,VS Code,Software Development,2,1464
2026-02-16,02:28:55,github.com,Software Development,2,946
2026-02-16,02:44:41,terminal,Software Development,2,1406
2026-02-16,03:08:08,VS Code,Software Development,2,571
2026-02-16,03:17:39,github.com,Software Development,2,353
2026-02-16,03:23:32,VS Code,Software Development,2,320
2026-02-16,09:05:29,VS Code,Software Development,2,461
2026-02-16,09:13:11,VS Code,Software Development,2,1081
2026-02-16,09:31:12,terminal,Software Development,2,459
2026-02-16,09:38:52,VS Code,Software Development,2,488
2026-02-16,09:47:01,VS Code,Software Development,2,1140
2026-02-16,10:06:01,VS Code,Software Development,2,412
2026-02-16,10:12:54,VS Code,Software Development,2,1180
2026-02-16,10:32:34,VS Code,Software Development,2,1367
2026-02-16,10:55:22,VS Code,Software Development,2,1264
2026-02-16,11:16:26,slack.com,Communication,0,624
2026-02-16,11:26:50,VS Code,Software Development,2,592
2026-02-16,11:36:43,VS Code,Software Development,2,987
2026-02-16,11:53:11,terminal,Software Development,2,1310
2026-02-16,12:15:01,VS Code,Software Development,2,935
2026-02-16,12:30:37,VS Code,Software Development,2,1239
2026-02-16,12:51:16,VS Code,Software Development,2,1117
2026-02-16,13:09:54,stackoverflow.com,Reference & Learning,1,288
2026-02-16,13:14:42,youtube.com,Entertainment,-2,68
2026-02-16,13:15:51,mail.google.com,Communication,0,207
2026-02-16,13:19:18,terminal,Software Development,2,275
2026-02-16,13:23:54,twitter.com,Social Media,-2,107
2026-02-16,13:25:41,slack.com,Communication,0,127
2026-02-16,13:27:48,docs.google.com,Reference & Learning,1,88
2026-02-16,13:29:17,youtube.com,Entertainment,-2,195
2026-02-16,13:32:32,mail.google.com,Communication,0,115
2026-02-16,13:34:28,slack.com,Communication,0,44
2026-02-16,13:35:12,stackoverflow.com,Reference & Learning,1,272
2026-02-16,13:39:45,youtube.com,Entertainment,-2,140
2026-02-16,13:42:05,mail.google.com,Communication,0,131
2026-02-16,13:44:17,slack.com,Communication,0,129
2026-02-16,13:46:27,twitter.com,Social Media,-2,329
2026-02-16,13:51:56,twitter.com,Social Media,-2,104
2026-02-16,13:53:40,twitter.com,Social Media,-2,198
2026-02-16,13:56:59,youtube.com,Entertainment,-2,36
2026-02-16,13:57:36,docs.google.com,Reference & Learning,1,116
2026-02-16,13:59:32,terminal,Software Development,2,118
2026-02-16,14:01:30,twitter.com,Social Media,-2,70
2026-02-16,14:02:41,twitter.com,Social Media,-2,273
2026-02-16,14:07:15,VS Code,Software Development,2,156
2026-02-16,14:09:52,youtube.com,Entertainment,-2,118
2026-02-16,14:11:50,VS Code,Software Development,2,63
2026-02-16,14:12:54,slack.com,Communication,0,167
2026-02-16,14:15:42,VS Code,Software Development,2,250
2026-02-16,14:19:52,docs.google.com,Reference & Learning,1,295
2026-02-16,14:24:48,docs.google.com,Reference & Learning,1,73
2026-02-16,14:26:01,VS Code,Software Development,2,1343
2026-02-16,14:48:24,terminal,Software Development,2,1156
2026-02-16,15:07:40,VS Code,Software Development,2,816
2026-02-16,15:21:17,VS Code,Software Development,2,307
2026-02-16,15:26:25,VS Code,Software Development,2,707
2026-02-16,15:38:12,terminal,Software Development,2,551
2026-02-16,15:47:24,VS Code,Software Development,2,1051
2026-02-16,16:04:56,terminal,Software Development,2,378
2026-02-16,16:11:14,VS Code,Software Development,2,1233
2026-02-16,16:31:47,VS Code,Software Development,2,455
2026-02-16,16:39:23,VS Code,Software Development,2,1108
2026-02-16,16:57:51,github.com,Software Development,2,818
2026-02-16,17:11:29,VS Code,Software Development,2,354
2026-02-16,17:17:23,github.com,Software Development,2,1126
2026-02-16,17:36:10,terminal,Software Development,2,408
2026-02-16,17:42:58,VS Code,Software Development,2,521
2026-02-16,17:51:39,github.com,Software Development,2,1066
2026-02-16,18:09:26,VS Code,Software Development,2,1197
2026-02-16,18:29:23,github.com,Software Development,2,642
2026-02-16,18:40:06,VS Code,Software Development,2,825
2026-02-16,18:53:51,github.com,Software Development,2,1415
2026-02-16,19:17:27,VS Code,Software Development,2,1445
2026-02-16,19:41:32,stackoverflow.com,Reference & Learning,1,1396
2026-02-16,20:04:48,terminal,Software Development,2,909
2026-02-16,20:19:57,VS Code,Software Development,2,997
2026-02-16,20:36:34,terminal,Software Development,2,1131
2026-02-16,20:55:26,VS Code,Software Development,2,754
2026-02-16,21:08:00,VS Code,Software Development,2,453
2026-02-16,21:15:34,VS Code,Software Development,2,617
2026-02-16,21:25:51,VS Code,Software Development,2,1172
2026-02-16,21:45:24,terminal,Software Development,2,540
2026-02-16,21:54:24,VS Code,Software Development,2,507
2026-02-16,22:02:51,VS Code,Software Development,2,546
2026-02-16,22:11:58,VS Code,Software Development,2,1450
2026-02-16,22:36:09,VS Code,Software Development,2,378
2026-02-16,22:42:28,VS Code,Software Development,2,1217
2026-02-16,23:02:46,github.com,Software Development,2,1360
2026-02-16,23:25:26,VS Code,Software Development,2,460
2026-02-16,23:33:06,stackoverflow.com,Reference & Learning,1,528
2026-02-16,23:41:54,VS Code,Software Development,2,792
2026-02-16,23:55:06,VS Code,Software Development,2,919
2026-02-17,00:10:26,VS Code,Software Development,2,1035
2026-02-17,00:27:41,VS Code,Software Development,2,961
2026-02-17,00:43:43,slack.com,Communication,0,1271
2026-02-17,01:04:55,VS Code,Software Development,2,460
2026-02-17,01:12:35,VS Code,Software Development,2,1242
2026-02-17,01:33:17,VS Code,Software Development,2,1438
2026-02-17,01:57:15,github.com,Software Development,2,808
2026-02-17,02:10:44,VS Code,Software Development,2,1049
2026-02-17,02:28:13,VS Code,Software Development,2,1170
2026-02-17,02:47:44,slack.com,Communication,0,951
2026-02-17,03:03:36,VS Code,Software Development,2,447
2026-02-17,03:11:03,VS Code,Software Development,2,1422
2026-02-17,03:34:45,VS Code,Software Development,2,1274
2026-02-17,03:56:00,VS Code,Software Development,2,305
2026-02-17,04:01:06,VS Code,Software Development,2,902
2026-02-17,04:16:09,VS Code,Software Development,2,412
2026-02-17,04:23:01,terminal,Software Development,2,350
2026-02-17,04:28:52,VS Code,Software Development,2,1252
2026-02-17,04:49:45,VS Code,Software Development,2,1269
2026-02-17,05:10:54,terminal,Software Development,2,1470
2026-02-17,05:35:25,VS Code,Software Development,2,324
2026-02-17,05:40:50,VS Code,Software Development,2,788
2026-02-17,05:53:58,VS Code,Software Development,2,561
2026-02-17,06:03:19,VS Code,Software Development,2,392
2026-02-17,06:09:52,VS Code,Software Development,2,702
2026-02-17,06:21:35,github.com,Software Development,2,1033
2026-02-17,06:38:49,VS Code,Software Development,2,761
2026-02-17,06:51:30,VS Code,Software Development,2,941
2026-02-17,07:07:12,VS Code,Software Development,2,845
2026-02-17,07:21:17,VS Code,Software Development,2,992
2026-02-17,07:37:50,VS Code,Software Development,2,369
2026-02-17,07:43:59,slack.com,Communication,0,674
2026-02-17,07:55:14,VS Code,Software Development,2,490
2026-02-17,08:03:24,VS Code,Software Development,2,1135
2026-02-17,08:22:19,VS Code,Software Development,2,1244
2026-02-17,08:43:04,VS Code,Software Development,2,1486
2026-02-17,09:07:51,youtube.com,Entertainment,-2,134
2026-02-17,09:10:06,VS Code,Software Development,2,215
2026-02-17,09:13:41,github.com,Software Development,2,96
2026-02-17,09:15:18,VS Code,Software Development,2,182
2026-02-17,09:18:20,docs.google.com,Reference & Learning,1,196
2026-02-17,09:21:37,VS Code,Software Development,2,126
2026-02-17,09:23:44,slack.com,Communication,0,208
2026-02-17,09:27:13,terminal,Software Development,2,249
2026-02-17,09:31:22,twitter.com,Social Media,-2,235
2026-02-17,09:35:17,stackoverflow.com,Reference & Learning,1,149
2026-02-17,09:37:46,slack.com,Communication,0,297
2026-02-17,09:42:44,mail.google.com,Communication,0,167
2026-02-17,09:45:32,twitter.com,Social Media,-2,198
2026-02-17,09:48:50,slack.com,Communication,0,328
2026-02-17,09:54:18,VS Code,Software Development,2,317
2026-02-17,09:59:35,docs.google.com,Reference & Learning,1,287
2026-02-17,10:04:22,twitter.com,Social Media,-2,191
2026-02-17,10:07:34,docs.google.com,Reference & Learning,1,192
2026-02-17,10:10:47,youtube.com,Entertainment,-2,299
2026-02-17,10:15:46,github.com,Software Development,2,137
2026-02-17,10:18:04,twitter.com,Social Media,-2,66
2026-02-17,10:19:11,github.com,Software Development,2,243
2026-02-17,10:23:15,youtube.com,Entertainment,-2,278
2026-02-17,10:27:53,docs.google.com,Reference & Learning,1,268
2026-02-17,10:32:22,mail.google.com,Communication,0,223
2026-02-17,10:36:05,stackoverflow.com,Reference & Learning,1,165
2026-02-17,10:38:50,stackoverflow.com,Reference & Learning,1,162
2026-02-17,10:41:33,slack.com,Communication,0,156
2026-02-17,10:44:10,mail.google.com,Communication,0,128
2026-02-17,10:46:18,mail.google.com,Communication,0,135
2026-02-17,10:48:34,github.com,Software Development,2,136
2026-02-17,10:50:50,stackoverflow.com,Reference & Learning,1,214
2026-02-17,10:54:25,slack.com,Communication,0,265
2026-02-17,10:58:50,mail.google.com,Communication,0,169
2026-02-17,11:01:40,mail.google.com,Communication,0,75
2026-02-17,11:02:55,twitter.com,Social Media,-2,297
2026-02-17,11:07:53,twitter.com,Social Media,-2,265
2026-02-17,11:12:18,slack.com,Communication,0,103
2026-02-17,11:14:01,slack.com,Communication,0,107
2026-02-17,11:15:48,terminal,Software Development,2,327
2026-02-17,11:21:16,VS Code,Software Development,2,152
2026-02-17,11:23:48,github.com,Software Development,2,138
2026-02-17,11:26:07,VS Code,Software Development,2,95
2026-02-17,11:27:42,terminal,Software Development,2,151
2026-02-17,11:30:14,VS Code,Software Development,2,306
2026-02-17,11:35:21,docs.google.com,Reference & Learning,1,160
2026-02-17,11:38:01,stackoverflow.com,Reference & Learning,1,175
2026-02-17,11:40:56,youtube.com,Entertainment,-2,52
2026-02-17,11:41:49,stackoverflow.com,Reference & Learning,1,291
2026-02-17,11:46:40,stackoverflow.com,Reference & Learning,1,155
2026-02-17,11:49:15,slack.com,Communication,0,292
2026-02-17,11:54:08,terminal,Software Development,2,123
2026-02-17,11:56:11,slack.com,Communication,0,270
2026-02-17,12:00:42,slack.com,Communication,0,49
2026-02-17,12:01:32,terminal,Software Development,2,225
2026-02-17,12:05:17,github.com,Software Development,2,284
2026-02-17,12:10:02,slack.com,Communication,0,116
2026-02-17,12:11:58,VS Code,Software Development,2,738
2026-02-17,12:24:16,VS Code,Software Development,2,836
2026-02-17,12:38:12,VS Code,Software Development,2,1083
2026-02-17,12:56:16,VS Code,Software Development,2,489
2026-02-17,13:04:25,VS Code,Software Development,2,1110
2026-02-17,13:22:56,VS Code,Software Development,2,634
2026-02-17,13:33:31,VS Code,Software Development,2,1225
2026-02-17,13:53:56,VS Code,Software Development,2,902
2026-02-17,14:08:58,terminal,Software Development,2,1364
2026-02-17,14:31:43,VS Code,Software Development,2,1055
2026-02-17,14:49:19,terminal,Software Development,2,1302
2026-02-17,15:11:02,VS Code,Software Development,2,891
2026-02-18,03:50:03,github.com,Software Development,2,534
2026-02-18,03:58:57,VS Code,Software Development,2,1273
2026-02-18,04:20:11,VS Code,Software Development,2,1347
2026-02-18,04:42:39,github.com,Software Development,2,430
2026-02-18,04:49:49,VS Code,Software Development,2,344
2026-02-18,04:55:33,github.com,Software Development,2,1446
2026-02-18,05:19:40,VS Code,Software Development,2,1172
2026-02-18,05:39:12,VS Code,Software Development,2,999
2026-02-18,05:55:52,terminal,Software Development,2,1319
2026-02-18,06:17:51,VS Code,Software Development,2,501
2026-02-18,06:26:13,VS Code,Software Development,2,1379
2026-02-18,06:49:12,VS Code,Software Development,2,606
2026-02-18,06:59:19,VS Code,Software Development,2,444
2026-02-18,07:06:43,VS Code,Software Development,2,699
2026-02-18,07:18:23,VS Code,Software Development,2,845
2026-02-18,07:32:29,VS Code,Software Development,2,1278
2026-02-18,07:53:47,VS Code,Software Development,2,804
2026-02-18,08:07:12,VS Code,Software Development,2,992
2026-02-18,08:23:44,VS Code,Software Development,2,836
2026-02-18,08:37:41,VS Code,Software Development,2,1449
2026-02-18,09:01:50,github.com,Software Development,2,992
2026-02-18,09:18:22,VS Code,Software Development,2,459
2026-02-18,09:26:02,VS Code,Software Development,2,987
2026-02-18,09:42:30,mail.google.com,Communication,0,244
2026-02-18,09:46:34,mail.google.com,Communication,0,97
2026-02-18,09:48:12,terminal,Software Development,2,55
2026-02-18,09:49:08,slack.com,Communication,0,269
2026-02-18,09:53:38,stackoverflow.com,Reference & Learning,1,69
2026-02-18,09:54:47,docs.google.com,Reference & Learning,1,103
2026-02-18,09:56:30,mail.google.com,Communication,0,89
2026-02-18,09:58:00,twitter.com,Social Media,-2,237
2026-02-18,10:01:57,VS Code,Software Development,2,145
2026-02-18,10:04:23,slack.com,Communication,0,261
2026-02-18,10:08:44,VS Code,Software Development,2,282
2026-02-18,10:13:27,VS Code,Software Development,2,177
2026-02-18,10:16:24,slack.com,Communication,0,77
2026-02-18,10:17:41,mail.google.com,Communication,0,184
2026-02-18,10:20:46,mail.google.com,Communication,0,323
2026-02-18,10:26:09,VS Code,Software Development,2,50
2026-02-18,10:27:00,terminal,Software Development,2,144
2026-02-18,10:29:25,docs.google.com,Reference & Learning,1,184
2026-02-18,10:32:29,twitter.com,Social Media,-2,40
2026-02-18,10:33:10,VS Code,Software Development,2,260
2026-02-18,10:37:31,github.com,Software Development,2,165
2026-02-18,10:40:16,twitter.com,Social Media,-2,208
2026-02-18,10:43:45,stackoverflow.com,Reference & Learning,1,287
2026-02-18,10:48:32,github.com,Software Development,2,187
2026-02-18,10:51:39,twitter.com,Social Media,-2,84
2026-02-18,10:53:04,slack.com,Communication,0,107
2026-02-18,10:54:51,slack.com,Communication,0,275
2026-02-18,10:59:26,mail.google.com,Communication,0,193
2026-02-18,11:02:40,mail.google.com,Communication,0,60
2026-02-18,11:03:40,terminal,Software Development,2,154
2026-02-18,11:06:14,youtube.com,Entertainment,-2,301
2026-02-18,11:11:16,docs.google.com,Reference & Learning,1,387
2026-02-18,11:17:44,VS Code,Software Development,2,1081
2026-02-18,11:35:45,github.com,Software Development,2,1042
2026-02-18,11:53:07,github.com,Software Development,2,811
2026-02-18,12:06:39,VS Code,Software Development,2,1404
2026-02-18,12:30:03,VS Code,Software Development,2,366
2026-02-18,12:36:10,VS Code,Software Development,2,1281
2026-02-18,12:57:31,github.com,Software Development,2,1024
2026-02-18,13:14:35,github.com,Software Development,2,1157
2026-02-18,13:33:53,VS Code,Software Development,2,347
2026-02-18,13:39:40,VS Code,Software Development,2,1447
2026-02-18,14:03:47,VS Code,Software Development,2,1437
2026-02-18,14:27:44,VS Code,Software Development,2,1356
2026-02-18,14:50:21,VS Code,Software Development,2,848
2026-02-18,15:04:29,VS Code,Software Development,2,1426
2026-02-18,15:28:16,VS Code,Software Development,2,786
2026-02-18,15:41:22,slack.com,Communication,0,599
2026-02-18,15:51:21,VS Code,Software Development,2,1069
2026-02-18,16:09:10,terminal,Software Development,2,894
2026-02-18,16:24:05,VS Code,Software Development,2,1407
2026-02-18,16:47:32,VS Code,Software Development,2,577
2026-02-18,16:57:09,slack.com,Communication,0,167
2026-02-18,16:59:57,terminal,Software Development,2,108
2026-02-18,17:01:46,twitter.com,Social Media,-2,132
2026-02-18,17:03:58,docs.google.com,Reference & Learning,1,196
2026-02-18,17:07:15,VS Code,Software Development,2,323
2026-02-18,17:12:38,github.com,Software Development,2,245
2026-02-18,17:16:44,docs.google.com,Reference & Learning,1,219
2026-02-18,17:20:24,github.com,Software Development,2,165
2026-02-18,17:23:10,VS Code,Software Development,2,146
2026-02-18,17:25:36,docs.google.com,Reference & Learning,1,224
2026-02-18,17:29:21,twitter.com,Social Media,-2,263
2026-02-18,17:33:44,docs.google.com,Reference & Learning,1,114
2026-02-18,17:35:38,terminal,Software Development,2,197
2026-02-18,17:38:56,terminal,Software Development,2,140
2026-02-18,17:41:17,stackoverflow.com,Reference & Learning,1,33
2026-02-18,17:41:50,slack.com,Communication,0,202
2026-02-18,17:45:13,mail.google.com,Communication,0,38
2026-02-18,17:45:51,docs.google.com,Reference & Learning,1,59
2026-02-18,17:46:51,slack.com,Communication,0,287
2026-02-18,17:51:39,youtube.com,Entertainment,-2,179
2026-02-18,17:54:38,youtube.com,Entertainment,-2,166
2026-02-18,17:57:24,mail.google.com,Communication,0,175
2026-02-18,18:00:19,terminal,Software Development,2,320
2026-02-18,18:05:40,mail.google.com,Communication,0,149
2026-02-18,18:08:09,twitter.com,Social Media,-2,264
2026-02-18,18:12:34,slack.com,Communication,0,162
2026-02-18,18:15:16,terminal,Software Development,2,98
2026-02-18,18:16:54,terminal,Software Development,2,281
2026-02-18,18:21:36,terminal,Software Development,2,810
2026-02-18,18:35:07,VS Code,Software Development,2,1105
2026-02-18,18:53:32,terminal,Software Development,2,1415
2026-02-18,19:17:07,VS Code,Software Development,2,1477
2026-02-18,19:41:44,VS Code,Software Development,2,395
2026-02-18,19:48:20,VS Code,Software Development,2,753
2026-02-18,20:00:53,github.com,Software Development,2,687
2026-02-18,20:12:21,slack.com,Communication,0,693
2026-02-18,20:23:54,VS Code,Software Development,2,1000
2026-02-18,20:40:35,VS Code,Software Development,2,896
2026-02-18,20:55:31,VS Code,Software Development,2,1363
2026-02-18,21:18:14,VS Code,Software Development,2,316
2026-02-18,21:23:31,VS Code,Software Development,2,1226
2026-02-18,21:43:57,VS Code,Software Development,2,564
2026-02-18,21:53:22,VS Code,Software Development,2,1266
2026-02-18,22:14:29,terminal,Software Development,2,1430
2026-02-18,22:38:19,VS Code,Software Development,2,382
2026-02-18,22:44:42,VS Code,Software Development,2,688
2026-02-18,22:56:11,VS Code,Software Development,2,1345
2026-02-18,23:18:36,VS Code,Software Development,2,328
2026-02-18,23:24:05,VS Code,Software Development,2,817
2026-02-18,23:37:42,VS Code,Software Development,2,376
2026-02-18,23:43:59,VS Code,Software Development,2,657
2026-02-18,23:54:56,VS Code,Software Development,2,1119
2026-02-19,00:13:36,stackoverflow.com,Reference & Learning,1,494
2026-02-19,00:21:50,VS Code,Software Development,2,691
2026-02-19,00:33:22,VS Code,Software Development,2,1473
2026-02-19,00:57:55,VS Code,Software Development,2,1040
2026-02-19,01:15:16,VS Code,Software Development,2,941
2026-02-19,01:30:57,VS Code,Software Development,2,491
2026-02-19,01:39:09,VS Code,Software Development,2,358
2026-02-19,01:45:07,VS Code,Software Development,2,648
2026-02-19,01:55:56,github.com,Software Development,2,745
2026-02-19,02:08:22,github.com,Software Development,2,461
2026-02-19,02:16:03,VS Code,Software Development,2,1008
2026-02-19,02:32:51,mail.google.com,Communication,0,1242
2026-02-19,02:53:34,VS Code,Software Development,2,305
2026-02-19,02:58:40,terminal,Software Development,2,249
2026-02-19,03:02:49,youtube.com,Entertainment,-2,156
2026-02-19,03:05:25,mail.google.com,Communication,0,124
2026-02-19,03:07:29,docs.google.com,Reference & Learning,1,289
2026-02-19,03:12:19,terminal,Software Development,2,152
2026-02-19,03:14:51,slack.com,Communication,0,173
2026-02-19,03:17:45,youtube.com,Entertainment,-2,270
2026-02-19,03:22:15,twitter.com,Social Media,-2,113
2026-02-19,03:24:09,mail.google.com,Communication,0,128
2026-02-19,03:26:17,twitter.com,Social Media,-2,232
2026-02-19,03:30:10,youtube.com,Entertainment,-2,222
2026-02-19,03:33:52,slack.com,Communication,0,228
2026-02-19,03:37:41,youtube.com,Entertainment,-2,32
2026-02-19,03:38:14,twitter.com,Social Media,-2,217
2026-02-19,03:41:52,docs.google.com,Reference & Learning,1,224
2026-02-19,03:45:36,terminal,Software Development,2,138
2026-02-19,03:47:55,twitter.com,Social Media,-2,103
2026-02-19,03:49:38,stackoverflow.com,Reference & Learning,1,225
2026-02-19,03:53:24,terminal,Software Development,2,225
2026-02-19,03:57:09,slack.com,Communication,0,317
2026-02-19,04:02:26,VS Code,Software Development,2,118
2026-02-19,04:04:25,github.com,Software Development,2,159
2026-02-19,04:07:04,docs.google.com,Reference & Learning,1,225
2026-02-19,04:10:50,mail.google.com,Communication,0,108
2026-02-19,04:12:38,docs.google.com,Reference & Learning,1,119
2026-02-19,04:14:38,twitter.com,Social Media,-2,225
2026-02-19,04:18:24,terminal,Software Development,2,245
2026-02-19,04:22:29,slack.com,Communication,0,317
2026-02-19,04:27:47,terminal,Software Development,2,818
2026-02-19,04:41:25,VS Code,Software Development,2,1437
2026-02-19,05:05:23,VS Code,Software Development,2,1134
2026-02-19,05:24:18,VS Code,Software Development,2,961
2026-02-19,05:40:19,docs.google.com,Reference & Learning,1,343
2026-02-19,05:46:03,terminal,Software Development,2,1060
2026-02-19,06:03:43,VS Code,Software Development,2,1073
2026-02-19,06:21:36,VS Code,Software Development,2,920
2026-02-19,06:36:57,VS Code,Software Development,2,317
2026-02-19,06:42:14,VS Code,Software Development,2,1332
2026-02-19,07:04:26,terminal,Software Development,2,898
2026-02-19,07:19:25,VS Code,Software Development,2,1048
2026-02-19,07:36:54,VS Code,Software Development,2,733
2026-02-19,07:49:07,slack.com,Communication,0,1121
2026-02-19,08:07:48,VS Code,Software Development,2,737
2026-02-19,13:52:54,VS Code,Software Development,2,1159
2026-02-19,14:12:13,VS Code,Software Development,2,364
2026-02-19,14:18:17,VS Code,Software Development,2,623
2026-02-19,14:28:41,terminal,Software Development,2,1323
2026-02-19,14:50:44,twitter.com,Social Media,-2,1210
2026-02-19,15:10:54,VS Code,Software Development,2,1157
2026-02-19,15:30:12,VS Code,Software Development,2,1165
2026-02-19,15:49:37,VS Code,Software Development,2,340
2026-02-19,15:55:18,VS Code,Software Development,2,1175
2026-02-19,16:14:54,VS Code,Software Development,2,1232
2026-02-19,16:35:27,terminal,Software Development,2,637
2026-02-19,16:46:05,slack.com,Communication,0,1068
2026-02-19,17:03:53,VS Code,Software Development,2,946
2026-02-19,17:19:39,VS Code,Software Development,2,844
2026-02-19,17:33:44,stackoverflow.com,Reference & Learning,1,678
2026-02-19,17:45:02,VS Code,Software Development,2,598
2026-02-19,17:55:01,VS Code,Software Development,2,1367
2026-02-19,18:17:48,VS Code,Software Development,2,664
2026-02-19,18:28:53,VS Code,Software Development,2,1272
2026-02-19,18:50:05,VS Code,Software Development,2,663
2026-02-19,19:01:08,github.com,Software Development,2,1010
2026-02-19,19:17:59,VS Code,Software Development,2,710
2026-02-19,19:29:50,twitter.com,Social Media,-2,1381
2026-02-19,19:52:51,youtube.com,Entertainment,-2,71
2026-02-19,19:54:02,docs.google.com,Reference & Learning,1,302
2026-02-19,19:59:04,docs.google.com,Reference & Learning,1,286
2026-02-19,20:03:51,stackoverflow.com,Reference & Learning,1,304
2026-02-19,20:08:56,twitter.com,Social Media,-2,178
2026-02-19,20:11:54,stackoverflow.com,Reference & Learning,1,295
2026-02-19,20:16:49,VS Code,Software Development,2,248
2026-02-19,20:20:58,github.com,Software Development,2,187
2026-02-19,20:24:06,docs.google.com,Reference & Learning,1,284
2026-02-19,20:28:50,docs.google.com,Reference & Learning,1,191
2026-02-19,20:32:02,docs.google.com,Reference & Learning,1,325
2026-02-19,20:37:28,mail.google.com,Communication,0,134
2026-02-19,20:39:42,stackoverflow.com,Reference & Learning,1,56
2026-02-19,20:40:39,github.com,Software Development,2,140
2026-02-19,20:42:59,mail.google.com,Communication,0,46
2026-02-19,20:43:46,slack.com,Communication,0,99
2026-02-19,20:45:25,docs.google.com,Reference & Learning,1,166
2026-02-19,20:48:12,docs.google.com,Reference & Learning,1,260
2026-02-19,20:52:33,slack.com,Communication,0,213
2026-02-19,20:56:06,github.com,Software Development,2,116
2026-02-19,20:58:02,twitter.com,Social Media,-2,152
2026-02-19,21:00:35,youtube.com,Entertainment,-2,118
2026-02-19,21:02:33,stackoverflow.com,Reference & Learning,1,198
2026-02-19,21:05:51,slack.com,Communication,0,67
2026-02-19,21:06:58,github.com,Software Development,2,225
2026-02-19,21:10:44,youtube.com,Entertainment,-2,210
2026-02-19,21:14:14,terminal,Software Development,2,242
2026-02-19,21:18:17,slack.com,Communication,0,192
2026-02-19,21:21:29,youtube.com,Entertainment,-2,233
2026-02-19,21:25:22,docs.google.com,Reference & Learning,1,307
2026-02-19,21:30:29,twitter.com,Social Media,-2,136
2026-02-19,21:32:45,youtube.com,Entertainment,-2,272
2026-02-19,21:37:18,youtube.com,Entertainment,-2,267
2026-02-19,21:41:45,VS Code,Software Development,2,856
2026-02-19,21:56:02,VS Code,Software Development,2,319
2026-02-19,22:01:21,VS Code,Software Development,2,961
2026-02-19,22:17:22,VS Code,Software Development,2,1257
2026-02-19,22:38:20,VS Code,Software Development,2,878
2026-02-19,22:52:58,VS Code,Software Development,2,1353
2026-02-19,23:15:31,VS Code,Software Development,2,1485
2026-02-19,23:40:17,VS Code,Software Development,2,837
2026-02-19,23:54:15,VS Code,Software Development,2,1374
2026-02-20,00:17:09,VS Code,Software Development,2,783
2026-02-20,00:30:13,stackoverflow.com,Reference & Learning,1,462
2026-02-20,00:37:55,VS Code,Software Development,2,714
2026-02-20,00:49:50,github.com,Software Development,2,424
2026-02-20,00:56:54,VS Code,Software Development,2,1432
2026-02-20,01:20:47,VS Code,Software Development,2,458
2026-02-20,01:28:25,VS Code,Software Development,2,559
2026-02-20,05:02:26,VS Code,Software Development,2,1272
2026-02-20,05:23:38,VS Code,Software Development,2,1376
2026-02-20,05:46:34,VS Code,Software Development,2,308
2026-02-20,05:51:42,VS Code,Software Development,2,1013
2026-02-20,06:08:36,VS Code,Software Development,2,1247
2026-02-20,06:29:23,VS Code,Software Development,2,452
2026-02-20,06:36:56,VS Code,Software Development,2,1343
2026-02-20,06:59:19,VS Code,Software Development,2,828
2026-02-20,07:13:08,VS Code,Software Development,2,373
2026-02-20,07:19:22,VS Code,Software Development,2,408
2026-02-20,07:26:10,VS Code,Software Development,2,970
2026-02-20,07:42:21,VS Code,Software Development,2,468
2026-02-20,07:50:09,VS Code,Software Development,2,616
2026-02-20,08:00:26,VS Code,Software Development,2,317
2026-02-20,08:05:43,stackoverflow.com,Reference & Learning,1,981
2026-02-20,08:22:05,VS Code,Software Development,2,344
2026-02-20,08:27:49,terminal,Software Development,2,1061
2026-02-20,08:45:30,VS Code,Software Development,2,451
2026-02-20,08:53:02,VS Code,Software Development,2,978
2026-02-20,09:09:21,VS Code,Software Development,2,793
2026-02-20,09:22:34,VS Code,Software Development,2,364
2026-02-20,09:28:39,terminal,Software Development,2,1017
2026-02-20,09:45:37,VS Code,Software Development,2,526
2026-02-20,09:54:23,VS Code,Software Development,2,915
2026-02-20,10:09:39,VS Code,Software Development,2,851
2026-02-20,10:23:51,twitter.com,Social Media,-2,1056
2026-02-20,10:41:28,VS Code,Software Development,2,488
2026-02-20,10:49:36,VS Code,Software Development,2,714
2026-02-20,11:01:31,VS Code,Software Development,2,776
2026-02-20,11:14:28,VS Code,Software Development,2,546
2026-02-20,11:23:35,VS Code,Software Development,2,410
2026-02-20,11:30:26,terminal,Software Development,2,1326
2026-02-20,11:52:32,VS Code,Software Development,2,595
2026-02-20,12:02:28,VS Code,Software Development,2,540
2026-02-20,12:11:28,VS Code,Software Development,2,1357
2026-02-20,12:34:06,VS Code,Software Development,2,843
2026-02-20,12:48:10,VS Code,Software Development,2,871
2026-02-20,13:02:41,VS Code,Software Development,2,855
2026-02-20,13:16:57,terminal,Software Development,2,755
2026-02-20,13:29:32,VS Code,Software Development,2,933
2026-02-20,13:45:05,docs.google.com,Reference & Learning,1,1283
2026-02-20,14:06:29,VS Code,Software Development,2,1192
2026-02-20,14:26:22,VS Code,Software Development,2,438
2026-02-20,14:33:41,twitter.com,Social Media,-2,901
2026-02-20,14:48:42,VS Code,Software Development,2,1098
2026-02-20,15:07:01,VS Code,Software Development,2,1167
2026-02-20,15:26:28,VS Code,Software Development,2,935
2026-02-20,15:42:04,VS Code,Software Development,2,751
2026-02-20,15:54:36,VS Code,Software Development,2,1284
2026-02-20,16:16:00,github.com,Software Development,2,857
2026-02-20,16:30:17,VS Code,Software Development,2,412
2026-02-20,16:37:10,terminal,Software Development,2,928
2026-02-20,16:52:39,VS Code,Software Development,2,410
2026-02-20,16:59:29,VS Code,Software Development,2,824
2026-02-20,17:13:14,github.com,Software Development,2,716
2026-02-20,17:25:11,VS Code,Software Development,2,1230
2026-02-20,17:45:41,github.com,Software Development,2,710
2026-02-20,17:57:32,VS Code,Software Development,2,602
2026-02-20,18:07:35,twitter.com,Social Media,-2,1155
2026-02-20,18:26:50,terminal,Software Development,2,511
2026-02-20,18:35:21,VS Code,Software Development,2,1108
2026-02-20,18:53:49,VS Code,Software Development,2,1493
2026-02-20,19:18:43,VS Code,Software Development,2,941
2026-02-20,19:34:24,VS Code,Software Development,2,661
2026-02-20,19:45:26,VS Code,Software Development,2,1018
2026-02-20,20:02:24,mail.google.com,Communication,0,71
2026-02-20,20:03:35,docs.google.com,Reference & Learning,1,197
2026-02-20,20:06:53,twitter.com,Social Media,-2,104
2026-02-20,20:08:38,github.com,Software Development,2,73
2026-02-20,20:09:51,youtube.com,Entertainment,-2,248
2026-02-20,20:14:00,stackoverflow.com,Reference & Learning,1,75
2026-02-20,20:15:15,slack.com,Communication,0,85
2026-02-20,20:16:41,twitter.com,Social Media,-2,60
2026-02-20,20:17:41,twitter.com,Social Media,-2,225
2026-02-20,20:21:26,slack.com,Communication,0,80
2026-02-20,20:22:47,youtube.com,Entertainment,-2,127
2026-02-20,20:24:54,mail.google.com,Communication,0,82
2026-02-20,20:26:16,slack.com,Communication,0,145
2026-02-20,20:28:41,docs.google.com,Reference & Learning,1,268
2026-02-20,20:33:10,twitter.com,Social Media,-2,103
2026-02-20,20:34:53,VS Code,Software Development,2,93
2026-02-20,20:36:27,terminal,Software Development,2,291
2026-02-20,20:41:19,youtube.com,Entertainment,-2,312
2026-02-20,20:46:31,twitter.com,Social Media,-2,286
2026-02-20,20:51:18,twitter.com,Social Media,-2,231
2026-02-20,20:55:10,VS Code,Software Development,2,242
2026-02-20,20:59:12,VS Code,Software Development,2,269
2026-02-20,21:03:41,slack.com,Communication,0,326
2026-02-20,21:09:07,stackoverflow.com,Reference & Learning,1,70
2026-02-20,21:10:18,terminal,Software Development,2,297
2026-02-20,21:15:15,mail.google.com,Communication,0,68
2026-02-20,21:16:23,github.com,Software Development,2,226
2026-02-20,21:20:10,terminal,Software Development,2,113
2026-02-20,21:22:03,twitter.com,Social Media,-2,240
2026-02-20,21:26:04,twitter.com,Social Media,-2,193
2026-02-20,21:29:18,VS Code,Software Development,2,109
2026-02-20,21:31:08,terminal,Software Development,2,168
2026-02-20,21:33:56,terminal,Software Development,2,85
2026-02-20,21:35:21,mail.google.com,Communication,0,260
2026-02-20,21:39:42,youtube.com,Entertainment,-2,298
2026-02-20,21:44:40,youtube.com,Entertainment,-2,306
2026-02-20,21:49:47,VS Code,Software Development,2,113
2026-02-20,21:51:40,stackoverflow.com,Reference & Learning,1,202
2026-02-20,21:55:03,mail.google.com,Communication,0,195
2026-02-20,21:58:18,stackoverflow.com,Reference & Learning,1,60
2026-02-20,21:59:19,youtube.com,Entertainment,-2,159
2026-02-20,22:01:59,twitter.com,Social Media,-2,158
2026-02-20,22:04:38,mail.google.com,Communication,0,223
2026-02-20,22:08:21,youtube.com,Entertainment,-2,213
2026-02-20,22:11:55,docs.google.com,Reference & Learning,1,279
2026-02-20,22:16:35,docs.google.com,Reference & Learning,1,153
2026-02-20,22:19:08,terminal,Software Development,2,283
2026-02-20,22:23:51,twitter.com,Social Media,-2,118
2026-02-20,22:25:50,github.com,Software Development,2,276
2026-02-20,22:30:27,twitter.com,Social Media,-2,76
2026-02-20,22:31:43,github.com,Software Development,2,34
2026-02-20,22:32:18,docs.google.com,Reference & Learning,1,244
2026-02-20,22:36:22,github.com,Software Development,2,291
2026-02-20,22:41:14,VS Code,Software Development,2,524
2026-02-20,22:49:58,VS Code,Software Development,2,942
2026-02-20,23:05:41,slack.com,Communication,0,380
2026-02-20,23:12:02,VS Code,Software Development,2,805
2026-02-20,23:25:27,github.com,Software Development,2,448
2026-02-20,23:32:56,VS Code,Software Development,2,638
2026-02-20,23:43:35,stackoverflow.com,Reference & Learning,1,999
2026-02-21,00:00:14,VS Code,Software Development,2,916
2026-02-21,00:15:30,mail.google.com,Communication,0,1448
2026-02-21,00:39:39,VS Code,Software Development,2,1497
2026-02-21,01:04:37,VS Code,Software Development,2,1368
2026-02-21,01:27:25,terminal,Software Development,2,123
2026-02-21,01:29:29,stackoverflow.com,Reference & Learning,1,260
2026-02-21,01:33:49,VS Code,Software Development,2,312
2026-02-21,01:39:01,mail.google.com,Communication,0,44
2026-02-21,01:39:45,youtube.com,Entertainment,-2,68
2026-02-21,01:40:53,github.com,Software Development,2,132
2026-02-21,01:43:06,stackoverflow.com,Reference & Learning,1,169
2026-02-21,01:45:55,docs.google.com,Reference & Learning,1,231
2026-02-21,01:49:47,github.com,Software Development,2,297
2026-02-21,01:54:44,terminal,Software Development,2,121
2026-02-21,01:56:46,terminal,Software Development,2,161
2026-02-21,01:59:28,github.com,Software Development,2,92
2026-02-21,02:01:00,docs.google.com,Reference & Learning,1,36
2026-02-21,02:01:37,github.com,Software Development,2,150
2026-02-21,02:04:08,VS Code,Software Development,2,31
2026-02-21,02:04:39,docs.google.com,Reference & Learning,1,231
2026-02-21,02:08:30,github.com,Software Development,2,308
2026-02-21,02:13:38,mail.google.com,Communication,0,178
2026-02-21,02:16:37,VS Code,Software Development,2,71
2026-02-21,02:17:48,slack.com,Communication,0,233
2026-02-21,02:21:42,docs.google.com,Reference & Learning,1,107
2026-02-21,02:23:29,terminal,Software Development,2,315
2026-02-21,02:28:45,stackoverflow.com,Reference & Learning,1,267
2026-02-21,02:33:12,twitter.com,Social Media,-2,215
2026-02-21,02:36:48,mail.google.com,Communication,0,89
2026-02-21,02:38:17,slack.com,Communication,0,179
2026-02-21,02:41:17,stackoverflow.com,Reference & Learning,1,169
2026-02-21,02:44:06,VS Code,Software Development,2,154
2026-02-21,02:46:41,docs.google.com,Reference & Learning,1,205
2026-02-21,02:50:06,stackoverflow.com,Reference & Learning,1,253
2026-02-21,02:54:19,github.com,Software Development,2,82
2026-02-21,02:55:42,twitter.com,Social Media,-2,291
2026-02-21,03:00:33,mail.google.com,Communication,0,279
2026-02-21,03:05:12,twitter.com,Social Media,-2,303
2026-02-21,03:10:15,stackoverflow.com,Reference & Learning,1,36
2026-02-21,03:10:52,terminal,Software Development,2,66
2026-02-21,03:11:58,github.com,Software Development,2,48
2026-02-21,03:12:46,mail.google.com,Communication,0,171
2026-02-21,03:15:38,twitter.com,Social Media,-2,76
2026-02-21,03:16:55,slack.com,Communication,0,73
2026-02-21,03:18:08,VS Code,Software Development,2,165
2026-02-21,03:20:54,twitter.com,Social Media,-2,326
2026-02-21,03:26:20,VS Code,Software Development,2,173
2026-02-21,03:29:14,youtube.com,Entertainment,-2,113
2026-02-21,03:31:08,terminal,Software Development,2,152
2026-02-21,03:33:40,terminal,Software Development,2,272
2026-02-21,03:38:13,VS Code,Software Development,2,117
2026-02-21,03:40:11,docs.google.com,Reference & Learning,1,312
2026-02-21,03:45:24,github.com,Software Development,2,81
2026-02-21,03:46:45,terminal,Software Development,2,262
2026-02-21,03:51:07,mail.google.com,Communication,0,207
2026-02-21,03:54:35,github.com,Software Development,2,158
2026-02-21,03:57:14,terminal,Software Development,2,319
2026-02-21,04:02:33,twitter.com,Social Media,-2,74
2026-02-21,04:03:47,docs.google.com,Reference & Learning,1,302
2026-02-21,04:08:50,mail.google.com,Communication,0,150
2026-02-21,04:11:21,youtube.com,Entertainment,-2,197
2026-02-21,04:14:38,stackoverflow.com,Reference & Learning,1,176
2026-02-21,04:17:35,mail.google.com,Communication,0,145
2026-02-21,04:20:00,slack.com,Communication,0,317
2026-02-21,04:25:17,github.com,Software Development,2,100
2026-02-21,04:26:58,docs.google.com,Reference & Learning,1,233
2026-02-21,04:30:52,mail.google.com,Communication,0,201
2026-02-21,04:34:13,docs.google.com,Reference & Learning,1,122
2026-02-21,04:36:15,youtube.com,Entertainment,-2,216
2026-02-21,04:39:51,youtube.com,Entertainment,-2,1229
2026-02-21,05:00:21,VS Code,Software Development,2,1376
2026-02-21,05:23:17,github.com,Software Development,2,1146
2026-02-21,05:42:23,VS Code,Software Development,2,878
2026-02-21,05:57:01,VS Code,Software Development,2,742
2026-02-21,06:09:24,VS Code,Software Development,2,1073
2026-02-21,06:27:18,VS Code,Software Development,2,656
2026-02-21,06:38:14,VS Code,Software Development,2,981
2026-02-21,06:54:36,VS Code,Software Development,2,585
2026-02-21,07:04:21,VS Code,Software Development,2,1031
2026-02-21,07:21:33,VS Code,Software Development,2,593
2026-02-21,07:31:27,VS Code,Software Development,2,1394
2026-02-21,07:54:41,terminal,Software Development,2,627
2026-02-21,08:05:09,VS Code,Software Development,2,1378
2026-02-21,12:41:17,VS Code,Software Development,2,196
2026-02-21,12:44:34,slack.com,Communication,0,297
2026-02-21,12:49:31,stackoverflow.com,Reference & Learning,1,286
2026-02-21,12:54:17,stackoverflow.com,Reference & Learning,1,190
2026-02-21,12:57:27,mail.google.com,Communication,0,221
2026-02-21,13:01:08,mail.google.com,Communication,0,103
2026-02-21,13:02:52,stackoverflow.com,Reference & Learning,1,31
2026-02-21,13:03:24,twitter.com,Social Media,-2,66
2026-02-21,13:04:30,terminal,Software Development,2,306
2026-02-21,13:09:36,youtube.com,Entertainment,-2,181
2026-02-21,13:12:37,VS Code,Software Development,2,126
2026-02-21,13:14:44,youtube.com,Entertainment,-2,140
2026-02-21,13:17:04,terminal,Software Development,2,322
2026-02-21,13:22:27,twitter.com,Social Media,-2,100
2026-02-21,13:24:08,stackoverflow.com,Reference & Learning,1,190
2026-02-21,13:27:18,terminal,Software Development,2,318
2026-02-21,13:32:37,slack.com,Communication,0,302
2026-02-21,13:37:40,mail.google.com,Communication,0,155
2026-02-21,13:40:15,VS Code,Software Development,2,128
2026-02-21,13:42:23,mail.google.com,Communication,0,105
2026-02-21,13:44:08,VS Code,Software Development,2,203
2026-02-21,13:47:32,VS Code,Software Development,2,223
2026-02-21,13:51:16,twitter.com,Social Media,-2,63
2026-02-21,13:52:20,youtube.com,Entertainment,-2,42
2026-02-21,13:53:02,stackoverflow.com,Reference & Learning,1,107
2026-02-21,13:54:49,slack.com,Communication,0,127
2026-02-21,13:56:57,twitter.com,Social Media,-2,195
2026-02-21,14:00:13,docs.google.com,Reference & Learning,1,132
2026-02-21,14:02:25,VS Code,Software Development,2,153
2026-02-21,14:04:58,github.com,Software Development,2,868
2026-02-21,14:19:26,VS Code,Software Development,2,1367
2026-02-21,14:42:14,github.com,Software Development,2,841
2026-02-21,14:56:16,terminal,Software Development,2,334
2026-02-21,15:01:51,VS Code,Software Development,2,934
2026-02-21,15:17:25,VS Code,Software Development,2,745
2026-02-21,15:29:50,VS Code,Software Development,2,1336
2026-02-21,15:52:06,VS Code,Software Development,2,631
2026-02-21,16:02:37,terminal,Software Development,2,839
2026-02-21,16:16:36,VS Code,Software Development,2,607
2026-02-21,16:26:44,terminal,Software Development,2,1203
2026-02-21,16:46:47,VS Code,Software Development,2,1442
2026-02-21,17:10:49,terminal,Software Development,2,1284
2026-02-21,17:32:14,VS Code,Software Development,2,913
2026-02-21,17:47:27,VS Code,Software Development,2,882
2026-02-21,18:02:10,VS Code,Software Development,2,1469
2026-02-21,18:26:39,VS Code,Software Development,2,407
2026-02-21,18:33:27,VS Code,Software Development,2,1166
2026-02-21,18:52:53,github.com,Software Development,2,738
2026-02-21,19:05:12,VS Code,Software Development,2,909
2026-02-21,19:20:21,VS Code,Software Development,2,1009
2026-02-21,19:37:11,stackoverflow.com,Reference & Learning,1,804
2026-02-21,19:50:36,VS Code,Software Development,2,462
2026-02-21,19:58:18,VS Code,Software Development,2,357
2026-02-21,20:04:15,VS Code,Software Development,2,1497
2026-02-21,20:29:12,VS Code,Software Development,2,1277
2026-02-21,20:50:30,VS Code,Software Development,2,843
2026-02-21,21:04:33,stackoverflow.com,Reference & Learning,1,1486
2026-02-21,21:29:20,VS Code,Software Development,2,517
2026-02-21,21:37:58,VS Code,Software Development,2,818
2026-02-21,21:51:36,VS Code,Software Development,2,544
2026-02-22,15:40:44,github.com,Software Development,2,1189
2026-02-22,16:00:34,VS Code,Software Development,2,849
2026-02-22,16:14:43,VS Code,Software Development,2,717
2026-02-22,16:26:41,terminal,Software Development,2,394
2026-02-22,16:33:15,terminal,Software Development,2,761
2026-02-22,16:45:57,VS Code,Software Development,2,575
2026-02-22,16:55:33,terminal,Software Development,2,1125
2026-02-22,17:14:18,VS Code,Software Development,2,283
2026-02-22,17:19:02,mail.google.com,Communication,0,133
2026-02-22,17:21:15,docs.google.com,Reference & Learning,1,46
2026-02-22,17:22:02,VS Code,Software Development,2,166
2026-02-22,17:24:48,twitter.com,Social Media,-2,126
2026-02-22,17:26:55,stackoverflow.com,Reference & Learning,1,291
2026-02-22,17:31:46,twitter.com,Social Media,-2,71
2026-02-22,17:32:58,twitter.com,Social Media,-2,47
2026-02-22,17:33:46,twitter.com,Social Media,-2,249
2026-02-22,17:37:56,VS Code,Software Development,2,222
2026-02-22,17:41:38,docs.google.com,Reference & Learning,1,296
2026-02-22,17:46:35,mail.google.com,Communication,0,32
2026-02-22,17:47:08,VS Code,Software Development,2,211
2026-02-22,17:50:39,mail.google.com,Communication,0,197
2026-02-22,17:53:57,docs.google.com,Reference & Learning,1,206
2026-02-22,17:57:23,mail.google.com,Communication,0,95
2026-02-22,17:58:58,docs.google.com,Reference & Learning,1,54
2026-02-22,17:59:52,twitter.com,Social Media,-2,56
2026-02-22,18:00:49,twitter.com,Social Media,-2,153
2026-02-22,18:03:22,twitter.com,Social Media,-2,84
2026-02-22,18:04:47,mail.google.com,Communication,0,237
2026-02-22,18:08:44,terminal,Software Development,2,300
2026-02-22,18:13:44,youtube.com,Entertainment,-2,208
2026-02-22,18:17:13,twitter.com,Social Media,-2,227
2026-02-22,18:21:00,docs.google.com,Reference & Learning,1,117
2026-02-22,18:22:58,VS Code,Software Development,2,106
2026-02-22,18:24:44,stackoverflow.com,Reference & Learning,1,204
2026-02-22,18:28:09,github.com,Software Development,2,59
2026-02-22,18:29:09,docs.google.com,Reference & Learning,1,185
2026-02-22,18:32:14,slack.com,Communication,0,221
2026-02-22,18:35:56,terminal,Software Development,2,297
2026-02-22,18:40:54,docs.google.com,Reference & Learning,1,202
2026-02-22,18:44:16,stackoverflow.com,Reference & Learning,1,167
2026-02-22,18:47:04,docs.google.com,Reference & Learning,1,146
2026-02-22,18:49:30,youtube.com,Entertainment,-2,236
2026-02-22,18:53:26,terminal,Software Development,2,121
2026-02-22,18:55:28,mail.google.com,Communication,0,82
2026-02-22,18:56:50,twitter.com,Social Media,-2,142
2026-02-22,18:59:12,stackoverflow.com,Reference & Learning,1,163
2026-02-22,19:01:56,mail.google.com,Communication,0,165
2026-02-22,19:04:42,mail.google.com,Communication,0,83
2026-02-22,19:06:06,mail.google.com,Communication,0,152
2026-02-22,19:08:38,mail.google.com,Communication,0,282
2026-02-22,19:13:21,stackoverflow.com,Reference & Learning,1,249
2026-02-22,19:17:30,github.com,Software Development,2,182
2026-02-22,19:20:33,docs.google.com,Reference & Learning,1,131
2026-02-22,19:22:45,mail.google.com,Communication,0,105
2026-02-22,19:24:30,youtube.com,Entertainment,-2,150
2026-02-22,19:27:00,twitter.com,Social Media,-2,57
2026-02-22,19:27:58,slack.com,Communication,0,44
2026-02-22,19:28:43,youtube.com,Entertainment,-2,286
2026-02-22,19:33:29,stackoverflow.com,Reference & Learning,1,46
2026-02-22,19:34:16,VS Code,Software Development,2,46
2026-02-22,19:35:03,terminal,Software Development,2,293
2026-02-22,19:39:57,twitter.com,Social Media,-2,281
2026-02-22,19:44:38,github.com,Software Development,2,1155
2026-02-22,20:03:53,slack.com,Communication,0,1321
2026-02-22,20:25:55,VS Code,Software Development,2,1251
2026-02-22,20:46:46,VS Code,Software Development,2,505
2026-02-22,20:55:11,VS Code,Software Development,2,1036
2026-02-22,21:12:28,VS Code,Software Development,2,1195
2026-02-22,21:32:24,VS Code,Software Development,2,654
2026-02-22,21:43:18,VS Code,Software Development,2,1373
2026-02-22,22:06:11,VS Code,Software Development,2,1207
2026-02-22,22:26:19,VS Code,Software Development,2,713
2026-02-22,22:38:12,github.com,Software Development,2,887
2026-02-22,22:53:00,VS Code,Software Development,2,1204
2026-02-22,23:13:05,VS Code,Software Development,2,1493
2026-02-22,23:37:58,VS Code,Software Development,2,823
2026-02-22,23:51:42,terminal,Software Development,2,538
2026-02-23,00:00:40,VS Code,Software Development,2,788
2026-02-23,00:13:49,github.com,Software Development,2,881
2026-02-23,00:28:30,github.com,Software Development,2,664
2026-02-23,00:39:35,VS Code,Software Development,2,1127
2026-02-23,00:58:22,terminal,Software Development,2,330
2026-02-23,01:03:53,VS Code,Software Development,2,1354
2026-02-23,01:26:27,slack.com,Communication,0,1224
2026-02-23,01:46:52,VS Code,Software Development,2,428
2026-02-23,01:54:01,slack.com,Communication,0,801
2026-02-23,02:07:22,VS Code,Software Development,2,406
2026-02-23,02:14:09,VS Code,Software Development,2,332
2026-02-23,02:19:41,VS Code,Software Development,2,390
2026-02-23,02:26:12,VS Code,Software Development,2,1000
2026-02-23,02:42:52,VS Code,Software Development,2,869
2026-02-23,02:57:21,VS Code,Software Development,2,927
2026-02-23,03:12:49,VS Code,Software Development,2,1481
2026-02-23,03:37:31,VS Code,Software Development,2,1209
2026-02-23,03:57:41,VS Code,Software Development,2,1262
2026-02-23,04:18:43,slack.com,Communication,0,1262
2026-02-23,04:39:46,twitter.com,Social Media,-2,108
2026-02-23,04:41:35,mail.google.com,Communication,0,193
2026-02-23,04:44:49,twitter.com,Social Media,-2,64
2026-02-23,04:45:53,github.com,Software Development,2,246
2026-02-23,04:50:00,terminal,Software Development,2,161
2026-02-23,04:52:42,github.com,Software Development,2,322
2026-02-23,04:58:04,mail.google.com,Communication,0,234
2026-02-23,05:01:59,docs.google.com,Reference & Learning,1,216
2026-02-23,05:05:35,docs.google.com,Reference & Learning,1,107
2026-02-23,05:07:22,github.com,Software Development,2,114
2026-02-23,05:09:17,youtube.com,Entertainment,-2,189
2026-02-23,05:12:26,VS Code,Software Development,2,199
2026-02-23,05:15:45,docs.google.com,Reference & Learning,1,302
2026-02-23,05:20:47,terminal,Software Development,2,199
2026-02-23,05:24:07,VS Code,Software Development,2,86
2026-02-23,05:25:33,terminal,Software Development,2,51
2026-02-23,05:26:24,mail.google.com,Communication,0,227
2026-02-23,05:30:12,VS Code,Software Development,2,63
2026-02-23,05:31:16,github.com,Software Development,2,272
2026-02-23,05:35:48,stackoverflow.com,Reference & Learning,1,304
2026-02-23,05:40:53,stackoverflow.com,Reference & Learning,1,196
2026-02-23,05:44:09,terminal,Software Development,2,234
2026-02-23,05:48:04,terminal,Software Development,2,107
2026-02-23,05:49:52,docs.google.com,Reference & Learning,1,121
2026-02-23,05:51:53,terminal,Software Development,2,325
2026-02-23,05:57:19,docs.google.com,Reference & Learning,1,159
2026-02-23,05:59:58,terminal,Software Development,2,236
2026-02-23,06:03:54,mail.google.com,Communication,0,233
2026-02-23,06:07:47,stackoverflow.com,Reference & Learning,1,267
2026-02-23,06:12:15,mail.google.com,Communication,0,176
2026-02-23,06:15:12,docs.google.com,Reference & Learning,1,265
2026-02-23,06:19:38,docs.google.com,Reference & Learning,1,136
2026-02-23,06:21:54,slack.com,Communication,0,49
2026-02-23,06:22:44,mail.google.com,Communication,0,329
2026-02-23,06:28:13,youtube.com,Entertainment,-2,271
2026-02-23,06:32:45,slack.com,Communication,0,132
2026-02-23,06:34:57,mail.google.com,Communication,0,313
2026-02-23,06:40:10,twitter.com,Social Media,-2,291
2026-02-23,06:45:02,github.com,Software Development,2,272
2026-02-23,06:49:34,docs.google.com,Reference & Learning,1,68
2026-02-23,06:50:43,github.com,Software Development,2,272
2026-02-23,06:55:15,twitter.com,Social Media,-2,321
2026-02-23,07:00:36,youtube.com,Entertainment,-2,174
2026-02-23,07:03:31,github.com,Software Development,2,213
2026-02-23,07:07:04,slack.com,Communication,0,163
2026-02-23,07:09:48,twitter.com,Social Media,-2,82
2026-02-23,07:11:10,twitter.com,Social Media,-2,329
2026-02-23,07:16:40,mail.google.com,Communication,0,144
2026-02-23,07:19:05,slack.com,Communication,0,278
2026-02-23,07:23:43,docs.google.com,Reference & Learning,1,171
2026-02-23,07:26:35,stackoverflow.com,Reference & Learning,1,117
2026-02-23,07:28:33,slack.com,Communication,0,317
2026-02-23,07:33:50,stackoverflow.com,Reference & Learning,1,226
2026-02-23,07:37:36,github.com,Software Development,2,147
2026-02-23,07:40:04,slack.com,Communication,0,206
2026-02-23,07:43:30,twitter.com,Social Media,-2,235
2026-02-23,07:47:26,stackoverflow.com,Reference & Learning,1,151
2026-02-23,07:49:57,twitter.com,Social Media,-2,278
2026-02-23,07:54:35,twitter.com,Social Media,-2,251
2026-02-23,07:58:47,mail.google.com,Communication,0,111
2026-02-23,08:00:38,mail.google.com,Communication,0,98
2026-02-23,08:02:17,twitter.com,Social Media,-2,164
2026-02-23,08:05:02,VS Code,Software Development,2,245
2026-02-23,08:09:07,VS Code,Software Development,2,247
2026-02-23,08:13:15,VS Code,Software Development,2,283
2026-02-23,08:17:58,github.com,Software Development,2,31
2026-02-23,08:18:30,mail.google.com,Communication,0,163
2026-02-23,08:21:14,terminal,Software Development,2,300
2026-02-23,08:26:15,youtube.com,Entertainment,-2,128
2026-02-23,08:28:23,stackoverflow.com,Reference & Learning,1,200
2026-02-23,08:31:44,terminal,Software Development,2,285
2026-02-23,08:36:29,docs.google.com,Reference & Learning,1,82
2026-02-23,08:37:51,mail.google.com,Communication,0,196
2026-02-23,08:41:07,VS Code,Software Development,2,299
2026-02-23,08:46:07,mail.google.com,Communication,0,265
2026-02-23,08:50:33,github.com,Software Development,2,80
2026-02-23,08:51:54,twitter.com,Social Media,-2,159
2026-02-23,08:54:33,github.com,Software Development,2,318
2026-02-23,08:59:52,youtube.com,Entertainment,-2,87
2026-02-23,09:01:20,slack.com,Communication,0,274
2026-02-23,09:05:55,slack.com,Communication,0,42
2026-02-23,09:06:38,terminal,Software Development,2,147
2026-02-23,09:09:05,terminal,Software Development,2,1050
2026-02-23,09:26:35,VS Code,Software Development,2,450
2026-02-23,09:34:05,github.com,Software Development,2,1257
2026-02-23,09:55:03,VS Code,Software Development,2,358
2026-02-23,10:01:01,VS Code,Software Development,2,831
2026-02-23,10:14:52,VS Code,Software Development,2,711
2026-02-23,10:26:43,github.com,Software Development,2,655
2026-02-23,10:37:39,terminal,Software Development,2,702
2026-02-23,10:49:21,VS Code,Software Development,2,527
2026-02-23,10:58:08,VS Code,Software Development,2,686
2026-02-23,11:09:35,VS Code,Software Development,2,1400
2026-02-23,11:32:55,VS Code,Software Development,2,697
2026-02-23,11:44:32,VS Code,Software Development,2,1245
2026-02-23,12:05:18,VS Code,Software Development,2,1144
2026-02-23,17:02:28,VS Code,Software Development,2,606
2026-02-23,17:12:35,github.com,Software Development,2,517
2026-02-23,17:21:12,terminal,Software Development,2,714
2026-02-23,17:33:07,github.com,Software Development,2,472
2026-02-23,17:41:00,VS Code,Software Development,2,1009
2026-02-23,17:57:49,VS Code,Software Development,2,426
2026-02-23,18:04:56,VS Code,Software Development,2,1050
2026-02-23,18:22:26,VS Code,Software Development,2,1090
2026-02-23,18:40:37,VS Code,Software Development,2,1250
2026-02-23,19:01:28,VS Code,Software Development,2,1117
2026-02-23,19:20:05,terminal,Software Development,2,1028
2026-02-23,19:37:13,github.com,Software Development,2,1416
2026-02-23,20:00:50,VS Code,Software Development,2,991
2026-02-23,20:17:22,github.com,Software Development,2,334
2026-02-23,20:22:56,terminal,Software Development,2,1372
2026-02-23,20:45:49,VS Code,Software Development,2,914
2026-02-23,21:01:03,VS Code,Software Development,2,823
2026-02-23,21:14:47,terminal,Software Development,2,771
2026-02-23,21:27:38,github.com,Software Development,2,753
2026-02-23,21:40:11,VS Code,Software Development,2,1284
2026-02-23,22:01:35,slack.com,Communication,0,1194
2026-02-24,00:23:10,VS Code,Software Development,2,791
2026-02-24,00:36:22,VS Code,Software Development,2,988
2026-02-24,00:52:51,VS Code,Software Development,2,853
2026-02-24,01:07:05,github.com,Software Development,2,914
2026-02-24,01:22:19,terminal,Software Development,2,1498
2026-02-24,01:47:17,mail.google.com,Communication,0,1390
2026-02-24,02:10:28,github.com,Software Development,2,1247
2026-02-24,02:31:15,VS Code,Software Development,2,634
2026-02-24,02:41:50,VS Code,Software Development,2,1319
2026-02-24,03:03:49,VS Code,Software Development,2,537
2026-02-24,03:12:47,github.com,Software Development,2,1013
2026-02-24,03:29:40,terminal,Software Development,2,965
2026-02-24,03:45:46,VS Code,Software Development,2,1237
2026-02-24,04:06:23,slack.com,Communication,0,1340
2026-02-24,04:28:44,VS Code,Software Development,2,341
2026-02-24,04:34:25,terminal,Software Development,2,1294
2026-02-24,04:56:00,VS Code,Software Development,2,544
2026-02-24,05:05:04,VS Code,Software Development,2,1009
2026-02-24,05:21:54,VS Code,Software Development,2,464
2026-02-24,05:29:38,VS Code,Software Development,2,1117
2026-02-24,05:48:16,VS Code,Software Development,2,1046
2026-02-24,06:05:43,VS Code,Software Development,2,1353
2026-02-24,06:28:16,VS Code,Software Development,2,696
2026-02-24,06:39:52,VS Code,Software Development,2,324
2026-02-24,06:45:17,VS Code,Software Development,2,1111
2026-02-24,07:03:49,docs.google.com,Reference & Learning,1,1220
2026-02-24,07:24:09,VS Code,Software Development,2,651
2026-02-24,07:35:00,terminal,Software Development,2,1256
2026-02-24,07:55:57,VS Code,Software Development,2,304
2026-02-24,08:01:01,terminal,Software Development,2,1354
2026-02-24,08:23:36,VS Code,Software Development,2,638
2026-02-24,08:34:14,github.com,Software Development,2,1226
2026-02-24,08:54:41,docs.google.com,Reference & Learning,1,143
2026-02-24,08:57:04,mail.google.com,Communication,0,137
2026-02-24,08:59:22,github.com,Software Development,2,306
2026-02-24,09:04:28,docs.google.com,Reference & Learning,1,139
2026-02-24,09:06:48,docs.google.com,Reference & Learning,1,228
2026-02-24,09:10:36,youtube.com,Entertainment,-2,98
2026-02-24,09:12:14,slack.com,Communication,0,166
2026-02-24,09:15:00,stackoverflow.com,Reference & Learning,1,196
2026-02-24,09:18:17,slack.com,Communication,0,115
2026-02-24,09:20:12,VS Code,Software Development,2,200
2026-02-24,09:23:33,mail.google.com,Communication,0,112
2026-02-24,09:25:25,terminal,Software Development,2,170
2026-02-24,09:28:16,docs.google.com,Reference & Learning,1,136
2026-02-24,09:30:32,VS Code,Software Development,2,187
2026-02-24,09:33:39,stackoverflow.com,Reference & Learning,1,262
2026-02-24,09:38:02,mail.google.com,Communication,0,144
2026-02-24,09:40:27,slack.com,Communication,0,228
2026-02-24,09:44:15,youtube.com,Entertainment,-2,306
2026-02-24,09:49:21,VS Code,Software Development,2,137
2026-02-24,09:51:39,terminal,Software Development,2,102
2026-02-24,09:53:21,youtube.com,Entertainment,-2,65
2026-02-24,09:54:27,twitter.com,Social Media,-2,168
2026-02-24,12:43:18,github.com,Software Development,2,642
2026-02-24,12:54:01,VS Code,Software Development,2,1397
2026-02-24,13:17:19,terminal,Software Development,2,391
2026-02-24,13:23:51,VS Code,Software Development,2,1420
2026-02-24,13:47:31,VS Code,Software Development,2,1262
2026-02-24,14:08:34,VS Code,Software Development,2,1313
2026-02-24,14:30:28,VS Code,Software Development,2,318
2026-02-24,14:35:46,VS Code,Software Development,2,909
2026-02-24,14:50:55,VS Code,Software Development,2,1089
2026-02-24,15:09:05,VS Code,Software Development,2,859
2026-02-24,15:23:24,VS Code,Software Development,2,1387
2026-02-24,15:46:31,VS Code,Software Development,2,1421
2026-02-24,16:10:13,VS Code,Software Development,2,856
2026-02-24,16:24:30,VS Code,Software Development,2,1029
2026-02-24,16:41:39,slack.com,Communication,0,546
2026-02-24,16:50:45,VS Code,Software Development,2,769
2026-02-24,17:03:35,VS Code,Software Development,2,990
2026-02-24,17:20:06,VS Code,Software Development,2,576
2026-02-24,17:29:42,slack.com,Communication,0,1289
2026-02-24,17:51:12,mail.google.com,Communication,0,194
2026-02-24,17:54:26,youtube.com,Entertainment,-2,326
2026-02-24,17:59:53,stackoverflow.com,Reference & Learning,1,107
2026-02-24,18:01:40,docs.google.com,Reference & Learning,1,266
2026-02-24,18:06:06,VS Code,Software Development,2,280
2026-02-24,18:10:47,VS Code,Software Development,2,164
2026-02-24,18:13:31,docs.google.com,Reference & Learning,1,167
2026-02-24,18:16:18,docs.google.com,Reference & Learning,1,273
2026-02-24,18:20:52,docs.google.com,Reference & Learning,1,287
2026-02-24,18:25:39,twitter.com,Social Media,-2,180
2026-02-24,18:28:39,mail.google.com,Communication,0,316
2026-02-24,18:33:56,mail.google.com,Communication,0,146
2026-02-24,18:36:22,github.com,Software Development,2,124
2026-02-24,18:38:27,mail.google.com,Communication,0,125
2026-02-24,18:40:32,docs.google.com,Reference & Learning,1,303
2026-02-24,18:45:36,github.com,Software Development,2,99
2026-02-24,18:47:16,VS Code,Software Development,2,283
2026-02-24,18:51:59,github.com,Software Development,2,133
2026-02-24,18:54:12,VS Code,Software Development,2,120
2026-02-24,18:56:13,twitter.com,Social Media,-2,318
2026-02-24,19:01:32,terminal,Software Development,2,142
2026-02-24,19:03:54,twitter.com,Social Media,-2,58
2026-02-24,19:04:53,slack.com,Communication,0,103
2026-02-24,19:06:36,VS Code,Software Development,2,287
2026-02-24,19:11:23,github.com,Software Development,2,261
2026-02-24,19:15:45,youtube.com,Entertainment,-2,42
2026-02-24,19:16:28,mail.google.com,Communication,0,292
2026-02-24,19:21:20,stackoverflow.com,Reference & Learning,1,80
2026-02-24,19:22:41,stackoverflow.com,Reference & Learning,1,172
2026-02-24,19:25:33,slack.com,Communication,0,274
2026-02-24,19:30:07,slack.com,Communication,0,56
2026-02-24,19:31:04,stackoverflow.com,Reference & Learning,1,288
2026-02-24,19:35:53,mail.google.com,Communication,0,178
2026-02-24,19:38:51,slack.com,Communication,0,267
2026-02-24,19:43:19,stackoverflow.com,Reference & Learning,1,123
2026-02-24,19:45:23,docs.google.com,Reference & Learning,1,82
2026-02-24,19:46:45,VS Code,Software Development,2,131
2026-02-24,19:48:56,VS Code,Software Development,2,266
2026-02-24,19:53:22,VS Code,Software Development,2,367
2026-02-24,19:59:30,VS Code,Software Development,2,857
2026-02-24,20:13:47,VS Code,Software Development,2,1107
2026-02-24,20:32:15,VS Code,Software Development,2,801
2026-02-24,20:45:36,github.com,Software Development,2,351
2026-02-24,20:51:27,VS Code,Software Development,2,1366
2026-02-24,21:14:14,VS Code,Software Development,2,511
2026-02-24,21:22:45,VS Code,Software Development,2,585
2026-02-24,21:32:31,github.com,Software Development,2,1281
2026-02-24,21:53:52,terminal,Software Development,2,614
2026-02-24,22:04:06,terminal,Software Development,2,1051
2026-02-24,22:21:38,VS Code,Software Development,2,555
2026-02-24,22:30:54,VS Code,Software Development,2,720
2026-02-24,22:42:54,github.com,Software Development,2,314
2026-02-24,22:48:08,terminal,Software Development,2,1145
2026-02-24,23:07:14,github.com,Software Development,2,711
2026-02-24,23:19:05,VS Code,Software Development,2,1413
2026-02-24,23:42:38,github.com,Software Development,2,509
2026-02-24,23:51:08,VS Code,Software Development,2,579
2026-02-25,00:00:48,VS Code,Software Development,2,1240
2026-02-25,00:21:28,mail.google.com,Communication,0,60
2026-02-25,00:22:29,docs.google.com,Reference & Learning,1,136
2026-02-25,00:24:45,twitter.com,Social Media,-2,272
2026-02-25,00:29:18,VS Code,Software Development,2,88
2026-02-25,00:30:47,stackoverflow.com,Reference & Learning,1,171
2026-02-25,00:33:38,stackoverflow.com,Reference & Learning,1,264
2026-02-25,00:38:03,twitter.com,Social Media,-2,199
2026-02-25,00:41:23,VS Code,Software Development,2,104
2026-02-25,00:43:07,youtube.com,Entertainment,-2,44
2026-02-25,00:43:52,stackoverflow.com,Reference & Learning,1,124
2026-02-25,00:45:56,VS Code,Software Development,2,200
2026-02-25,00:49:17,docs.google.com,Reference & Learning,1,133
2026-02-25,00:51:30,slack.com,Communication,0,162
2026-02-25,00:54:12,twitter.com,Social Media,-2,136
2026-02-25,00:56:28,VS Code,Software Development,2,143
2026-02-25,00:58:51,youtube.com,Entertainment,-2,248
2026-02-25,01:03:00,github.com,Software Development,2,169
2026-02-25,01:05:49,github.com,Software Development,2,150
2026-02-25,01:08:19,twitter.com,Social Media,-2,55
2026-02-25,01:09:15,terminal,Software Development,2,48
2026-02-25,01:10:03,slack.com,Communication,0,174
2026-02-25,01:12:58,github.com,Software Development,2,294
2026-02-25,01:17:52,twitter.com,Social Media,-2,66
2026-02-25,01:18:59,VS Code,Software Development,2,290
2026-02-25,01:23:49,terminal,Software Development,2,256
2026-02-25,01:28:06,github.com,Software Development,2,313
2026-02-25,01:33:20,github.com,Software Development,2,165
2026-02-25,01:36:06,github.com,Software Development,2,89
2026-02-25,01:37:36,stackoverflow.com,Reference & Learning,1,202
2026-02-25,01:40:59,terminal,Software Development,2,32
2026-02-25,01:41:32,slack.com,Communication,0,310
2026-02-25,01:46:42,docs.google.com,Reference & Learning,1,315
2026-02-25,01:51:58,twitter.com,Social Media,-2,221
2026-02-25,01:55:39,VS Code,Software Development,2,160
2026-02-25,01:58:20,stackoverflow.com,Reference & Learning,1,109
2026-02-25,02:00:10,terminal,Software Development,2,169
2026-02-25,02:02:59,slack.com,Communication,0,114
2026-02-25,02:04:53,VS Code,Software Development,2,198
2026-02-25,02:08:11,slack.com,Communication,0,252
2026-02-25,02:12:24,github.com,Software Development,2,183
2026-02-25,02:15:28,youtube.com,Entertainment,-2,213
2026-02-25,02:19:01,VS Code,Software Development,2,285
2026-02-25,02:23:47,VS Code,Software Development,2,136
2026-02-25,02:26:03,twitter.com,Social Media,-2,73
2026-02-25,02:27:16,mail.google.com,Communication,0,182
2026-02-25,02:30:18,github.com,Software Development,2,91
2026-02-25,02:31:50,VS Code,Software Development,2,36
2026-02-25,02:32:26,slack.com,Communication,0,168
2026-02-25,02:35:15,youtube.com,Entertainment,-2,134
2026-02-25,02:37:29,VS Code,Software Development,2,295
2026-02-25,02:42:24,twitter.com,Social Media,-2,309
2026-02-25,02:47:34,stackoverflow.com,Reference & Learning,1,236
2026-02-25,02:51:30,youtube.com,Entertainment,-2,143
2026-02-25,02:53:54,slack.com,Communication,0,84
2026-02-25,02:55:18,stackoverflow.com,Reference & Learning,1,43
2026-02-25,02:56:02,github.com,Software Development,2,64
2026-02-25,02:57:06,twitter.com,Social Media,-2,276
2026-02-25,03:01:42,slack.com,Communication,0,43
2026-02-25,03:02:26,slack.com,Communication,0,47
2026-02-25,03:03:13,slack.com,Communication,0,141
2026-02-25,03:05:35,terminal,Software Development,2,274
2026-02-25,03:10:09,mail.google.com,Communication,0,125
2026-02-25,03:12:14,mail.google.com,Communication,0,204
2026-02-25,03:15:39,slack.com,Communication,0,304
2026-02-25,03:20:44,docs.google.com,Reference & Learning,1,171
2026-02-25,03:23:35,docs.google.com,Reference & Learning,1,277
2026-02-25,03:28:13,youtube.com,Entertainment,-2,71
2026-02-25,03:29:24,slack.com,Communication,0,79
2026-02-25,03:30:43,mail.google.com,Communication,0,113
2026-02-25,03:32:37,github.com,Software Development,2,152
2026-02-25,03:35:09,twitter.com,Social Media,-2,42
2026-02-25,03:35:52,twitter.com,Social Media,-2,181
2026-02-25,03:38:53,twitter.com,Social Media,-2,95
2026-02-25,03:40:29,terminal,Software Development,2,116
2026-02-25,03:42:25,stackoverflow.com,Reference & Learning,1,65
2026-02-25,03:43:30,VS Code,Software Development,2,142
2026-02-25,03:45:52,twitter.com,Social Media,-2,35
2026-02-25,03:46:27,slack.com,Communication,0,100
2026-02-25,03:48:08,terminal,Software Development,2,72
2026-02-25,03:49:20,terminal,Software Development,2,75
2026-02-25,03:50:35,slack.com,Communication,0,279
2026-02-25,03:55:15,VS Code,Software Development,2,216
2026-02-25,03:58:52,docs.google.com,Reference & Learning,1,75
2026-02-25,04:00:08,mail.google.com,Communication,0,203
2026-02-25,04:03:31,slack.com,Communication,0,103
2026-02-25,04:05:15,mail.google.com,Communication,0,200
2026-02-25,04:08:35,mail.google.com,Communication,0,76
2026-02-25,04:09:52,twitter.com,Social Media,-2,195
2026-02-25,04:13:07,github.com,Software Development,2,235
2026-02-25,04:17:03,VS Code,Software Development,2,42
2026-02-25,04:17:45,youtube.com,Entertainment,-2,220
2026-02-25,04:21:26,github.com,Software Development,2,43
2026-02-25,04:22:09,twitter.com,Social Media,-2,321
2026-02-25,04:27:31,github.com,Software Development,2,223
2026-02-25,04:31:14,mail.google.com,Communication,0,96
2026-02-25,04:32:50,terminal,Software Development,2,47
2026-02-25,04:33:38,github.com,Software Development,2,185
2026-02-25,04:36:43,VS Code,Software Development,2,57
2026-02-25,04:37:41,twitter.com,Social Media,-2,219
2026-02-25,04:41:21,youtube.com,Entertainment,-2,138
2026-02-25,04:43:39,VS Code,Software Development,2,42
2026-02-25,04:44:21,slack.com,Communication,0,126
2026-02-25,04:46:27,youtube.com,Entertainment,-2,62
2026-02-25,04:47:30,github.com,Software Development,2,189
2026-02-25,04:50:39,github.com,Software Development,2,230
2026-02-25,04:54:30,slack.com,Communication,0,268
2026-02-25,04:58:59,slack.com,Communication,0,80
2026-02-25,05:00:20,twitter.com,Social Media,-2,257
2026-02-25,05:04:37,github.com,Software Development,2,893
2026-02-25,05:19:31,VS Code,Software Development,2,1374
2026-02-25,05:42:25,VS Code,Software Development,2,628
2026-02-25,05:52:54,youtube.com,Entertainment,-2,770
2026-02-25,06:05:44,github.com,Software Development,2,772
2026-02-25,06:18:37,VS Code,Software Development,2,1339
2026-02-25,06:40:56,VS Code,Software Development,2,1245
2026-02-25,07:01:41,VS Code,Software Development,2,1167
2026-02-25,07:21:09,VS Code,Software Development,2,1417
2026-02-25,07:44:46,VS Code,Software Development,2,1121
2026-02-25,08:03:28,terminal,Software Development,2,468
2026-02-25,08:11:16,VS Code,Software Development,2,749
2026-02-25,08:23:45,VS Code,Software Development,2,400
2026-02-25,08:30:26,VS Code,Software Development,2,1184
2026-02-25,08:50:10,VS Code,Software Development,2,1293
2026-02-25,09:11:43,terminal,Software Development,2,333
2026-02-25,09:17:17,VS Code,Software Development,2,1039
2026-02-25,09:34:36,VS Code,Software Development,2,737
2026-02-25,09:46:54,github.com,Software Development,2,1422
2026-02-25,10:10:36,VS Code,Software Development,2,1397
2026-02-25,10:33:54,VS Code,Software Development,2,672
2026-02-25,10:45:06,VS Code,Software Development,2,506
2026-02-25,10:53:32,VS Code,Software Development,2,1415
2026-02-25,11:17:08,VS Code,Software Development,2,292
2026-02-25,11:22:00,terminal,Software Development,2,95
2026-02-25,11:23:36,github.com,Software Development,2,304
2026-02-25,11:28:40,docs.google.com,Reference & Learning,1,55
2026-02-25,11:29:35,slack.com,Communication,0,138
2026-02-25,11:31:54,slack.com,Communication,0,225
2026-02-25,11:35:40,VS Code,Software Development,2,119
2026-02-25,11:37:40,VS Code,Software Development,2,93
2026-02-25,11:39:13,terminal,Software Development,2,222
2026-02-25,11:42:56,twitter.com,Social Media,-2,153
2026-02-25,11:45:30,terminal,Software Development,2,60
2026-02-25,11:46:30,mail.google.com,Communication,0,95
2026-02-25,11:48:06,docs.google.com,Reference & Learning,1,176
2026-02-25,11:51:02,stackoverflow.com,Reference & Learning,1,38
2026-02-25,11:51:41,github.com,Software Development,2,160
2026-02-25,11:54:22,twitter.com,Social Media,-2,93
2026-02-25,11:55:55,twitter.com,Social Media,-2,249
2026-02-25,12:00:04,twitter.com,Social Media,-2,251
2026-02-25,12:04:16,slack.com,Communication,0,59
2026-02-25,12:05:15,slack.com,Communication,0,56
2026-02-25,12:06:12,mail.google.com,Communication,0,46
2026-02-25,12:06:58,mail.google.com,Communication,0,138
2026-02-25,12:09:17,slack.com,Communication,0,252
2026-02-25,12:13:29,mail.google.com,Communication,0,59
2026-02-25,12:14:29,slack.com,Communication,0,304
2026-02-25,12:19:34,VS Code,Software Development,2,89
2026-02-25,12:21:04,github.com,Software Development,2,146
2026-02-25,12:23:30,VS Code,Software Development,2,211
2026-02-25,12:27:02,docs.google.com,Reference & Learning,1,268
2026-02-25,12:31:30,stackoverflow.com,Reference & Learning,1,314
2026-02-25,12:36:45,terminal,Software Development,2,323
2026-02-25,12:42:09,docs.google.com,Reference & Learning,1,316
2026-02-25,12:47:25,VS Code,Software Development,2,231
2026-02-25,12:51:16,slack.com,Communication,0,145
2026-02-25,12:53:42,youtube.com,Entertainment,-2,53
2026-02-25,12:54:35,stackoverflow.com,Reference & Learning,1,186
2026-02-25,12:57:41,youtube.com,Entertainment,-2,94
2026-02-25,12:59:16,VS Code,Software Development,2,120
2026-02-25,13:01:16,terminal,Software Development,2,286
2026-02-25,13:06:02,slack.com,Communication,0,243
2026-02-25,13:10:06,VS Code,Software Development,2,324
2026-02-25,13:15:30,github.com,Software Development,2,164
2026-02-25,13:18:14,VS Code,Software Development,2,156
2026-02-25,13:20:51,VS Code,Software Development,2,143
2026-02-25,13:23:14,VS Code,Software Development,2,917
2026-02-25,13:38:31,github.com,Software Development,2,707
2026-02-25,13:50:19,VS Code,Software Development,2,1312
2026-02-25,14:12:11,VS Code,Software Development,2,772
2026-02-25,14:25:04,github.com,Software Development,2,1405
2026-02-25,14:48:29,VS Code,Software Development,2,1384
2026-02-25,15:11:34,youtube.com,Entertainment,-2,319
2026-02-25,15:16:54,github.com,Software Development,2,1283
2026-02-25,15:38:17,VS Code,Software Development,2,1069
2026-02-25,15:56:07,VS Code,Software Development,2,1055
2026-02-25,16:13:42,VS Code,Software Development,2,1073
2026-02-25,16:31:36,VS Code,Software Development,2,968
2026-02-25,16:47:44,VS Code,Software Development,2,1096
2026-02-25,17:06:00,github.com,Software Development,2,745
2026-02-25,17:18:26,terminal,Software Development,2,779
2026-02-25,17:31:25,slack.com,Communication,0,759
2026-02-25,17:44:05,VS Code,Software Development,2,425
2026-02-25,17:51:10,github.com,Software Development,2,1037
2026-02-25,18:08:28,VS Code,Software Development,2,551
2026-02-25,18:17:39,VS Code,Software Development,2,768
2026-02-25,18:30:27,terminal,Software Development,2,469
2026-02-25,18:38:16,VS Code,Software Development,2,365
2026-02-25,18:44:22,VS Code,Software Development,2,1432
2026-02-25,19:08:14,VS Code,Software Development,2,1477
2026-02-25,19:32:52,VS Code,Software Development,2,656
2026-02-25,19:43:48,VS Code,Software Development,2,1326
2026-02-25,20:05:55,terminal,Software Development,2,805
2026-02-25,20:19:20,VS Code,Software Development,2,1198
2026-02-25,20:39:19,docs.google.com,Reference & Learning,1,36
2026-02-25,20:39:56,slack.com,Communication,0,313
2026-02-25,20:45:09,docs.google.com,Reference & Learning,1,71
2026-02-25,20:46:20,stackoverflow.com,Reference & Learning,1,277
2026-02-25,20:50:58,terminal,Software Development,2,295
2026-02-25,20:55:53,twitter.com,Social Media,-2,130
2026-02-25,20:58:04,docs.google.com,Reference & Learning,1,68
2026-02-25,20:59:12,VS Code,Software Development,2,69
2026-02-25,21:00:22,slack.com,Communication,0,196
2026-02-25,21:03:38,youtube.com,Entertainment,-2,140
2026-02-25,21:05:58,youtube.com,Entertainment,-2,107
2026-02-25,21:07:45,github.com,Software Development,2,201
2026-02-25,21:11:07,stackoverflow.com,Reference & Learning,1,199
2026-02-25,21:14:26,VS Code,Software Development,2,249
2026-02-25,21:18:36,docs.google.com,Reference & Learning,1,189
2026-02-25,21:21:45,stackoverflow.com,Reference & Learning,1,205
2026-02-25,21:25:11,slack.com,Communication,0,327
2026-02-25,21:30:38,youtube.com,Entertainment,-2,317
2026-02-25,21:35:55,stackoverflow.com,Reference & Learning,1,288
2026-02-25,21:40:43,terminal,Software Development,2,173
2026-02-25,21:43:37,terminal,Software Development,2,302
2026-02-25,21:48:39,mail.google.com,Communication,0,233
2026-02-25,21:52:32,VS Code,Software Development,2,88
2026-02-25,21:54:01,twitter.com,Social Media,-2,214
2026-02-25,21:57:36,terminal,Software Development,2,227
2026-02-25,22:01:23,VS Code,Software Development,2,261
2026-02-25,22:05:44,youtube.com,Entertainment,-2,301
2026-02-25,22:10:46,youtube.com,Entertainment,-2,268
2026-02-25,22:15:14,docs.google.com,Reference & Learning,1,245
2026-02-25,22:19:19,youtube.com,Entertainment,-2,300
2026-02-25,22:24:19,VS Code,Software Development,2,101
2026-02-25,22:26:01,docs.google.com,Reference & Learning,1,299
2026-02-25,22:31:00,github.com,Software Development,2,59
2026-02-25,22:31:59,slack.com,Communication,0,274
2026-02-25,22:36:33,VS Code,Software Development,2,114
2026-02-25,22:38:28,mail.google.com,Communication,0,317
2026-02-25,22:43:45,stackoverflow.com,Reference & Learning,1,62
2026-02-25,22:44:48,mail.google.com,Communication,0,222
2026-02-25,22:48:31,youtube.com,Entertainment,-2,42
2026-02-25,22:49:13,docs.google.com,Reference & Learning,1,186
2026-02-25,22:52:20,mail.google.com,Communication,0,260
2026-02-25,22:56:40,VS Code,Software Development,2,257
2026-02-25,23:00:58,twitter.com,Social Media,-2,162
2026-02-25,23:03:40,VS Code,Software Development,2,50
2026-02-25,23:04:31,terminal,Software Development,2,266
2026-02-25,23:08:57,docs.google.com,Reference & Learning,1,277
2026-02-25,23:13:34,terminal,Software Development,2,196
2026-02-25,23:16:51,github.com,Software Development,2,79
2026-02-25,23:18:11,VS Code,Software Development,2,77
2026-02-25,23:19:28,slack.com,Communication,0,189
2026-02-25,23:22:38,github.com,Software Development,2,257
2026-02-25,23:26:55,youtube.com,Entertainment,-2,221
2026-02-25,23:30:37,docs.google.com,Reference & Learning,1,268
2026-02-25,23:35:05,twitter.com,Social Media,-2,171
2026-02-25,23:37:57,youtube.com,Entertainment,-2,237
2026-02-25,23:41:54,slack.com,Communication,0,58
2026-02-25,23:42:53,github.com,Software Development,2,252
2026-02-25,23:47:05,stackoverflow.com,Reference & Learning,1,186
2026-02-25,23:50:11,mail.google.com,Communication,0,157
2026-02-25,23:52:49,youtube.com,Entertainment,-2,33
2026-02-25,23:53:22,docs.google.com,Reference & Learning,1,46
2026-02-25,23:54:09,youtube.com,Entertainment,-2,249
2026-02-25,23:58:19,github.com,Software Development,2,167
2026-02-26,00:01:06,VS Code,Software Development,2,138
2026-02-26,00:03:25,terminal,Software Development,2,250
2026-02-26,09:10:27,github.com,Software Development,2,289
2026-02-26,09:15:16,slack.com,Communication,0,243
2026-02-26,09:19:19,mail.google.com,Communication,0,83
2026-02-26,09:20:43,terminal,Software Development,2,251
2026-02-26,09:24:54,mail.google.com,Communication,0,203
2026-02-26,09:28:18,mail.google.com,Communication,0,268
2026-02-26,09:32:46,VS Code,Software Development,2,58
2026-02-26,09:33:44,twitter.com,Social Media,-2,120
2026-02-26,09:35:45,github.com,Software Development,2,147
2026-02-26,09:38:12,VS Code,Software Development,2,236
2026-02-26,09:42:08,youtube.com,Entertainment,-2,111
2026-02-26,09:44:00,youtube.com,Entertainment,-2,309
2026-02-26,21:36:45,terminal,Software Development,2,1327
2026-02-26,21:58:52,VS Code,Software Development,2,1124
2026-02-26,22:17:36,github.com,Software Development,2,1268
2026-02-26,22:38:45,VS Code,Software Development,2,802
2026-02-26,22:52:08,VS Code,Software Development,2,790
2026-02-26,23:05:19,VS Code,Software Development,2,1425
2026-02-26,23:29:04,mail.google.com,Communication,0,62
2026-02-26,23:30:06,youtube.com,Entertainment,-2,224
2026-02-26,23:33:51,docs.google.com,Reference & Learning,1,233
2026-02-26,23:37:45,youtube.com,Entertainment,-2,241
2026-02-26,23:41:46,mail.google.com,Communication,0,308
2026-02-26,23:46:55,VS Code,Software Development,2,151
2026-02-26,23:49:26,stackoverflow.com,Reference & Learning,1,129
2026-02-26,23:51:36,twitter.com,Social Media,-2,102
2026-02-26,23:53:19,docs.google.com,Reference & Learning,1,140
2026-02-26,23:55:39,youtube.com,Entertainment,-2,326
2026-02-27,00:01:06,VS Code,Software Development,2,160
2026-02-27,00:03:46,github.com,Software Development,2,323
2026-02-27,00:09:09,slack.com,Communication,0,1263
2026-02-27,00:30:13,VS Code,Software Development,2,764
2026-02-27,00:42:57,VS Code,Software Development,2,630
2026-02-27,00:53:27,github.com,Software Development,2,878
2026-02-27,01:08:06,VS Code,Software Development,2,482
2026-02-27,01:16:08,VS Code,Software Development,2,1428
2026-02-27,01:39:57,VS Code,Software Development,2,429
2026-02-27,01:47:06,VS Code,Software Development,2,510
2026-02-27,01:55:36,VS Code,Software Development,2,560
2026-02-27,02:04:56,VS Code,Software Development,2,844
2026-02-27,02:19:01,VS Code,Software Development,2,679
2026-02-27,02:30:21,VS Code,Software Development,2,1094
2026-02-27,02:48:35,github.com,Software Development,2,442
2026-02-27,02:55:58,VS Code,Software Development,2,751
2026-02-27,03:08:29,youtube.com,Entertainment,-2,1083
2026-02-27,03:26:33,VS Code,Software Development,2,397
2026-02-27,03:33:10,VS Code,Software Development,2,1094
2026-02-27,03:51:25,VS Code,Software Development,2,489
2026-02-27,03:59:34,VS Code,Software Development,2,453
2026-02-27,04:07:08,VS Code,Software Development,2,1098
2026-02-27,04:25:27,slack.com,Communication,0,533
2026-02-27,04:34:21,VS Code,Software Development,2,460
2026-02-27,04:42:01,VS Code,Software Development,2,1044
2026-02-27,04:59:26,VS Code,Software Development,2,1239
2026-02-27,05:20:05,terminal,Software Development,2,652
2026-02-27,05:30:57,VS Code,Software Development,2,1180
2026-02-27,16:07:16,VS Code,Software Development,2,1249
2026-02-27,16:28:06,VS Code,Software Development,2,536
2026-02-27,16:37:02,VS Code,Software Development,2,785
2026-02-27,16:50:08,VS Code,Software Development,2,1064
2026-02-27,17:07:53,VS Code,Software Development,2,1301
2026-02-27,17:29:35,VS Code,Software Development,2,510
2026-02-27,17:38:05,github.com,Software Development,2,597
2026-02-27,17:48:02,terminal,Software Development,2,301
2026-02-27,17:53:04,github.com,Software Development,2,981
2026-02-27,18:09:25,stackoverflow.com,Reference & Learning,1,742
2026-02-27,18:21:48,VS Code,Software Development,2,428
2026-02-27,18:28:57,VS Code,Software Development,2,602
2026-02-27,18:38:59,VS Code,Software Development,2,1279
2026-02-27,19:00:19,VS Code,Software Development,2,1372
2026-02-27,19:23:11,VS Code,Software Development,2,838
2026-02-27,19:37:09,VS Code,Software Development,2,900
2026-02-27,19:52:10,github.com,Software Development,2,508
2026-02-27,20:00:39,github.com,Software Development,2,859
2026-02-27,20:14:59,VS Code,Software Development,2,439
2026-02-27,20:22:18,github.com,Software Development,2,1416
2026-02-27,20:45:55,VS Code,Software Development,2,653
2026-02-27,20:56:49,VS Code,Software Development,2,1250
2026-02-27,21:17:39,VS Code,Software Development,2,437
2026-02-27,21:24:57,terminal,Software Development,2,900
2026-02-27,21:39:58,github.com,Software Development,2,1478
2026-02-27,22:04:36,github.com,Software Development,2,1205
2026-02-27,22:24:42,terminal,Software Development,2,1471
2026-02-27,22:49:13,VS Code,Software Development,2,717
2026-02-27,23:01:11,VS Code,Software Development,2,981
2026-02-27,23:17:32,VS Code,Software Development,2,401
2026-02-27,23:24:14,VS Code,Software Development,2,1225
2026-02-27,23:44:39,VS Code,Software Development,2,512
2026-02-27,23:53:12,VS Code,Software Development,2,1344
2026-02-28,00:15:36,terminal,Software Development,2,648
2026-02-28,00:26:25,VS Code,Software Development,2,609
2026-02-28,11:07:14,VS Code,Software Development,2,1092
2026-02-28,11:25:27,VS Code,Software Development,2,1347
2026-02-28,11:47:55,VS Code,Software Development,2,1287
2026-02-28,12:09:22,VS Code,Software Development,2,1328
2026-02-28,12:31:31,terminal,Software Development,2,485
2026-02-28,12:39:36,github.com,Software Development,2,630
2026-02-28,12:50:07,VS Code,Software Development,2,433
2026-02-28,12:57:20,github.com,Software Development,2,774
2026-02-28,13:10:15,VS Code,Software Development,2,600
2026-02-28,13:20:15,VS Code,Software Development,2,422
2026-02-28,13:27:18,VS Code,Software Development,2,1322
2026-02-28,13:49:20,VS Code,Software Development,2,1058
2026-02-28,14:06:58,VS Code,Software Development,2,1266
2026-02-28,14:28:05,slack.com,Communication,0,653
2026-02-28,14:38:58,VS Code,Software Development,2,471
2026-02-28,14:46:50,terminal,Software Development,2,710
2026-02-28,14:58:40,mail.google.com,Communication,0,110
2026-02-28,15:00:31,youtube.com,Entertainment,-2,294
2026-02-28,15:05:25,mail.google.com,Communication,0,96
2026-02-28,15:07:02,mail.google.com,Communication,0,47
2026-02-28,15:07:50,VS Code,Software Development,2,229
2026-02-28,15:11:39,stackoverflow.com,Reference & Learning,1,246
2026-02-28,15:15:46,github.com,Software Development,2,191
2026-02-28,15:18:57,VS Code,Software Development,2,167
2026-02-28,15:21:45,youtube.com,Entertainment,-2,292
2026-02-28,15:26:38,slack.com,Communication,0,65
2026-02-28,15:27:43,VS Code,Software Development,2,45
2026-02-28,15:28:29,youtube.com,Entertainment,-2,290
2026-02-28,15:33:20,terminal,Software Development,2,33
2026-02-28,15:33:53,terminal,Software Development,2,44
2026-02-28,15:34:38,VS Code,Software Development,2,149
2026-02-28,15:37:07,stackoverflow.com,Reference & Learning,1,56
2026-02-28,15:38:04,docs.google.com,Reference & Learning,1,233
2026-02-28,15:41:57,slack.com,Communication,0,228
2026-02-28,15:45:46,twitter.com,Social Media,-2,196
2026-02-28,15:49:03,youtube.com,Entertainment,-2,83
2026-02-28,15:50:26,docs.google.com,Reference & Learning,1,79
2026-02-28,15:51:45,docs.google.com,Reference & Learning,1,290
2026-02-28,15:56:35,github.com,Software Development,2,221
2026-02-28,16:00:17,stackoverflow.com,Reference & Learning,1,40
2026-02-28,16:00:57,twitter.com,Social Media,-2,288
2026-02-28,16:05:45,stackoverflow.com,Reference & Learning,1,233
2026-02-28,16:09:39,terminal,Software Development,2,121
2026-02-28,16:11:40,mail.google.com,Communication,0,192
2026-02-28,16:14:52,github.com,Software Development,2,161
2026-02-28,16:17:33,slack.com,Communication,0,100
2026-02-28,16:19:14,youtube.com,Entertainment,-2,248
2026-02-28,16:23:22,slack.com,Communication,0,105
2026-02-28,16:25:08,terminal,Software Development,2,109
2026-02-28,16:26:57,mail.google.com,Communication,0,244
2026-02-28,16:31:01,twitter.com,Social Media,-2,165
2026-02-28,16:33:47,stackoverflow.com,Reference & Learning,1,325
2026-02-28,16:39:13,mail.google.com,Communication,0,123
2026-02-28,16:41:16,terminal,Software Development,2,106
2026-02-28,16:43:02,mail.google.com,Communication,0,271
2026-02-28,16:47:34,github.com,Software Development,2,93
2026-02-28,16:49:08,VS Code,Software Development,2,216
2026-02-28,16:52:44,terminal,Software Development,2,67
2026-02-28,16:53:51,twitter.com,Social Media,-2,51
2026-02-28,16:54:42,twitter.com,Social Media,-2,122
2026-02-28,16:56:44,docs.google.com,Reference & Learning,1,230
2026-02-28,17:00:35,mail.google.com,Communication,0,269
2026-02-28,17:05:04,terminal,Software Development,2,285
2026-02-28,17:09:49,docs.google.com,Reference & Learning,1,134
2026-02-28,17:12:04,youtube.com,Entertainment,-2,256
2026-02-28,17:16:20,VS Code,Software Development,2,325
2026-02-28,17:21:46,VS Code,Software Development,2,770
2026-02-28,17:34:36,VS Code,Software Development,2,384
2026-02-28,17:41:01,VS Code,Software Development,2,443
2026-02-28,17:48:24,github.com,Software Development,2,387
2026-02-28,17:54:52,VS Code,Software Development,2,841
2026-02-28,18:08:54,github.com,Software Development,2,621
2026-02-28,18:19:15,docs.google.com,Reference & Learning,1,877
2026-02-28,18:33:53,VS Code,Software Development,2,602
2026-02-28,18:43:55,terminal,Software Development,2,397
2026-02-28,18:50:32,VS Code,Software Development,2,1310
2026-02-28,19:12:22,VS Code,Software Development,2,385
2026-02-28,19:18:48,VS Code,Software Development,2,884
2026-02-28,19:33:33,VS Code,Software Development,2,954
2026-02-28,19:49:28,VS Code,Software Development,2,576
2026-02-28,19:59:04,terminal,Software Development,2,708
2026-02-28,20:10:53,VS Code,Software Development,2,1488
2026-02-28,20:35:41,VS Code,Software Development,2,989
2026-02-28,20:52:11,terminal,Software Development,2,910
2026-03-01,02:29:43,VS Code,Software Development,2,237
2026-03-01,02:33:40,stackoverflow.com,Reference & Learning,1,267
2026-03-01,02:38:07,github.com,Software Development,2,287
2026-03-01,02:42:55,docs.google.com,Reference & Learning,1,315
2026-03-01,02:48:11,docs.google.com,Reference & Learning,1,290
2026-03-01,02:53:02,docs.google.com,Reference & Learning,1,263
2026-03-01,02:57:25,slack.com,Communication,0,258
2026-03-01,03:01:44,youtube.com,Entertainment,-2,236
2026-03-01,03:05:40,slack.com,Communication,0,45
2026-03-01,03:06:25,mail.google.com,Communication,0,301
2026-03-01,03:11:26,slack.com,Communication,0,152
2026-03-01,03:13:59,slack.com,Communication,0,275
2026-03-01,03:18:34,VS Code,Software Development,2,179
2026-03-01,03:21:34,VS Code,Software Development,2,80
2026-03-01,03:22:55,github.com,Software Development,2,256
2026-03-01,03:27:11,github.com,Software Development,2,200
2026-03-01,03:30:31,VS Code,Software Development,2,288
2026-03-01,03:35:20,docs.google.com,Reference & Learning,1,313
2026-03-01,03:40:33,terminal,Software Development,2,149
2026-03-01,03:43:03,stackoverflow.com,Reference & Learning,1,148
2026-03-01,03:45:31,docs.google.com,Reference & Learning,1,247
2026-03-01,03:49:39,mail.google.com,Communication,0,275
2026-03-01,03:54:14,slack.com,Communication,0,106
2026-03-01,03:56:01,twitter.com,Social Media,-2,37
2026-03-01,03:56:38,slack.com,Communication,0,246
2026-03-01,04:00:45,github.com,Software Development,2,319
2026-03-01,04:06:05,github.com,Software Development,2,209
2026-03-01,04:09:34,slack.com,Communication,0,221
2026-03-01,04:13:15,mail.google.com,Communication,0,199
2026-03-01,04:16:35,mail.google.com,Communication,0,65
2026-03-01,04:17:40,github.com,Software Development,2,299
2026-03-01,04:22:40,VS Code,Software Development,2,264
2026-03-01,04:27:05,slack.com,Communication,0,289
2026-03-01,04:31:55,stackoverflow.com,Reference & Learning,1,313
2026-03-01,04:37:08,stackoverflow.com,Reference & Learning,1,159
2026-03-01,04:39:48,github.com,Software Development,2,62
2026-03-01,04:40:50,github.com,Software Development,2,173
2026-03-01,04:43:43,github.com,Software Development,2,60
2026-03-01,04:44:44,VS Code,Software Development,2,761
2026-03-01,04:57:25,VS Code,Software Development,2,1189
2026-03-01,05:17:15,terminal,Software Development,2,1133
2026-03-01,05:36:08,VS Code,Software Development,2,1234
2026-03-01,05:56:42,terminal,Software Development,2,595
2026-03-01,06:06:38,VS Code,Software Development,2,432
2026-03-01,06:13:50,VS Code,Software Development,2,352
2026-03-01,06:19:42,VS Code,Software Development,2,388
2026-03-01,06:26:11,VS Code,Software Development,2,630
2026-03-01,06:36:42,VS Code,Software Development,2,1021
2026-03-01,06:53:43,VS Code,Software Development,2,1348
2026-03-01,07:16:12,VS Code,Software Development,2,428
2026-03-01,07:23:21,VS Code,Software Development,2,1287
2026-03-01,07:44:48,VS Code,Software Development,2,492
2026-03-01,07:53:00,terminal,Software Development,2,1179
2026-03-01,08:12:39,terminal,Software Development,2,1345
2026-03-01,08:35:05,stackoverflow.com,Reference & Learning,1,306
2026-03-01,08:40:12,twitter.com,Social Media,-2,60
2026-03-01,08:41:12,github.com,Software Development,2,208
2026-03-01,08:44:41,youtube.com,Entertainment,-2,148
2026-03-01,08:47:09,slack.com,Communication,0,249
2026-03-01,08:51:19,terminal,Software Development,2,240
2026-03-01,08:55:20,twitter.com,Social Media,-2,171
2026-03-01,08:58:12,stackoverflow.com,Reference & Learning,1,71
2026-03-01,08:59:24,terminal,Software Development,2,92
2026-03-01,09:00:57,slack.com,Communication,0,146
2026-03-01,09:03:23,twitter.com,Social Media,-2,78
2026-03-01,09:04:42,mail.google.com,Communication,0,53
2026-03-01,09:05:36,stackoverflow.com,Reference & Learning,1,290
2026-03-01,09:10:26,twitter.com,Social Media,-2,117
2026-03-01,09:12:23,stackoverflow.com,Reference & Learning,1,41
2026-03-01,09:13:04,VS Code,Software Development,2,112
2026-03-01,09:14:57,terminal,Software Development,2,306
2026-03-01,09:20:04,github.com,Software Development,2,166
2026-03-01,09:22:50,slack.com,Communication,0,245
2026-03-01,09:26:55,slack.com,Communication,0,324
2026-03-01,09:32:19,github.com,Software Development,2,226
2026-03-01,09:36:06,twitter.com,Social Media,-2,55
2026-03-01,09:37:01,github.com,Software Development,2,147
2026-03-01,09:39:28,terminal,Software Development,2,148
2026-03-01,09:41:56,terminal,Software Development,2,244
2026-03-01,09:46:01,terminal,Software Development,2,54
2026-03-01,09:46:55,twitter.com,Social Media,-2,327
2026-03-01,09:52:22,terminal,Software Development,2,118
2026-03-01,09:54:20,mail.google.com,Communication,0,113
2026-03-01,09:56:14,github.com,Software Development,2,157
2026-03-01,09:58:52,mail.google.com,Communication,0,191
2026-03-01,10:02:03,VS Code,Software Development,2,272
2026-03-01,10:06:35,stackoverflow.com,Reference & Learning,1,167
2026-03-01,10:09:23,VS Code,Software Development,2,86
2026-03-01,10:10:50,terminal,Software Development,2,194
2026-03-01,10:14:04,twitter.com,Social Media,-2,274
2026-03-01,10:18:38,docs.google.com,Reference & Learning,1,168
2026-03-01,10:21:27,github.com,Software Development,2,108
2026-03-01,10:23:15,mail.google.com,Communication,0,278
2026-03-01,10:27:53,github.com,Software Development,2,295
2026-03-01,10:32:49,mail.google.com,Communication,0,251
2026-03-01,10:37:00,terminal,Software Development,2,42
2026-03-01,10:37:43,terminal,Software Development,2,293
2026-03-01,10:42:37,mail.google.com,Communication,0,310
2026-03-01,10:47:47,VS Code,Software Development,2,278
2026-03-01,10:52:26,github.com,Software Development,2,205
2026-03-01,10:55:52,youtube.com,Entertainment,-2,328
2026-03-01,11:01:20,twitter.com,Social Media,-2,112
2026-03-01,11:03:13,VS Code,Software Development,2,184
2026-03-01,11:06:18,github.com,Software Development,2,53
2026-03-01,11:07:11,twitter.com,Social Media,-2,225
2026-03-01,11:10:57,youtube.com,Entertainment,-2,34
2026-03-01,11:11:31,stackoverflow.com,Reference & Learning,1,315
2026-03-01,11:16:47,VS Code,Software Development,2,190
2026-03-01,11:19:57,stackoverflow.com,Reference & Learning,1,274
2026-03-01,11:24:32,slack.com,Communication,0,178
2026-03-01,11:27:31,twitter.com,Social Media,-2,285
2026-03-01,11:32:16,slack.com,Communication,0,248
2026-03-01,11:36:25,docs.google.com,Reference & Learning,1,149
2026-03-01,11:38:55,twitter.com,Social Media,-2,165
2026-03-01,11:41:40,docs.google.com,Reference & Learning,1,208
2026-03-01,11:45:08,slack.com,Communication,0,134
2026-03-01,11:47:23,terminal,Software Development,2,183
2026-03-01,11:50:26,docs.google.com,Reference & Learning,1,236
2026-03-01,11:54:22,stackoverflow.com,Reference & Learning,1,203
2026-03-01,11:57:45,terminal,Software Development,2,129
2026-03-01,11:59:55,VS Code,Software Development,2,50
2026-03-01,12:00:46,terminal,Software Development,2,62
2026-03-01,12:01:48,stackoverflow.com,Reference & Learning,1,209
2026-03-01,12:05:17,VS Code,Software Development,2,483
2026-03-01,12:13:20,slack.com,Communication,0,698
2026-03-01,12:24:58,VS Code,Software Development,2,607
2026-03-01,12:35:06,VS Code,Software Development,2,1208
2026-03-01,12:55:15,VS Code,Software Development,2,537
2026-03-01,13:04:12,terminal,Software Development,2,1167
2026-03-01,13:23:40,VS Code,Software Development,2,1211
2026-03-01,13:43:52,github.com,Software Development,2,706
2026-03-01,13:55:38,VS Code,Software Development,2,492
2026-03-01,14:03:51,VS Code,Software Development,2,725
2026-03-01,14:15:57,VS Code,Software Development,2,1138
2026-03-01,14:34:55,terminal,Software Development,2,1478
2026-03-01,14:59:34,terminal,Software Development,2,1498
2026-03-01,15:24:33,slack.com,Communication,0,591
2026-03-01,15:34:24,VS Code,Software Development,2,380
2026-03-01,15:40:45,VS Code,Software Development,2,790
2026-03-01,15:53:56,VS Code,Software Development,2,1210
2026-03-01,16:14:06,VS Code,Software Development,2,851
2026-03-01,16:28:17,github.com,Software Development,2,94
2026-03-01,16:29:51,youtube.com,Entertainment,-2,276
2026-03-01,16:34:28,twitter.com,Social Media,-2,176
2026-03-01,16:37:24,terminal,Software Development,2,243
2026-03-01,16:41:28,docs.google.com,Reference & Learning,1,191
2026-03-01,16:44:39,terminal,Software Development,2,203
2026-03-01,16:48:03,VS Code,Software Development,2,290
2026-03-01,16:52:54,github.com,Software Development,2,280
2026-03-01,16:57:35,mail.google.com,Communication,0,245
2026-03-01,17:01:40,github.com,Software Development,2,36
2026-03-01,17:02:17,terminal,Software Development,2,281
2026-03-01,17:06:58,terminal,Software Development,2,85
2026-03-01,17:08:24,terminal,Software Development,2,214
2026-03-01,17:11:58,mail.google.com,Communication,0,77
2026-03-01,17:13:16,twitter.com,Social Media,-2,297
2026-03-01,17:18:14,github.com,Software Development,2,113
2026-03-01,17:20:07,twitter.com,Social Media,-2,213
2026-03-01,17:23:41,VS Code,Software Development,2,272
2026-03-01,17:28:14,slack.com,Communication,0,106
2026-03-01,17:30:00,terminal,Software Development,2,40
2026-03-01,17:30:41,github.com,Software Development,2,68
2026-03-01,17:31:49,VS Code,Software Development,2,94
2026-03-01,17:33:23,mail.google.com,Communication,0,265
2026-03-01,17:37:49,youtube.com,Entertainment,-2,137
2026-03-01,17:40:06,docs.google.com,Reference & Learning,1,329
2026-03-01,17:45:36,stackoverflow.com,Reference & Learning,1,212
2026-03-01,17:49:09,twitter.com,Social Media,-2,243
2026-03-01,17:53:12,stackoverflow.com,Reference & Learning,1,225
2026-03-01,17:56:57,github.com,Software Development,2,193
2026-03-01,18:00:11,stackoverflow.com,Reference & Learning,1,101
2026-03-01,18:01:52,slack.com,Communication,0,192
2026-03-01,18:05:04,slack.com,Communication,0,315
2026-03-01,18:10:20,youtube.com,Entertainment,-2,192
2026-03-01,18:13:33,VS Code,Software Development,2,223
2026-03-01,18:17:16,stackoverflow.com,Reference & Learning,1,153
2026-03-01,18:19:50,stackoverflow.com,Reference & Learning,1,310
2026-03-01,18:25:01,VS Code,Software Development,2,321
2026-03-01,18:30:22,youtube.com,Entertainment,-2,267
2026-03-01,18:34:49,terminal,Software Development,2,133
2026-03-01,18:37:03,twitter.com,Social Media,-2,223
2026-03-01,18:40:46,mail.google.com,Communication,0,257
2026-03-01,18:45:03,terminal,Software Development,2,329
2026-03-01,18:50:33,stackoverflow.com,Reference & Learning,1,59
2026-03-01,18:51:32,slack.com,Communication,0,256
2026-03-01,18:55:49,slack.com,Communication,0,120
2026-03-01,18:57:50,mail.google.com,Communication,0,234
2026-03-01,19:01:44,twitter.com,Social Media,-2,303
2026-03-02,07:03:04,VS Code,Software Development,2,164
2026-03-02,07:05:48,mail.google.com,Communication,0,124
2026-03-02,07:07:52,slack.com,Communication,0,114
2026-03-02,07:09:46,VS Code,Software Development,2,139
2026-03-02,07:12:05,youtube.com,Entertainment,-2,221
2026-03-02,07:15:47,stackoverflow.com,Reference & Learning,1,135
2026-03-02,07:18:03,twitter.com,Social Media,-2,323
2026-03-02,07:23:27,VS Code,Software Development,2,116
2026-03-02,07:25:23,VS Code,Software Development,2,191
2026-03-02,07:28:34,VS Code,Software Development,2,74
2026-03-02,07:29:49,mail.google.com,Communication,0,70
2026-03-02,07:30:59,stackoverflow.com,Reference & Learning,1,110
2026-03-02,07:32:49,slack.com,Communication,0,319
2026-03-02,07:38:09,VS Code,Software Development,2,152
2026-03-02,07:40:41,twitter.com,Social Media,-2,322
2026-03-02,07:46:03,stackoverflow.com,Reference & Learning,1,84
2026-03-02,07:47:28,VS Code,Software Development,2,68
2026-03-02,07:48:36,github.com,Software Development,2,110
2026-03-02,07:50:27,youtube.com,Entertainment,-2,272
2026-03-02,07:55:00,VS Code,Software Development,2,129
2026-03-02,07:57:09,VS Code,Software Development,2,350
2026-03-02,08:02:59,VS Code,Software Development,2,536
2026-03-02,08:11:56,VS Code,Software Development,2,1152
2026-03-02,08:31:08,VS Code,Software Development,2,1292
2026-03-02,08:52:41,VS Code,Software Development,2,1324
2026-03-02,09:14:45,VS Code,Software Development,2,568
2026-03-02,09:24:13,github.com,Software Development,2,1061
2026-03-02,09:41:55,stackoverflow.com,Reference & Learning,1,631
2026-03-02,09:52:26,VS Code,Software Development,2,599
2026-03-02,10:02:26,VS Code,Software Development,2,893
2026-03-02,10:17:19,VS Code,Software Development,2,903
2026-03-02,10:32:22,VS Code,Software Development,2,1214
2026-03-02,10:52:36,VS Code,Software Development,2,966
2026-03-02,11:08:43,VS Code,Software Development,2,971
2026-03-02,11:24:54,VS Code,Software Development,2,1390
2026-03-02,11:48:05,VS Code,Software Development,2,1047
2026-03-02,12:05:33,terminal,Software Development,2,37
2026-03-02,12:06:10,docs.google.com,Reference & Learning,1,244
2026-03-02,12:10:15,slack.com,Communication,0,267
2026-03-02,12:14:42,slack.com,Communication,0,80
2026-03-02,12:16:02,VS Code,Software Development,2,231
2026-03-02,12:19:54,youtube.com,Entertainment,-2,119
2026-03-02,12:21:53,twitter.com,Social Media,-2,41
2026-03-02,12:22:34,github.com,Software Development,2,236
2026-03-02,12:26:30,terminal,Software Development,2,122
2026-03-02,12:28:33,terminal,Software Development,2,267
2026-03-02,12:33:01,youtube.com,Entertainment,-2,103
2026-03-02,12:34:45,youtube.com,Entertainment,-2,326
2026-03-02,12:40:11,docs.google.com,Reference & Learning,1,292
2026-03-02,12:45:04,terminal,Software Development,2,325
2026-03-02,12:50:29,mail.google.com,Communication,0,191
2026-03-02,12:53:40,terminal,Software Development,2,235
2026-03-02,12:57:36,terminal,Software Development,2,72
2026-03-02,12:58:49,VS Code,Software Development,2,289
2026-03-02,13:03:38,twitter.com,Social Media,-2,328
2026-03-02,13:09:06,youtube.com,Entertainment,-2,209
2026-03-02,13:12:36,github.com,Software Development,2,144
2026-03-02,13:15:01,slack.com,Communication,0,149
2026-03-02,13:17:30,terminal,Software Development,2,298
2026-03-02,13:22:28,VS Code,Software Development,2,128
2026-03-02,13:24:36,VS Code,Software Development,2,162
2026-03-02,13:27:18,docs.google.com,Reference & Learning,1,33
2026-03-02,13:27:52,terminal,Software Development,2,288
2026-03-02,13:32:40,docs.google.com,Reference & Learning,1,276
2026-03-02,13:37:17,terminal,Software Development,2,198
2026-03-02,13:40:35,slack.com,Communication,0,189
2026-03-02,13:43:45,terminal,Software Development,2,862
2026-03-02,13:58:07,VS Code,Software Development,2,1024
2026-03-02,14:15:11,slack.com,Communication,0,1344
2026-03-02,14:37:36,VS Code,Software Development,2,1039
2026-03-02,14:54:55,VS Code,Software Development,2,459
2026-03-02,15:02:34,VS Code,Software Development,2,535
2026-03-02,15:11:30,terminal,Software Development,2,322
2026-03-02,15:16:52,VS Code,Software Development,2,965
2026-03-02,15:32:58,terminal,Software Development,2,425
2026-03-02,15:40:03,github.com,Software Development,2,1311
2026-03-02,16:01:55,terminal,Software Development,2,935
2026-03-02,16:17:30,github.com,Software Development,2,370
2026-03-02,16:23:41,VS Code,Software Development,2,1230
2026-03-02,16:44:12,terminal,Software Development,2,932
2026-03-02,16:59:45,slack.com,Communication,0,1333
2026-03-02,17:21:58,VS Code,Software Development,2,1306
2026-03-02,17:43:45,slack.com,Communication,0,1198
2026-03-02,18:03:43,VS Code,Software Development,2,747
2026-03-02,18:16:11,docs.google.com,Reference & Learning,1,1032
2026-03-02,18:33:23,github.com,Software Development,2,499
2026-03-02,18:41:43,VS Code,Software Development,2,1480
2026-03-02,19:06:23,VS Code,Software Development,2,615
2026-03-02,19:16:39,VS Code,Software Development,2,798
2026-03-02,19:29:57,github.com,Software Development,2,1310
2026-03-02,19:51:47,VS Code,Software Development,2,802
2026-03-02,20:05:10,VS Code,Software Development,2,967
2026-03-02,20:21:17,VS Code,Software Development,2,1497
2026-03-02,20:46:15,VS Code,Software Development,2,847
2026-03-02,21:00:23,github.com,Software Development,2,880
2026-03-02,21:15:03,VS Code,Software Development,2,843
2026-03-02,21:29:07,VS Code,Software Development,2,861
2026-03-02,21:43:29,VS Code,Software Development,2,472
2026-03-02,21:51:21,terminal,Software Development,2,1106
2026-03-02,22:09:47,slack.com,Communication,0,349
2026-03-02,22:15:37,VS Code,Software Development,2,548
2026-03-02,22:24:45,terminal,Software Development,2,1451
2026-03-02,22:48:57,twitter.com,Social Media,-2,1346
2026-03-02,23:11:23,VS Code,Software Development,2,420
2026-03-02,23:18:24,VS Code,Software Development,2,313
2026-03-02,23:23:38,github.com,Software Development,2,411
2026-03-02,23:30:29,VS Code,Software Development,2,607
2026-03-02,23:40:36,VS Code,Software Development,2,1407
2026-03-03,00:04:04,slack.com,Communication,0,974
2026-03-03,00:20:19,VS Code,Software Development,2,1242
2026-03-03,00:41:01,terminal,Software Development,2,694
2026-03-03,00:52:35,github.com,Software Development,2,317
2026-03-03,00:57:53,VS Code,Software Development,2,732
2026-03-03,01:10:05,github.com,Software Development,2,430
2026-03-03,01:17:15,VS Code,Software Development,2,1201
2026-03-03,01:37:16,youtube.com,Entertainment,-2,1286
2026-03-03,01:58:42,VS Code,Software Development,2,690
2026-03-03,02:10:12,VS Code,Software Development,2,1208
2026-03-03,02:30:21,terminal,Software Development,2,629
2026-03-03,02:40:50,terminal,Software Development,2,932
2026-03-03,02:56:23,slack.com,Communication,0,491
2026-03-03,03:04:34,VS Code,Software Development,2,551
2026-03-03,03:13:46,VS Code,Software Development,2,745
2026-03-03,03:26:11,slack.com,Communication,0,844
2026-03-03,03:40:15,VS Code,Software Development,2,1323
2026-03-03,04:02:19,slack.com,Communication,0,1248
2026-03-03,04:23:08,terminal,Software Development,2,467
2026-03-03,04:30:55,VS Code,Software Development,2,1014
2026-03-03,04:47:50,VS Code,Software Development,2,1103
2026-03-03,05:06:13,VS Code,Software Development,2,470
2026-03-03,05:14:03,VS Code,Software Development,2,384
2026-03-03,05:20:28,VS Code,Software Development,2,343
2026-03-03,05:26:12,terminal,Software Development,2,1475
2026-03-03,05:50:47,VS Code,Software Development,2,1025
2026-03-03,06:07:52,VS Code,Software Development,2,1419
2026-03-03,06:31:32,github.com,Software Development,2,728
2026-03-03,06:43:41,VS Code,Software Development,2,713
2026-03-03,06:55:34,VS Code,Software Development,2,311
2026-03-03,07:00:46,VS Code,Software Development,2,1222
2026-03-03,07:21:09,VS Code,Software Development,2,1235
2026-03-03,07:41:44,VS Code,Software Development,2,449
2026-03-03,07:49:14,VS Code,Software Development,2,1118
2026-03-03,08:07:52,VS Code,Software Development,2,1325
2026-03-03,08:29:58,VS Code,Software Development,2,534
2026-03-03,19:45:01,VS Code,Software Development,2,1460
2026-03-03,20:09:21,VS Code,Software Development,2,747
2026-03-03,20:21:49,slack.com,Communication,0,425
2026-03-03,20:28:55,github.com,Software Development,2,362
2026-03-03,20:34:57,terminal,Software Development,2,846
2026-03-03,20:49:04,slack.com,Communication,0,1213
2026-03-03,21:09:17,github.com,Software Development,2,121
2026-03-03,21:11:18,youtube.com,Entertainment,-2,62
2026-03-03,21:12:21,youtube.com,Entertainment,-2,268
2026-03-03,21:16:49,youtube.com,Entertainment,-2,204
2026-03-03,21:20:14,slack.com,Communication,0,211
2026-03-03,21:23:45,VS Code,Software Development,2,206
2026-03-03,21:27:12,stackoverflow.com,Reference & Learning,1,279
2026-03-03,21:31:51,docs.google.com,Reference & Learning,1,98
2026-03-03,21:33:29,mail.google.com,Communication,0,81
2026-03-03,21:34:51,VS Code,Software Development,2,160
2026-03-03,21:37:32,stackoverflow.com,Reference & Learning,1,116
2026-03-03,21:39:28,stackoverflow.com,Reference & Learning,1,267
2026-03-03,21:43:56,github.com,Software Development,2,96
2026-03-03,21:45:33,slack.com,Communication,0,202
2026-03-03,21:48:55,VS Code,Software Development,2,194
2026-03-03,21:52:10,VS Code,Software Development,2,67
2026-03-03,21:53:17,docs.google.com,Reference & Learning,1,277
2026-03-03,21:57:55,docs.google.com,Reference & Learning,1,132
2026-03-03,22:00:08,twitter.com,Social Media,-2,194
2026-03-03,22:03:23,VS Code,Software Development,2,138
2026-03-03,22:05:41,twitter.com,Social Media,-2,233
2026-03-03,22:09:35,VS Code,Software Development,2,248
2026-03-03,22:13:43,stackoverflow.com,Reference & Learning,1,223
2026-03-03,22:17:26,VS Code,Software Development,2,32
2026-03-03,22:17:59,stackoverflow.com,Reference & Learning,1,131
2026-03-03,22:20:11,VS Code,Software Development,2,304
2026-03-03,22:25:15,mail.google.com,Communication,0,192
2026-03-03,22:28:28,youtube.com,Entertainment,-2,114
2026-03-03,22:30:23,stackoverflow.com,Reference & Learning,1,162
2026-03-03,22:33:06,mail.google.com,Communication,0,242
2026-03-03,22:37:08,stackoverflow.com,Reference & Learning,1,67
2026-03-03,22:38:16,youtube.com,Entertainment,-2,62
2026-03-03,22:39:18,stackoverflow.com,Reference & Learning,1,326
2026-03-03,22:44:45,terminal,Software Development,2,174
2026-03-03,22:47:39,stackoverflow.com,Reference & Learning,1,325
2026-03-03,22:53:05,twitter.com,Social Media,-2,265
2026-03-03,22:57:30,github.com,Software Development,2,155
2026-03-03,23:00:06,terminal,Software Development,2,82
2026-03-03,23:01:28,VS Code,Software Development,2,217
2026-03-03,23:05:05,docs.google.com,Reference & Learning,1,264
2026-03-03,23:09:30,twitter.com,Social Media,-2,184
2026-03-03,23:12:34,slack.com,Communication,0,273
2026-03-03,23:17:07,slack.com,Communication,0,285
2026-03-03,23:21:52,twitter.com,Social Media,-2,140
2026-03-03,23:24:13,twitter.com,Social Media,-2,278
2026-03-03,23:28:51,slack.com,Communication,0,258
2026-03-03,23:33:10,youtube.com,Entertainment,-2,99
2026-03-03,23:34:50,twitter.com,Social Media,-2,318
2026-03-03,23:40:08,VS Code,Software Development,2,159
2026-03-03,23:42:48,docs.google.com,Reference & Learning,1,169
2026-03-03,23:45:38,youtube.com,Entertainment,-2,285
2026-03-03,23:50:23,mail.google.com,Communication,0,218
2026-03-03,23:54:01,github.com,Software Development,2,117
2026-03-03,23:55:58,youtube.com,Entertainment,-2,185
2026-03-03,23:59:04,twitter.com,Social Media,-2,256
2026-03-04,00:03:20,github.com,Software Development,2,258
2026-03-04,00:07:39,slack.com,Communication,0,228
2026-03-04,00:11:27,youtube.com,Entertainment,-2,99
2026-03-04,00:13:07,stackoverflow.com,Reference & Learning,1,173
2026-03-04,00:16:00,mail.google.com,Communication,0,318
2026-03-04,00:21:18,terminal,Software Development,2,226
2026-03-04,00:25:05,terminal,Software Development,2,159
2026-03-04,00:27:45,terminal,Software Development,2,141
2026-03-04,00:30:07,slack.com,Communication,0,319
2026-03-04,00:35:26,slack.com,Communication,0,95
2026-03-04,00:37:01,VS Code,Software Development,2,37
2026-03-04,00:37:38,terminal,Software Development,2,208
2026-03-04,00:41:07,github.com,Software Development,2,215
2026-03-04,00:44:42,docs.google.com,Reference & Learning,1,30
2026-03-04,00:45:13,youtube.com,Entertainment,-2,205
2026-03-04,00:48:39,youtube.com,Entertainment,-2,101
2026-03-04,00:50:21,mail.google.com,Communication,0,96
2026-03-04,00:51:57,slack.com,Communication,0,160
2026-03-04,00:54:37,slack.com,Communication,0,244
2026-03-04,00:58:42,VS Code,Software Development,2,118
2026-03-04,01:00:41,slack.com,Communication,0,81
2026-03-04,01:02:02,slack.com,Communication,0,249
2026-03-04,01:06:11,stackoverflow.com,Reference & Learning,1,49
2026-03-04,01:07:00,VS Code,Software Development,2,191
2026-03-04,01:10:12,mail.google.com,Communication,0,311
2026-03-04,01:15:24,slack.com,Communication,0,176
2026-03-04,01:18:20,mail.google.com,Communication,0,138
2026-03-04,01:20:38,terminal,Software Development,2,643
2026-03-04,01:31:21,github.com,Software Development,2,969
2026-03-04,01:47:31,VS Code,Software Development,2,842
2026-03-04,02:01:33,VS Code,Software Development,2,337
2026-03-04,02:07:11,github.com,Software Development,2,771
2026-03-04,02:20:03,VS Code,Software Development,2,450
2026-03-04,02:27:33,VS Code,Software Development,2,898
2026-03-04,02:42:32,VS Code,Software Development,2,582
2026-03-04,02:52:15,VS Code,Software Development,2,1076
2026-03-04,03:10:11,VS Code,Software Development,2,820
2026-03-04,03:23:52,github.com,Software Development,2,794
2026-03-04,03:37:06,VS Code,Software Development,2,569
2026-03-04,03:46:35,VS Code,Software Development,2,1238
2026-03-04,04:07:14,VS Code,Software Development,2,713
2026-03-04,04:19:07,VS Code,Software Development,2,1164
2026-03-04,04:38:31,VS Code,Software Development,2,581
2026-03-04,04:48:13,youtube.com,Entertainment,-2,523
2026-03-04,04:56:57,terminal,Software Development,2,1466
2026-03-04,05:21:23,VS Code,Software Development,2,1036
2026-03-04,05:38:40,VS Code,Software Development,2,939
2026-03-04,05:54:20,VS Code,Software Development,2,1415
2026-03-04,06:17:56,VS Code,Software Development,2,611
2026-03-04,06:28:07,terminal,Software Development,2,525
2026-03-04,06:36:53,VS Code,Software Development,2,999
2026-03-04,06:53:32,VS Code,Software Development,2,1015
2026-03-04,07:10:28,slack.com,Communication,0,652
2026-03-04,07:21:20,VS Code,Software Development,2,1142
2026-03-04,07:40:23,VS Code,Software Development,2,1237
2026-03-04,08:01:00,VS Code,Software Development,2,870
2026-03-04,08:15:30,VS Code,Software Development,2,1485
2026-03-04,08:40:16,VS Code,Software Development,2,1220
2026-03-04,09:00:37,slack.com,Communication,0,1497
2026-03-04,09:25:34,stackoverflow.com,Reference & Learning,1,1153
2026-03-04,23:49:27,VS Code,Software Development,2,458
2026-03-04,23:57:06,github.com,Software Development,2,795
2026-03-05,00:10:22,VS Code,Software Development,2,1221
2026-03-05,00:30:43,VS Code,Software Development,2,1143
2026-03-05,00:49:46,stackoverflow.com,Reference & Learning,1,1472
2026-03-05,01:14:19,VS Code,Software Development,2,764
2026-03-05,01:27:03,VS Code,Software Development,2,1073
2026-03-05,01:44:57,VS Code,Software Development,2,1147
2026-03-05,02:04:04,VS Code,Software Development,2,1494
2026-03-05,02:28:59,github.com,Software Development,2,1159
2026-03-05,02:48:18,VS Code,Software Development,2,1209
2026-03-05,03:08:27,terminal,Software Development,2,1461
2026-03-05,10:45:23,VS Code,Software Development,2,1437
2026-03-05,11:09:20,VS Code,Software Development,2,798
2026-03-05,11:22:38,VS Code,Software Development,2,1383
2026-03-05,11:45:42,VS Code,Software Development,2,370
2026-03-05,11:51:53,stackoverflow.com,Reference & Learning,1,420
2026-03-05,11:58:53,VS Code,Software Development,2,401
2026-03-05,12:05:34,VS Code,Software Development,2,1380
2026-03-05,12:28:35,VS Code,Software Development,2,1396
2026-03-05,12:51:51,VS Code,Software Development,2,1127
2026-03-05,13:10:39,github.com,Software Development,2,1343
2026-03-05,13:33:02,youtube.com,Entertainment,-2,677
2026-03-05,13:44:19,VS Code,Software Development,2,1323
2026-03-05,14:06:22,mail.google.com,Communication,0,227
2026-03-05,14:10:10,github.com,Software Development,2,200
2026-03-05,14:13:30,terminal,Software Development,2,275
2026-03-05,14:18:06,slack.com,Communication,0,213
2026-03-05,14:21:40,terminal,Software Development,2,68
2026-03-05,14:22:48,twitter.com,Social Media,-2,266
2026-03-05,14:27:14,terminal,Software Development,2,328
2026-03-05,14:32:43,stackoverflow.com,Reference & Learning,1,99
2026-03-05,14:34:23,VS Code,Software Development,2,265
2026-03-05,14:38:49,github.com,Software Development,2,122
2026-03-05,14:40:51,docs.google.com,Reference & Learning,1,63
2026-03-05,14:41:55,youtube.com,Entertainment,-2,139
2026-03-05,14:44:14,youtube.com,Entertainment,-2,71
2026-03-05,14:45:26,VS Code,Software Development,2,168
2026-03-05,14:48:14,stackoverflow.com,Reference & Learning,1,58
2026-03-05,14:49:13,twitter.com,Social Media,-2,325
2026-03-05,14:54:39,mail.google.com,Communication,0,82
2026-03-05,14:56:01,docs.google.com,Reference & Learning,1,64
2026-03-05,14:57:05,terminal,Software Development,2,315
2026-03-05,15:02:21,slack.com,Communication,0,457
2026-03-05,15:09:59,slack.com,Communication,0,651
2026-03-05,15:20:50,VS Code,Software Development,2,366
2026-03-05,15:26:56,VS Code,Software Development,2,521
2026-03-05,15:35:38,VS Code,Software Development,2,817
2026-03-05,15:49:15,VS Code,Software Development,2,385
2026-03-05,15:55:41,VS Code,Software Development,2,651
2026-03-05,16:06:32,github.com,Software Development,2,1051
2026-03-05,16:24:03,VS Code,Software Development,2,418
2026-03-05,16:31:01,youtube.com,Entertainment,-2,691
2026-03-05,16:42:33,terminal,Software Development,2,1431
2026-03-05,17:06:24,terminal,Software Development,2,1412
2026-03-05,17:29:57,terminal,Software Development,2,694
2026-03-05,17:41:32,VS Code,Software Development,2,870
2026-03-05,17:56:02,github.com,Software Development,2,315
2026-03-05,18:01:18,terminal,Software Development,2,567
2026-03-05,18:10:45,mail.google.com,Communication,0,533
2026-03-05,18:19:39,VS Code,Software Development,2,1371
2026-03-05,18:42:31,VS Code,Software Development,2,933
2026-03-05,18:58:04,VS Code,Software Development,2,533
2026-03-05,19:06:57,terminal,Software Development,2,1225
2026-03-05,19:27:22,VS Code,Software Development,2,1441
2026-03-05,19:51:24,VS Code,Software Development,2,407
2026-03-05,19:58:12,VS Code,Software Development,2,1038
2026-03-05,22:24:46,github.com,Software Development,2,1235
2026-03-05,22:45:21,VS Code,Software Development,2,803
2026-03-05,22:58:44,github.com,Software Development,2,1025
2026-03-05,23:15:50,VS Code,Software Development,2,608
2026-03-05,23:25:59,VS Code,Software Development,2,504
2026-03-05,23:34:24,VS Code,Software Development,2,1494
2026-03-05,23:59:19,VS Code,Software Development,2,337
2026-03-06,00:04:56,VS Code,Software Development,2,746
2026-03-06,00:17:23,github.com,Software Development,2,431
2026-03-06,00:24:34,VS Code,Software Development,2,1132
2026-03-06,00:43:26,terminal,Software Development,2,400
2026-03-06,00:50:06,VS Code,Software Development,2,1120
2026-03-06,01:08:47,VS Code,Software Development,2,803
2026-03-06,01:22:11,VS Code,Software Development,2,808
2026-03-06,01:35:40,VS Code,Software Development,2,1280
2026-03-06,01:57:00,VS Code,Software Development,2,1349
2026-03-06,02:19:30,slack.com,Communication,0,161
2026-03-06,02:22:11,mail.google.com,Communication,0,222
2026-03-06,02:25:53,terminal,Software Development,2,271
2026-03-06,02:30:25,terminal,Software Development,2,255
2026-03-06,02:34:40,VS Code,Software Development,2,49
2026-03-06,02:35:29,docs.google.com,Reference & Learning,1,137
2026-03-06,02:37:47,mail.google.com,Communication,0,31
2026-03-06,02:38:18,twitter.com,Social Media,-2,101
2026-03-06,02:40:00,mail.google.com,Communication,0,215
2026-03-06,02:43:35,VS Code,Software Development,2,252
2026-03-06,02:47:47,youtube.com,Entertainment,-2,301
2026-03-06,02:52:49,mail.google.com,Communication,0,138
2026-03-06,02:55:07,docs.google.com,Reference & Learning,1,290
2026-03-06,02:59:57,youtube.com,Entertainment,-2,101
2026-03-06,03:01:39,docs.google.com,Reference & Learning,1,143
2026-03-06,03:04:03,terminal,Software Development,2,54
2026-03-06,03:04:57,VS Code,Software Development,2,249
2026-03-06,03:09:07,youtube.com,Entertainment,-2,313
2026-03-06,03:14:20,github.com,Software Development,2,116
2026-03-06,03:16:17,VS Code,Software Development,2,152
2026-03-06,03:18:49,stackoverflow.com,Reference & Learning,1,165
2026-03-06,03:21:34,terminal,Software Development,2,254
2026-03-06,03:25:49,docs.google.com,Reference & Learning,1,178
2026-03-06,03:28:48,youtube.com,Entertainment,-2,157
2026-03-06,03:31:26,github.com,Software Development,2,80
2026-03-06,03:32:46,twitter.com,Social Media,-2,55
2026-03-06,03:33:42,VS Code,Software Development,2,157
2026-03-06,03:36:19,slack.com,Communication,0,189
2026-03-06,03:39:28,github.com,Software Development,2,191
2026-03-06,03:42:40,github.com,Software Development,2,83
2026-03-06,03:44:04,docs.google.com,Reference & Learning,1,259
2026-03-06,03:48:23,VS Code,Software Development,2,40
2026-03-06,03:49:04,slack.com,Communication,0,106
2026-03-06,03:50:50,docs.google.com,Reference & Learning,1,104
2026-03-06,03:52:35,github.com,Software Development,2,120
2026-03-06,03:54:36,VS Code,Software Development,2,83
2026-03-06,03:55:59,docs.google.com,Reference & Learning,1,210
2026-03-06,03:59:30,youtube.com,Entertainment,-2,219
2026-03-06,04:03:09,twitter.com,Social Media,-2,328
2026-03-06,04:08:37,docs.google.com,Reference & Learning,1,152
2026-03-06,04:11:10,VS Code,Software Development,2,62
2026-03-06,04:12:12,youtube.com,Entertainment,-2,163
2026-03-06,04:14:55,docs.google.com,Reference & Learning,1,85
2026-03-06,04:16:21,stackoverflow.com,Reference & Learning,1,318
2026-03-06,04:21:39,github.com,Software Development,2,784
2026-03-06,04:34:44,VS Code,Software Development,2,1096
2026-03-06,04:53:01,VS Code,Software Development,2,678
2026-03-06,05:04:19,github.com,Software Development,2,880
2026-03-06,05:19:00,VS Code,Software Development,2,366
2026-03-06,05:25:06,VS Code,Software Development,2,1021
2026-03-06,05:42:08,VS Code,Software Development,2,920
2026-03-06,05:57:28,docs.google.com,Reference & Learning,1,920
2026-03-06,06:12:49,VS Code,Software Development,2,1302
2026-03-06,09:04:57,VS Code,Software Development,2,747
2026-03-06,09:17:25,VS Code,Software Development,2,547
2026-03-06,09:26:32,VS Code,Software Development,2,812
2026-03-06,09:40:05,VS Code,Software Development,2,677
2026-03-06,09:51:22,VS Code,Software Development,2,1276
2026-03-06,10:12:39,VS Code,Software Development,2,635
2026-03-06,10:23:14,VS Code,Software Development,2,515
2026-03-06,10:31:50,VS Code,Software Development,2,1363
2026-03-06,10:54:34,VS Code,Software Development,2,1400
2026-03-06,11:17:55,github.com,Software Development,2,1418
2026-03-06,11:41:33,VS Code,Software Development,2,482
2026-03-06,11:49:36,VS Code,Software Development,2,427
2026-03-06,11:56:43,VS Code,Software Development,2,521
2026-03-06,12:05:25,terminal,Software Development,2,1129
2026-03-06,12:24:14,VS Code,Software Development,2,1470
2026-03-06,12:48:44,twitter.com,Social Media,-2,1420
2026-03-06,13:12:24,VS Code,Software Development,2,955
2026-03-06,13:28:20,VS Code,Software Development,2,525
2026-03-06,13:37:06,VS Code,Software Development,2,1094
2026-03-06,13:55:20,VS Code,Software Development,2,1280
2026-03-06,14:16:41,VS Code,Software Development,2,321
2026-03-06,14:22:03,VS Code,Software Development,2,495
2026-03-06,14:30:18,VS Code,Software Development,2,1102
2026-03-06,14:48:41,terminal,Software Development,2,1256
2026-03-06,15:09:37,VS Code,Software Development,2,754
2026-03-06,15:22:12,VS Code,Software Development,2,1074
2026-03-06,15:40:06,VS Code,Software Development,2,1136
2026-03-06,15:59:02,VS Code,Software Development,2,768
2026-03-06,16:11:50,slack.com,Communication,0,391
2026-03-06,16:18:22,VS Code,Software Development,2,1107
2026-03-06,16:36:49,VS Code,Software Development,2,694
2026-03-06,16:48:24,VS Code,Software Development,2,410
2026-03-06,16:55:14,VS Code,Software Development,2,1444
2026-03-06,17:19:19,VS Code,Software Development,2,1035
2026-03-06,17:36:35,stackoverflow.com,Reference & Learning,1,542
2026-03-06,17:45:37,VS Code,Software Development,2,308
2026-03-06,17:50:46,VS Code,Software Development,2,588
2026-03-06,18:00:34,VS Code,Software Development,2,1380
2026-03-06,18:23:34,VS Code,Software Development,2,1480
2026-03-06,18:48:15,VS Code,Software Development,2,1309
2026-03-06,19:10:04,VS Code,Software Development,2,1129
2026-03-06,19:28:54,terminal,Software Development,2,1102
2026-03-06,19:47:17,VS Code,Software Development,2,1111
2026-03-06,20:05:48,VS Code,Software Development,2,531
2026-03-06,20:14:39,VS Code,Software Development,2,798
2026-03-06,20:27:58,VS Code,Software Development,2,1469
2026-03-06,20:52:27,slack.com,Communication,0,258
2026-03-06,20:56:46,docs.google.com,Reference & Learning,1,297
2026-03-06,21:01:44,stackoverflow.com,Reference & Learning,1,181
2026-03-06,21:04:45,mail.google.com,Communication,0,213
2026-03-06,21:08:19,VS Code,Software Development,2,55
2026-03-06,21:09:14,VS Code,Software Development,2,102
2026-03-06,21:10:56,VS Code,Software Development,2,262
2026-03-06,21:15:19,docs.google.com,Reference & Learning,1,274
2026-03-06,21:19:53,slack.com,Communication,0,305
2026-03-06,21:24:59,github.com,Software Development,2,253
2026-03-06,21:29:13,github.com,Software Development,2,105
2026-03-06,21:30:58,terminal,Software Development,2,210
2026-03-06,21:34:28,twitter.com,Social Media,-2,139
2026-03-06,21:36:48,VS Code,Software Development,2,33
2026-03-06,21:37:21,twitter.com,Social Media,-2,76
2026-03-06,21:38:38,twitter.com,Social Media,-2,180
2026-03-06,21:41:39,mail.google.com,Communication,0,149
2026-03-06,21:44:08,docs.google.com,Reference & Learning,1,88
2026-03-06,21:45:37,github.com,Software Development,2,234
2026-03-06,21:49:32,github.com,Software Development,2,223
2026-03-06,21:53:15,stackoverflow.com,Reference & Learning,1,184
2026-03-06,21:56:20,mail.google.com,Communication,0,267
2026-03-06,22:00:47,VS Code,Software Development,2,86
2026-03-06,22:02:14,stackoverflow.com,Reference & Learning,1,94
2026-03-06,22:03:48,terminal,Software Development,2,88
2026-03-06,22:05:17,docs.google.com,Reference & Learning,1,299
2026-03-06,22:10:16,VS Code,Software Development,2,99
2026-03-06,22:11:56,stackoverflow.com,Reference & Learning,1,48
2026-03-06,22:12:44,slack.com,Communication,0,35
2026-03-06,22:13:19,slack.com,Communication,0,227
2026-03-06,22:17:07,youtube.com,Entertainment,-2,248
2026-03-06,22:21:15,github.com,Software Development,2,228
2026-03-06,22:25:03,twitter.com,Social Media,-2,320
2026-03-06,22:30:24,terminal,Software Development,2,142
2026-03-06,22:32:47,github.com,Software Development,2,124
2026-03-06,22:34:51,VS Code,Software Development,2,254
2026-03-06,22:39:06,stackoverflow.com,Reference & Learning,1,33
2026-03-06,22:39:39,twitter.com,Social Media,-2,49
2026-03-06,22:40:29,mail.google.com,Communication,0,30
2026-03-06,22:40:59,terminal,Software Development,2,93
2026-03-06,22:42:33,youtube.com,Entertainment,-2,213
2026-03-06,22:46:06,mail.google.com,Communication,0,81
2026-03-06,22:47:28,terminal,Software Development,2,86
2026-03-06,22:48:55,VS Code,Software Development,2,153
2026-03-06,22:51:28,github.com,Software Development,2,257
2026-03-06,22:55:46,slack.com,Communication,0,230
2026-03-06,22:59:36,docs.google.com,Reference & Learning,1,199
2026-03-06,23:02:56,mail.google.com,Communication,0,231
2026-03-06,23:06:47,terminal,Software Development,2,67
2026-03-06,23:07:55,youtube.com,Entertainment,-2,216
2026-03-06,23:11:31,VS Code,Software Development,2,1218
2026-03-06,23:31:50,VS Code,Software Development,2,922
2026-03-06,23:47:12,VS Code,Software Development,2,1073
2026-03-07,00:05:05,VS Code,Software Development,2,1224
2026-03-07,00:25:30,VS Code,Software Development,2,1017
2026-03-07,00:42:27,terminal,Software Development,2,417
2026-03-07,00:49:25,VS Code,Software Development,2,997
2026-03-07,01:06:02,VS Code,Software Development,2,794
2026-03-07,01:19:16,terminal,Software Development,2,1325
2026-03-07,01:41:21,VS Code,Software Development,2,502
2026-03-07,01:49:44,github.com,Software Development,2,1304
2026-03-07,02:11:29,VS Code,Software Development,2,1157
2026-03-07,02:30:46,VS Code,Software Development,2,1005
2026-03-07,02:47:31,VS Code,Software Development,2,1249
2026-03-07,03:08:21,VS Code,Software Development,2,1102
2026-03-07,03:26:44,VS Code,Software Development,2,1352
2026-03-07,03:49:16,github.com,Software Development,2,1095
2026-03-07,04:07:31,VS Code,Software Development,2,533
2026-03-07,04:16:25,github.com,Software Development,2,1365
2026-03-07,04:39:10,VS Code,Software Development,2,468
2026-03-07,04:46:59,VS Code,Software Development,2,461
2026-03-07,04:54:40,VS Code,Software Development,2,960
2026-03-07,05:10:41,VS Code,Software Development,2,704
2026-03-07,05:22:25,terminal,Software Development,2,1206
2026-03-07,05:42:32,VS Code,Software Development,2,972
2026-03-07,05:58:44,github.com,Software Development,2,1388
2026-03-07,06:21:52,github.com,Software Development,2,1404
2026-03-07,06:45:17,VS Code,Software Development,2,1313
2026-03-07,07:07:10,VS Code,Software Development,2,325
2026-03-07,07:12:36,github.com,Software Development,2,1385
2026-03-07,07:35:42,VS Code,Software Development,2,1291
2026-03-07,07:57:13,VS Code,Software Development,2,333
2026-03-07,08:02:47,terminal,Software Development,2,381
2026-03-07,08:09:08,VS Code,Software Development,2,1439
2026-03-07,08:33:08,VS Code,Software Development,2,1440
2026-03-07,08:57:09,VS Code,Software Development,2,590
2026-03-07,09:06:59,VS Code,Software Development,2,405
2026-03-07,09:13:44,VS Code,Software Development,2,918
2026-03-07,09:29:03,slack.com,Communication,0,1176
2026-03-07,09:48:39,VS Code,Software Development,2,1449
2026-03-07,10:12:48,VS Code,Software Development,2,688
2026-03-07,10:24:17,github.com,Software Development,2,1326
2026-03-07,10:46:23,VS Code,Software Development,2,954
2026-03-07,11:02:18,VS Code,Software Development,2,499
2026-03-07,11:10:37,VS Code,Software Development,2,988
2026-03-07,11:27:06,terminal,Software Development,2,570
2026-03-07,11:36:36,VS Code,Software Development,2,1275
2026-03-07,11:57:51,terminal,Software Development,2,1408
2026-03-07,12:21:20,twitter.com,Social Media,-2,1418
2026-03-07,12:44:58,VS Code,Software Development,2,1267
2026-03-07,13:06:05,VS Code,Software Development,2,725
2026-03-07,13:18:11,VS Code,Software Development,2,878
2026-03-07,13:32:49,VS Code,Software Development,2,563
2026-03-07,13:42:13,VS Code,Software Development,2,1462
2026-03-07,14:06:35,VS Code,Software Development,2,845
2026-03-07,14:20:40,slack.com,Communication,0,1388
2026-03-07,14:43:49,VS Code,Software Development,2,1351
2026-03-07,15:06:20,VS Code,Software Development,2,1422
2026-03-07,15:30:03,VS Code,Software Development,2,613
2026-03-07,15:40:16,VS Code,Software Development,2,576
2026-03-07,15:49:53,VS Code,Software Development,2,1109
2026-03-07,16:08:23,VS Code,Software Development,2,1442
2026-03-07,16:32:25,terminal,Software Development,2,986
2026-03-07,16:48:51,VS Code,Software Development,2,589
2026-03-07,16:58:40,github.com,Software Development,2,745
2026-03-07,17:11:06,VS Code,Software Development,2,1432
2026-03-07,17:34:58,VS Code,Software Development,2,476
2026-03-07,17:42:55,VS Code,Software Development,2,623
2026-03-07,17:53:18,VS Code,Software Development,2,529
2026-03-07,18:02:07,VS Code,Software Development,2,800
2026-03-07,18:15:28,VS Code,Software Development,2,1335
2026-03-07,18:37:43,terminal,Software Development,2,488
2026-03-07,18:45:51,VS Code,Software Development,2,1184
2026-03-07,19:05:36,VS Code,Software Development,2,852
2026-03-07,19:19:48,VS Code,Software Development,2,1205
2026-03-07,19:39:54,slack.com,Communication,0,683
2026-03-07,19:51:18,terminal,Software Development,2,1162
2026-03-07,20:10:40,VS Code,Software Development,2,1250
2026-03-07,20:31:30,terminal,Software Development,2,659
2026-03-07,20:42:29,mail.google.com,Communication,0,136
2026-03-07,20:44:46,terminal,Software Development,2,72
2026-03-07,20:45:58,docs.google.com,Reference & Learning,1,151
2026-03-07,20:48:30,twitter.com,Social Media,-2,85
2026-03-07,20:49:56,youtube.com,Entertainment,-2,211
2026-03-07,20:53:27,mail.google.com,Communication,0,198
2026-03-07,20:56:46,VS Code,Software Development,2,299
2026-03-07,21:01:45,docs.google.com,Reference & Learning,1,93
2026-03-07,21:03:18,docs.google.com,Reference & Learning,1,75
2026-03-07,21:04:34,stackoverflow.com,Reference & Learning,1,193
2026-03-07,21:07:47,docs.google.com,Reference & Learning,1,51
2026-03-07,21:08:39,slack.com,Communication,0,225
2026-03-07,21:12:25,twitter.com,Social Media,-2,183
2026-03-07,21:15:28,terminal,Software Development,2,185
2026-03-07,21:18:34,docs.google.com,Reference & Learning,1,223
2026-03-07,21:22:17,stackoverflow.com,Reference & Learning,1,115
2026-03-07,21:24:13,twitter.com,Social Media,-2,112
2026-03-07,21:26:05,docs.google.com,Reference & Learning,1,102
2026-03-07,21:27:48,mail.google.com,Communication,0,113
2026-03-07,21:29:42,youtube.com,Entertainment,-2,176
2026-03-07,21:32:38,youtube.com,Entertainment,-2,70
2026-03-07,21:33:49,stackoverflow.com,Reference & Learning,1,190
2026-03-07,21:37:00,twitter.com,Social Media,-2,63
2026-03-07,21:38:03,youtube.com,Entertainment,-2,30
2026-03-07,21:38:34,terminal,Software Development,2,210
2026-03-07,21:42:05,github.com,Software Development,2,262
2026-03-07,21:46:27,youtube.com,Entertainment,-2,120
2026-03-07,21:48:28,docs.google.com,Reference & Learning,1,236
2026-03-07,21:52:24,mail.google.com,Communication,0,301
2026-03-07,21:57:26,stackoverflow.com,Reference & Learning,1,256
2026-03-07,22:01:42,twitter.com,Social Media,-2,272
2026-03-07,22:06:15,mail.google.com,Communication,0,65
2026-03-07,22:07:20,terminal,Software Development,2,193
2026-03-07,22:10:34,github.com,Software Development,2,179
2026-03-07,22:13:33,slack.com,Communication,0,192
2026-03-07,22:16:46,stackoverflow.com,Reference & Learning,1,311
2026-03-07,22:21:58,youtube.com,Entertainment,-2,137
2026-03-07,22:24:15,mail.google.com,Communication,0,290
2026-03-07,22:29:06,VS Code,Software Development,2,288
2026-03-07,22:33:54,mail.google.com,Communication,0,30
2026-03-07,22:34:25,github.com,Software Development,2,271
2026-03-07,22:38:57,github.com,Software Development,2,245
2026-03-07,22:43:02,VS Code,Software Development,2,276
2026-03-07,22:47:39,docs.google.com,Reference & Learning,1,190
2026-03-07,22:50:49,VS Code,Software Development,2,166
2026-03-07,22:53:36,slack.com,Communication,0,193
2026-03-07,22:56:50,mail.google.com,Communication,0,182
2026-03-07,22:59:53,VS Code,Software Development,2,83
2026-03-07,23:01:17,terminal,Software Development,2,145
2026-03-07,23:03:42,slack.com,Communication,0,240
2026-03-07,23:07:43,slack.com,Communication,0,270
2026-03-07,23:12:13,docs.google.com,Reference & Learning,1,168
2026-03-07,23:15:01,twitter.com,Social Media,-2,286
2026-03-07,23:19:48,twitter.com,Social Media,-2,262
2026-03-07,23:24:11,VS Code,Software Development,2,150
2026-03-07,23:26:41,stackoverflow.com,Reference & Learning,1,261
2026-03-07,23:31:02,youtube.com,Entertainment,-2,33
2026-03-07,23:31:36,twitter.com,Social Media,-2,103
2026-03-07,23:33:20,twitter.com,Social Media,-2,115
2026-03-07,23:35:15,stackoverflow.com,Reference & Learning,1,124
2026-03-07,23:37:19,youtube.com,Entertainment,-2,186
2026-03-07,23:40:26,mail.google.com,Communication,0,294
2026-03-07,23:45:20,mail.google.com,Communication,0,53
2026-03-07,23:46:14,twitter.com,Social Media,-2,170
2026-03-07,23:49:04,youtube.com,Entertainment,-2,269
2026-03-07,23:53:34,VS Code,Software Development,2,178
2026-03-07,23:56:32,github.com,Software Development,2,108
2026-03-07,23:58:21,github.com,Software Development,2,260
2026-03-08,00:02:42,docs.google.com,Reference & Learning,1,35
2026-03-08,00:03:17,github.com,Software Development,2,60
2026-03-08,00:04:17,docs.google.com,Reference & Learning,1,271
2026-03-08,00:08:48,docs.google.com,Reference & Learning,1,291
2026-03-08,00:13:40,github.com,Software Development,2,194
2026-03-08,00:16:55,github.com,Software Development,2,50
2026-03-08,00:17:45,terminal,Software Development,2,324
2026-03-08,00:23:10,youtube.com,Entertainment,-2,153
2026-03-08,00:25:44,VS Code,Software Development,2,600
2026-03-08,00:35:44,VS Code,Software Development,2,449
2026-03-08,00:43:13,VS Code,Software Development,2,388
2026-03-08,00:49:41,VS Code,Software Development,2,356
2026-03-08,00:55:38,VS Code,Software Development,2,549
2026-03-08,01:04:47,VS Code,Software Development,2,811
2026-03-08,01:18:19,terminal,Software Development,2,896
2026-03-08,01:33:15,VS Code,Software Development,2,670
2026-03-08,01:44:26,VS Code,Software Development,2,1069
2026-03-08,02:02:15,VS Code,Software Development,2,827
2026-03-08,02:16:03,VS Code,Software Development,2,429
2026-03-08,02:23:13,terminal,Software Development,2,554
2026-03-08,02:32:27,slack.com,Communication,0,1448
2026-03-08,14:48:31,terminal,Software Development,2,914
2026-03-08,15:03:46,VS Code,Software Development,2,1219
2026-03-08,15:24:06,VS Code,Software Development,2,728
2026-03-08,15:36:15,VS Code,Software Development,2,721
2026-03-08,15:48:16,VS Code,Software Development,2,434
2026-03-08,15:55:31,terminal,Software Development,2,547
2026-03-08,16:04:38,VS Code,Software Development,2,1322
2026-03-08,16:26:40,VS Code,Software Development,2,615
2026-03-08,16:36:55,slack.com,Communication,0,1341
2026-03-08,16:59:17,stackoverflow.com,Reference & Learning,1,958
2026-03-08,17:15:15,github.com,Software Development,2,790
2026-03-08,17:28:25,VS Code,Software Development,2,570
2026-03-08,17:37:56,VS Code,Software Development,2,1147
2026-03-08,17:57:04,VS Code,Software Development,2,1271
2026-03-08,18:18:15,terminal,Software Development,2,479
2026-03-08,18:26:14,VS Code,Software Development,2,768
2026-03-08,18:39:03,terminal,Software Development,2,1004
2026-03-08,18:55:47,VS Code,Software Development,2,555
2026-03-08,19:05:03,VS Code,Software Development,2,775
2026-03-08,19:17:58,terminal,Software Development,2,514
2026-03-08,19:26:32,terminal,Software Development,2,1417
2026-03-08,19:50:10,VS Code,Software Development,2,714
2026-03-08,20:02:05,VS Code,Software Development,2,795
2026-03-08,20:15:21,github.com,Software Development,2,1337
2026-03-08,20:37:38,github.com,Software Development,2,1476
2026-03-08,21:02:15,terminal,Software Development,2,1259
2026-03-08,21:23:14,github.com,Software Development,2,1368
2026-03-08,21:46:03,VS Code,Software Development,2,888
2026-03-08,22:00:51,github.com,Software Development,2,405
2026-03-08,22:07:36,VS Code,Software Development,2,402
2026-03-08,22:14:19,terminal,Software Development,2,1428
2026-03-08,22:38:07,github.com,Software Development,2,1306
2026-03-08,22:59:54,terminal,Software Development,2,790
2026-03-08,23:13:04,stackoverflow.com,Reference & Learning,1,1179
2026-03-08,23:32:44,VS Code,Software Development,2,1009
2026-03-08,23:49:33,VS Code,Software Development,2,692
2026-03-09,00:01:05,VS Code,Software Development,2,1229
2026-03-09,00:21:35,VS Code,Software Development,2,1409
2026-03-09,00:45:04,github.com,Software Development,2,1328
2026-03-09,01:07:12,VS Code,Software Development,2,890
2026-03-09,01:22:03,VS Code,Software Development,2,1333
2026-03-09,01:44:17,VS Code,Software Development,2,712
2026-03-09,01:56:09,VS Code,Software Development,2,311
2026-03-09,02:01:21,terminal,Software Development,2,1346
2026-03-09,02:23:48,VS Code,Software Development,2,1495
2026-03-09,02:48:43,VS Code,Software Development,2,1225
2026-03-09,03:09:09,VS Code,Software Development,2,799
2026-03-09,03:22:29,VS Code,Software Development,2,731
2026-03-09,03:34:41,terminal,Software Development,2,626
2026-03-09,03:45:08,VS Code,Software Development,2,1309
2026-03-09,04:06:57,terminal,Software Development,2,880
2026-03-09,04:21:37,VS Code,Software Development,2,1165
2026-03-09,04:41:03,VS Code,Software Development,2,628
2026-03-09,04:51:32,github.com,Software Development,2,767
2026-03-09,05:04:19,github.com,Software Development,2,872
2026-03-09,05:18:52,VS Code,Software Development,2,477
2026-03-09,05:26:49,VS Code,Software Development,2,1027
2026-03-09,05:43:57,VS Code,Software Development,2,1147
2026-03-09,06:03:05,VS Code,Software Development,2,1039
2026-03-09,06:20:24,VS Code,Software Development,2,406
2026-03-09,06:27:10,terminal,Software Development,2,1261
2026-03-09,06:48:12,VS Code,Software Development,2,734
2026-03-09,07:00:26,github.com,Software Development,2,328
2026-03-09,07:05:55,VS Code,Software Development,2,1112
2026-03-09,07:24:27,VS Code,Software Development,2,797
2026-03-09,07:37:45,terminal,Software Development,2,727
2026-03-09,07:49:52,VS Code,Software Development,2,686
2026-03-09,08:01:19,slack.com,Communication,0,1129
2026-03-09,08:20:08,VS Code,Software Development,2,1260
2026-03-09,08:41:09,VS Code,Software Development,2,921
2026-03-09,08:56:31,VS Code,Software Development,2,595
2026-03-09,09:06:27,VS Code,Software Development,2,1129
2026-03-09,09:25:17,terminal,Software Development,2,743
2026-03-09,09:37:40,VS Code,Software Development,2,882
2026-03-09,09:52:22,VS Code,Software Development,2,464
2026-03-09,10:00:07,VS Code,Software Development,2,1277
2026-03-09,10:21:24,stackoverflow.com,Reference & Learning,1,309
2026-03-09,10:26:34,VS Code,Software Development,2,1116
2026-03-09,10:45:11,terminal,Software Development,2,1258
2026-03-09,11:06:10,slack.com,Communication,0,803
2026-03-09,11:19:33,github.com,Software Development,2,461
2026-03-09,11:27:15,terminal,Software Development,2,947
2026-03-09,11:43:02,VS Code,Software Development,2,190
2026-03-09,11:46:13,youtube.com,Entertainment,-2,301
2026-03-09,11:51:15,stackoverflow.com,Reference & Learning,1,262
2026-03-09,11:55:37,VS Code,Software Development,2,116
2026-03-09,11:57:33,docs.google.com,Reference & Learning,1,34
2026-03-09,11:58:08,docs.google.com,Reference & Learning,1,115
2026-03-09,12:00:04,slack.com,Communication,0,222
2026-03-09,12:03:46,terminal,Software Development,2,158
2026-03-09,12:06:25,slack.com,Communication,0,289
2026-03-09,12:11:15,terminal,Software Development,2,70
2026-03-09,12:12:25,VS Code,Software Development,2,59
2026-03-09,12:13:24,slack.com,Communication,0,301
2026-03-09,12:18:26,terminal,Software Development,2,110
2026-03-09,12:20:17,youtube.com,Entertainment,-2,296
2026-03-09,12:25:14,stackoverflow.com,Reference & Learning,1,141
2026-03-09,12:27:35,slack.com,Communication,0,324
2026-03-09,12:33:00,twitter.com,Social Media,-2,61
2026-03-09,12:34:01,github.com,Software Development,2,102
2026-03-09,12:35:44,stackoverflow.com,Reference & Learning,1,146
2026-03-09,12:38:10,github.com,Software Development,2,127
2026-03-09,12:40:18,VS Code,Software Development,2,222
2026-03-09,12:44:00,github.com,Software Development,2,127
2026-03-09,12:46:08,youtube.com,Entertainment,-2,40
2026-03-09,12:46:48,slack.com,Communication,0,267
2026-03-09,12:51:16,terminal,Software Development,2,229
2026-03-09,12:55:05,terminal,Software Development,2,58
2026-03-09,12:56:04,docs.google.com,Reference & Learning,1,317
2026-03-09,13:01:22,docs.google.com,Reference & Learning,1,210
2026-03-09,13:04:52,stackoverflow.com,Reference & Learning,1,91
2026-03-09,13:06:24,twitter.com,Social Media,-2,160
2026-03-09,13:09:04,github.com,Software Development,2,189
2026-03-09,13:12:14,terminal,Software Development,2,199
2026-03-09,13:15:33,stackoverflow.com,Reference & Learning,1,92
2026-03-09,13:17:05,stackoverflow.com,Reference & Learning,1,238
2026-03-09,13:21:03,youtube.com,Entertainment,-2,132
2026-03-09,13:23:16,slack.com,Communication,0,246
2026-03-09,13:27:22,slack.com,Communication,0,107
2026-03-09,13:29:09,github.com,Software Development,2,265
2026-03-09,13:33:35,docs.google.com,Reference & Learning,1,33
2026-03-09,13:34:08,terminal,Software Development,2,120
2026-03-09,13:36:09,twitter.com,Social Media,-2,101
2026-03-09,13:37:50,twitter.com,Social Media,-2,219
2026-03-09,13:41:30,github.com,Software Development,2,132
2026-03-09,13:43:42,mail.google.com,Communication,0,194
2026-03-09,13:46:57,youtube.com,Entertainment,-2,296
2026-03-09,13:51:54,mail.google.com,Communication,0,310
2026-03-09,13:57:04,twitter.com,Social Media,-2,167
2026-03-09,13:59:51,terminal,Software Development,2,249
2026-03-09,14:04:01,docs.google.com,Reference & Learning,1,281
2026-03-09,14:08:43,youtube.com,Entertainment,-2,242
2026-03-09,14:12:46,docs.google.com,Reference & Learning,1,83
2026-03-09,14:14:09,youtube.com,Entertainment,-2,310
2026-03-09,14:19:19,terminal,Software Development,2,133
2026-03-09,14:21:33,github.com,Software Development,2,920
2026-03-09,14:36:54,terminal,Software Development,2,1249
2026-03-09,14:57:43,VS Code,Software Development,2,574
2026-03-09,15:07:17,VS Code,Software Development,2,1495
2026-03-09,15:32:13,VS Code,Software Development,2,332
2026-03-09,15:37:46,VS Code,Software Development,2,752
2026-03-09,15:50:18,VS Code,Software Development,2,1086
2026-03-09,16:08:24,github.com,Software Development,2,532
2026-03-09,16:17:16,VS Code,Software Development,2,1122
2026-03-09,16:35:59,VS Code,Software Development,2,930
2026-03-09,16:51:29,terminal,Software Development,2,858
2026-03-09,17:05:47,terminal,Software Development,2,1002
2026-03-09,17:22:30,mail.google.com,Communication,0,1094
2026-03-09,17:40:44,VS Code,Software Development,2,1023
2026-03-09,17:57:48,github.com,Software Development,2,427
2026-03-09,18:04:56,VS Code,Software Development,2,1197
2026-03-09,18:24:54,VS Code,Software Development,2,705
2026-03-09,18:36:39,VS Code,Software Development,2,875
2026-03-09,18:51:15,VS Code,Software Development,2,1035
2026-03-09,19:08:31,VS Code,Software Development,2,946
2026-03-09,19:24:17,VS Code,Software Development,2,525
2026-03-09,19:33:02,VS Code,Software Development,2,852
2026-03-09,19:47:15,VS Code,Software Development,2,1042
2026-03-09,20:04:37,terminal,Software Development,2,863
2026-03-09,20:19:01,github.com,Software Development,2,1128
2026-03-09,20:37:49,VS Code,Software Development,2,499
2026-03-09,20:46:08,VS Code,Software Development,2,424
2026-03-09,20:53:13,VS Code,Software Development,2,486
2026-03-09,21:01:19,terminal,Software Development,2,895
2026-03-09,21:16:14,VS Code,Software Development,2,895
2026-03-09,21:31:10,VS Code,Software Development,2,1371
2026-03-09,21:54:01,github.com,Software Development,2,1298
2026-03-09,22:15:39,VS Code,Software Development,2,619
2026-03-09,22:25:59,VS Code,Software Development,2,1131
2026-03-09,22:44:50,VS Code,Software Development,2,1223
2026-03-09,23:05:14,VS Code,Software Development,2,1446
2026-03-09,23:29:20,VS Code,Software Development,2,1287
2026-03-09,23:50:48,VS Code,Software Development,2,1013
2026-03-10,00:07:41,VS Code,Software Development,2,494
2026-03-10,00:15:56,stackoverflow.com,Reference & Learning,1,549
2026-03-10,00:25:06,terminal,Software Development,2,1390
2026-03-10,00:48:16,VS Code,Software Development,2,1323
2026-03-10,10:44:46,VS Code,Software Development,2,258
2026-03-10,10:49:05,terminal,Software Development,2,171
2026-03-10,10:51:57,VS Code,Software Development,2,291
2026-03-10,10:56:48,twitter.com,Social Media,-2,211
2026-03-10,11:00:19,slack.com,Communication,0,70
2026-03-10,11:01:29,youtube.com,Entertainment,-2,305
2026-03-10,11:06:35,mail.google.com,Communication,0,159
2026-03-10,11:09:15,mail.google.com,Communication,0,141
2026-03-10,11:11:36,terminal,Software Development,2,225
2026-03-10,11:15:21,mail.google.com,Communication,0,61
2026-03-10,11:16:23,github.com,Software Development,2,201
2026-03-10,11:19:44,VS Code,Software Development,2,122
2026-03-10,11:21:46,github.com,Software Development,2,52
2026-03-10,11:22:39,stackoverflow.com,Reference & Learning,1,328
2026-03-10,11:28:07,stackoverflow.com,Reference & Learning,1,204
2026-03-10,11:31:32,github.com,Software Development,2,226
2026-03-10,11:35:18,slack.com,Communication,0,122
2026-03-10,11:37:20,twitter.com,Social Media,-2,235
2026-03-10,11:41:15,stackoverflow.com,Reference & Learning,1,137
2026-03-10,11:43:33,docs.google.com,Reference & Learning,1,149
2026-03-10,11:46:03,youtube.com,Entertainment,-2,191
2026-03-10,11:49:14,twitter.com,Social Media,-2,165
2026-03-10,11:52:00,VS Code,Software Development,2,1494
2026-03-10,12:16:54,stackoverflow.com,Reference & Learning,1,819
2026-03-10,12:30:34,VS Code,Software Development,2,572
2026-03-10,12:40:06,VS Code,Software Development,2,1127
2026-03-10,12:58:54,VS Code,Software Development,2,547
2026-03-10,13:08:01,VS Code,Software Development,2,406
2026-03-10,13:14:48,VS Code,Software Development,2,912
2026-03-10,13:30:01,VS Code,Software Development,2,1054
2026-03-10,13:47:36,VS Code,Software Development,2,482
2026-03-10,13:55:38,VS Code,Software Development,2,880
2026-03-10,14:10:19,VS Code,Software Development,2,1487
2026-03-10,14:35:06,terminal,Software Development,2,897
2026-03-10,14:50:03,VS Code,Software Development,2,1218
2026-03-10,15:10:22,VS Code,Software Development,2,758
2026-03-10,15:23:01,VS Code,Software Development,2,587
2026-03-10,15:32:48,VS Code,Software Development,2,433
2026-03-10,15:40:01,VS Code,Software Development,2,647
2026-03-10,15:50:48,VS Code,Software Development,2,1190
2026-03-10,16:10:38,VS Code,Software Development,2,1424
2026-03-10,16:34:23,VS Code,Software Development,2,1322
2026-03-10,16:56:26,VS Code,Software Development,2,1443
2026-03-10,17:20:29,VS Code,Software Development,2,427
2026-03-10,17:27:37,github.com,Software Development,2,480
2026-03-10,17:35:38,VS Code,Software Development,2,538
2026-03-10,17:44:36,terminal,Software Development,2,1191
2026-03-10,18:04:27,VS Code,Software Development,2,1239
2026-03-10,18:25:07,VS Code,Software Development,2,446
2026-03-10,18:32:34,VS Code,Software Development,2,1208
2026-03-10,18:52:43,VS Code,Software Development,2,481
2026-03-10,19:00:44,VS Code,Software Development,2,998
2026-03-10,19:17:23,VS Code,Software Development,2,1479
2026-03-11,05:09:20,youtube.com,Entertainment,-2,276
2026-03-11,05:13:57,terminal,Software Development,2,239
2026-03-11,05:17:56,slack.com,Communication,0,291
2026-03-11,05:22:48,twitter.com,Social Media,-2,181
2026-03-11,05:25:49,terminal,Software Development,2,302
2026-03-11,05:30:51,terminal,Software Development,2,96
2026-03-11,05:32:28,youtube.com,Entertainment,-2,117
2026-03-11,05:34:25,slack.com,Communication,0,254
2026-03-11,05:38:40,youtube.com,Entertainment,-2,253
2026-03-11,05:42:54,mail.google.com,Communication,0,298
2026-03-11,05:47:53,docs.google.com,Reference & Learning,1,282
2026-03-11,05:52:35,docs.google.com,Reference & Learning,1,133
2026-03-11,05:54:48,docs.google.com,Reference & Learning,1,47
2026-03-11,05:55:35,VS Code,Software Development,2,118
2026-03-11,05:57:33,slack.com,Communication,0,219
2026-03-11,06:01:13,twitter.com,Social Media,-2,138
2026-03-11,06:03:31,twitter.com,Social Media,-2,157
2026-03-11,06:06:09,mail.google.com,Communication,0,145
2026-03-11,06:08:34,terminal,Software Development,2,168
2026-03-11,06:11:22,terminal,Software Development,2,160
2026-03-11,06:14:03,youtube.com,Entertainment,-2,130
2026-03-11,06:16:14,youtube.com,Entertainment,-2,293
2026-03-11,06:21:08,github.com,Software Development,2,287
2026-03-11,06:25:55,mail.google.com,Communication,0,265
2026-03-11,06:30:20,docs.google.com,Reference & Learning,1,217
2026-03-11,12:51:35,github.com,Software Development,2,69
2026-03-11,12:52:45,twitter.com,Social Media,-2,52
2026-03-11,12:53:38,twitter.com,Social Media,-2,41
2026-03-11,12:54:19,slack.com,Communication,0,319
2026-03-11,12:59:38,stackoverflow.com,Reference & Learning,1,224
2026-03-11,13:03:23,terminal,Software Development,2,94
2026-03-11,13:04:58,stackoverflow.com,Reference & Learning,1,75
2026-03-11,13:06:14,slack.com,Communication,0,184
2026-03-11,13:09:18,docs.google.com,Reference & Learning,1,85
2026-03-11,13:10:43,stackoverflow.com,Reference & Learning,1,280
2026-03-11,13:15:24,github.com,Software Development,2,323
2026-03-11,13:20:47,slack.com,Communication,0,127
2026-03-11,13:22:55,docs.google.com,Reference & Learning,1,241
2026-03-11,13:26:57,twitter.com,Social Media,-2,203
2026-03-11,13:30:20,youtube.com,Entertainment,-2,189
2026-03-11,13:33:30,github.com,Software Development,2,55
2026-03-11,13:34:25,terminal,Software Development,2,220
2026-03-11,13:38:05,terminal,Software Development,2,242
2026-03-11,13:42:07,mail.google.com,Communication,0,286
2026-03-11,13:46:54,twitter.com,Social Media,-2,237
2026-03-11,13:50:51,docs.google.com,Reference & Learning,1,113
2026-03-11,13:52:44,VS Code,Software Development,2,124
2026-03-11,13:54:49,VS Code,Software Development,2,129
2026-03-11,13:56:58,stackoverflow.com,Reference & Learning,1,261
2026-03-11,14:01:20,VS Code,Software Development,2,425
2026-03-11,14:08:26,VS Code,Software Development,2,1123
2026-03-11,14:27:10,VS Code,Software Development,2,365
2026-03-11,14:33:15,twitter.com,Social Media,-2,856
2026-03-11,14:47:32,github.com,Software Development,2,624
2026-03-11,14:57:56,VS Code,Software Development,2,615
2026-03-11,15:08:12,VS Code,Software Development,2,380
2026-03-11,15:14:33,VS Code,Software Development,2,1041
2026-03-11,15:31:54,mail.google.com,Communication,0,1371
2026-03-11,15:54:46,VS Code,Software Development,2,947
2026-03-11,16:10:33,VS Code,Software Development,2,223
2026-03-11,16:14:17,github.com,Software Development,2,306
2026-03-11,16:19:23,terminal,Software Development,2,166
2026-03-11,16:22:10,VS Code,Software Development,2,94
2026-03-11,16:23:44,VS Code,Software Development,2,267
2026-03-11,16:28:12,stackoverflow.com,Reference & Learning,1,115
2026-03-11,16:30:08,youtube.com,Entertainment,-2,140
2026-03-11,16:32:28,slack.com,Communication,0,178
2026-03-11,16:35:26,mail.google.com,Communication,0,114
2026-03-11,16:37:20,github.com,Software Development,2,146
2026-03-11,16:39:47,github.com,Software Development,2,226
2026-03-11,16:43:34,slack.com,Communication,0,85
2026-03-11,16:44:59,terminal,Software Development,2,77
2026-03-11,16:46:17,terminal,Software Development,2,54
2026-03-11,16:47:12,github.com,Software Development,2,269
2026-03-11,16:51:41,VS Code,Software Development,2,220
2026-03-11,16:55:22,terminal,Software Development,2,216
2026-03-11,16:58:59,terminal,Software Development,2,223
2026-03-11,17:02:43,youtube.com,Entertainment,-2,298
2026-03-11,17:07:42,github.com,Software Development,2,70
2026-03-11,17:08:52,mail.google.com,Communication,0,217
2026-03-11,17:12:29,twitter.com,Social Media,-2,136
2026-03-11,17:14:46,docs.google.com,Reference & Learning,1,60
2026-03-11,17:15:46,stackoverflow.com,Reference & Learning,1,323
2026-03-11,17:21:10,youtube.com,Entertainment,-2,235
2026-03-11,17:25:06,VS Code,Software Development,2,81
2026-03-11,17:26:27,terminal,Software Development,2,202
2026-03-11,17:29:49,twitter.com,Social Media,-2,144
2026-03-11,17:32:14,github.com,Software Development,2,184
2026-03-11,17:35:19,docs.google.com,Reference & Learning,1,77
2026-03-11,17:36:37,VS Code,Software Development,2,232
2026-03-11,17:40:30,stackoverflow.com,Reference & Learning,1,56
2026-03-11,17:41:26,twitter.com,Social Media,-2,48
2026-03-11,17:42:15,github.com,Software Development,2,61
2026-03-11,17:43:16,VS Code,Software Development,2,100
2026-03-11,17:44:57,github.com,Software Development,2,212
2026-03-11,17:48:29,docs.google.com,Reference & Learning,1,283
2026-03-11,17:53:13,mail.google.com,Communication,0,217
2026-03-11,17:56:50,terminal,Software Development,2,234
2026-03-11,18:00:45,terminal,Software Development,2,103
2026-03-11,18:02:28,twitter.com,Social Media,-2,55
2026-03-11,18:03:24,docs.google.com,Reference & Learning,1,118
2026-03-11,18:05:22,docs.google.com,Reference & Learning,1,141
2026-03-11,18:07:43,github.com,Software Development,2,95
2026-03-11,18:09:19,VS Code,Software Development,2,113
2026-03-11,18:11:13,VS Code,Software Development,2,951
2026-03-11,18:27:04,terminal,Software Development,2,301
2026-03-11,18:32:06,VS Code,Software Development,2,1023
2026-03-11,18:49:09,stackoverflow.com,Reference & Learning,1,1028
2026-03-11,19:06:18,VS Code,Software Development,2,573
2026-03-11,19:15:51,VS Code,Software Development,2,1182
2026-03-11,19:35:33,terminal,Software Development,2,798
2026-03-11,19:48:52,VS Code,Software Development,2,447
2026-03-11,19:56:19,VS Code,Software Development,2,1145
2026-03-11,20:15:24,VS Code,Software Development,2,704
2026-03-11,20:27:08,slack.com,Communication,0,1497
2026-03-11,20:52:05,VS Code,Software Development,2,1463
2026-03-11,21:16:28,VS Code,Software Development,2,355
2026-03-11,21:22:24,VS Code,Software Development,2,397
2026-03-11,21:29:01,VS Code,Software Development,2,1436
2026-03-11,21:52:58,github.com,Software Development,2,1266
2026-03-11,22:14:04,terminal,Software Development,2,205
2026-03-11,22:17:30,twitter.com,Social Media,-2,224
2026-03-11,22:21:14,github.com,Software Development,2,288
2026-03-11,22:26:03,mail.google.com,Communication,0,324
2026-03-11,22:31:27,twitter.com,Social Media,-2,107
2026-03-11,22:33:15,slack.com,Communication,0,133
2026-03-11,22:35:29,slack.com,Communication,0,48
2026-03-11,22:36:17,terminal,Software Development,2,44
2026-03-11,22:37:01,docs.google.com,Reference & Learning,1,324
2026-03-11,22:42:25,terminal,Software Development,2,233
2026-03-11,22:46:18,terminal,Software Development,2,90
2026-03-11,22:47:48,github.com,Software Development,2,75
2026-03-11,22:49:04,youtube.com,Entertainment,-2,76
2026-03-11,22:50:21,stackoverflow.com,Reference & Learning,1,201
2026-03-11,22:53:42,mail.google.com,Communication,0,270
2026-03-11,22:58:13,terminal,Software Development,2,32
2026-03-11,22:58:46,youtube.com,Entertainment,-2,310
2026-03-11,23:03:56,terminal,Software Development,2,38
2026-03-11,23:04:35,terminal,Software Development,2,68
2026-03-11,23:05:44,mail.google.com,Communication,0,115
2026-03-11,23:07:40,docs.google.com,Reference & Learning,1,195
2026-03-11,23:10:55,docs.google.com,Reference & Learning,1,316
2026-03-11,23:16:11,docs.google.com,Reference & Learning,1,251
2026-03-11,23:20:23,twitter.com,Social Media,-2,31
2026-03-11,23:20:55,youtube.com,Entertainment,-2,248
2026-03-11,23:25:03,stackoverflow.com,Reference & Learning,1,119
2026-03-11,23:27:02,github.com,Software Development,2,77
2026-03-11,23:28:19,twitter.com,Social Media,-2,162
2026-03-11,23:31:01,terminal,Software Development,2,141
2026-03-11,23:33:23,terminal,Software Development,2,139
2026-03-11,23:35:43,terminal,Software Development,2,159
2026-03-11,23:38:22,VS Code,Software Development,2,95
2026-03-11,23:39:57,stackoverflow.com,Reference & Learning,1,148
2026-03-11,23:42:26,twitter.com,Social Media,-2,234
2026-03-11,23:46:20,terminal,Software Development,2,83
2026-03-11,23:47:43,twitter.com,Social Media,-2,257
2026-03-11,23:52:01,stackoverflow.com,Reference & Learning,1,244
2026-03-11,23:56:06,stackoverflow.com,Reference & Learning,1,152
2026-03-11,23:58:38,twitter.com,Social Media,-2,72
2026-03-11,23:59:51,slack.com,Communication,0,46
2026-03-12,00:00:37,github.com,Software Development,2,263
2026-03-12,00:05:01,slack.com,Communication,0,71
2026-03-12,00:06:12,VS Code,Software Development,2,252
2026-03-12,00:10:25,terminal,Software Development,2,318
2026-03-12,00:15:43,terminal,Software Development,2,296
2026-03-12,00:20:39,slack.com,Communication,0,104
2026-03-12,00:22:23,mail.google.com,Communication,0,47
2026-03-12,00:23:11,mail.google.com,Communication,0,199
2026-03-12,00:26:30,youtube.com,Entertainment,-2,290
2026-03-12,00:31:21,docs.google.com,Reference & Learning,1,326
2026-03-12,00:36:48,terminal,Software Development,2,165
2026-03-12,00:39:33,mail.google.com,Communication,0,180
2026-03-12,00:42:33,twitter.com,Social Media,-2,178
2026-03-12,00:45:31,mail.google.com,Communication,0,93
2026-03-12,00:47:05,terminal,Software Development,2,224
2026-03-12,00:50:50,youtube.com,Entertainment,-2,161
2026-03-12,00:53:32,stackoverflow.com,Reference & Learning,1,48
2026-03-12,00:54:20,docs.google.com,Reference & Learning,1,32
2026-03-12,00:54:53,slack.com,Communication,0,101
2026-03-12,00:56:34,slack.com,Communication,0,176
2026-03-12,00:59:30,mail.google.com,Communication,0,30
2026-03-12,01:00:01,github.com,Software Development,2,190
2026-03-12,01:03:11,docs.google.com,Reference & Learning,1,175
2026-03-12,01:06:07,docs.google.com,Reference & Learning,1,51
2026-03-12,01:06:58,github.com,Software Development,2,150
2026-03-12,01:09:28,VS Code,Software Development,2,80
2026-03-12,01:10:49,github.com,Software Development,2,263
2026-03-12,01:15:13,VS Code,Software Development,2,34
2026-03-12,01:15:48,github.com,Software Development,2,140
2026-03-12,01:18:08,slack.com,Communication,0,59
2026-03-12,01:19:08,twitter.com,Social Media,-2,237
2026-03-12,01:23:06,twitter.com,Social Media,-2,249
2026-03-12,01:27:15,mail.google.com,Communication,0,147
2026-03-12,01:29:43,docs.google.com,Reference & Learning,1,239
2026-03-12,01:33:43,youtube.com,Entertainment,-2,234
2026-03-12,01:37:38,stackoverflow.com,Reference & Learning,1,89
2026-03-12,01:39:07,docs.google.com,Reference & Learning,1,322
2026-03-12,01:44:29,VS Code,Software Development,2,827
2026-03-12,01:58:17,VS Code,Software Development,2,906
2026-03-12,02:13:23,VS Code,Software Development,2,901
2026-03-12,02:28:25,VS Code,Software Development,2,360
2026-03-12,02:34:26,VS Code,Software Development,2,970
2026-03-12,02:50:37,terminal,Software Development,2,1470
2026-03-12,03:15:07,VS Code,Software Development,2,1083
2026-03-12,03:33:11,terminal,Software Development,2,1343
2026-03-12,03:55:35,VS Code,Software Development,2,927
2026-03-12,04:11:02,terminal,Software Development,2,317
2026-03-12,04:16:19,VS Code,Software Development,2,959
2026-03-12,04:32:19,VS Code,Software Development,2,1457
2026-03-12,04:56:36,github.com,Software Development,2,79
2026-03-12,04:57:55,youtube.com,Entertainment,-2,225
2026-03-12,05:01:40,youtube.com,Entertainment,-2,154
2026-03-12,05:04:15,slack.com,Communication,0,263
2026-03-12,05:08:38,docs.google.com,Reference & Learning,1,325
2026-03-12,05:14:03,slack.com,Communication,0,177
2026-03-12,05:17:01,slack.com,Communication,0,72
2026-03-12,05:18:14,terminal,Software Development,2,166
2026-03-12,05:21:00,github.com,Software Development,2,37
2026-03-12,05:21:37,stackoverflow.com,Reference & Learning,1,47
2026-03-12,05:22:25,github.com,Software Development,2,216
2026-03-12,05:26:02,slack.com,Communication,0,162
2026-03-12,05:28:45,youtube.com,Entertainment,-2,206
2026-03-12,05:32:12,stackoverflow.com,Reference & Learning,1,155
2026-03-12,05:34:47,VS Code,Software Development,2,236
2026-03-12,05:38:44,github.com,Software Development,2,278
2026-03-12,05:43:22,github.com,Software Development,2,121
2026-03-12,05:45:23,VS Code,Software Development,2,184
2026-03-12,05:48:28,terminal,Software Development,2,123
2026-03-12,05:50:32,stackoverflow.com,Reference & Learning,1,253
2026-03-12,05:54:45,mail.google.com,Communication,0,73
2026-03-12,05:55:59,VS Code,Software Development,2,322
2026-03-12,06:01:22,docs.google.com,Reference & Learning,1,161
2026-03-12,06:04:03,VS Code,Software Development,2,660
2026-03-12,06:15:04,github.com,Software Development,2,860
2026-03-12,06:29:24,VS Code,Software Development,2,1405
2026-03-12,06:52:50,github.com,Software Development,2,723
2026-03-12,07:04:53,VS Code,Software Development,2,1471
2026-03-12,07:29:24,terminal,Software Development,2,1465
2026-03-12,07:53:50,VS Code,Software Development,2,669
2026-03-12,08:04:59,VS Code,Software Development,2,653
2026-03-12,08:15:53,terminal,Software Development,2,1180
2026-03-12,08:35:33,VS Code,Software Development,2,1231
2026-03-12,08:56:05,VS Code,Software Development,2,1211
2026-03-12,09:16:17,github.com,Software Development,2,1117
2026-03-12,09:34:55,VS Code,Software Development,2,1417
2026-03-12,09:58:32,VS Code,Software Development,2,655
2026-03-12,10:09:27,VS Code,Software Development,2,1046
2026-03-12,10:26:54,VS Code,Software Development,2,894
2026-03-12,10:41:49,terminal,Software Development,2,570
2026-03-12,10:51:20,VS Code,Software Development,2,808
2026-03-12,11:04:49,VS Code,Software Development,2,768
2026-03-12,11:17:37,github.com,Software Development,2,1442
2026-03-12,11:41:40,terminal,Software Development,2,391
2026-03-12,11:48:11,VS Code,Software Development,2,512
2026-03-12,11:56:43,VS Code,Software Development,2,665
2026-03-12,12:07:49,VS Code,Software Development,2,1298
2026-03-12,12:29:27,stackoverflow.com,Reference & Learning,1,1009
2026-03-12,12:46:17,VS Code,Software Development,2,1286
2026-03-12,13:07:43,github.com,Software Development,2,1386
2026-03-12,13:30:50,VS Code,Software Development,2,1027
2026-03-12,13:47:57,github.com,Software Development,2,1312
2026-03-12,14:09:49,VS Code,Software Development,2,1457
2026-03-12,14:34:07,VS Code,Software Development,2,702
2026-03-12,14:45:49,terminal,Software Development,2,1175
2026-03-12,15:05:24,VS Code,Software Development,2,1412
2026-03-12,15:28:56,VS Code,Software Development,2,952
2026-03-12,15:44:49,VS Code,Software Development,2,595
2026-03-12,15:54:44,VS Code,Software Development,2,567
2026-03-12,16:04:11,terminal,Software Development,2,1271
2026-03-12,16:25:23,VS Code,Software Development,2,332
2026-03-12,16:30:56,VS Code,Software Development,2,502
2026-03-12,16:39:18,VS Code,Software Development,2,712
2026-03-12,16:51:10,VS Code,Software Development,2,487
2026-03-12,16:59:17,terminal,Software Development,2,337
2026-03-12,17:04:54,VS Code,Software Development,2,855
2026-03-12,17:19:10,VS Code,Software Development,2,890
2026-03-12,17:34:01,terminal,Software Development,2,1244
2026-03-12,17:54:46,slack.com,Communication,0,768
2026-03-12,18:07:34,github.com,Software Development,2,374
2026-03-12,18:13:48,docs.google.com,Reference & Learning,1,961
2026-03-12,18:29:50,github.com,Software Development,2,965
2026-03-12,18:45:56,VS Code,Software Development,2,824
2026-03-12,18:59:40,github.com,Software Development,2,310
2026-03-12,19:04:50,VS Code,Software Development,2,1469
2026-03-12,19:29:20,terminal,Software Development,2,1163
2026-03-12,19:48:43,VS Code,Software Development,2,1354
2026-03-12,20:11:18,VS Code,Software Development,2,897
2026-03-12,20:26:15,VS Code,Software Development,2,903
2026-03-12,20:41:19,VS Code,Software Development,2,424
2026-03-12,20:48:23,terminal,Software Development,2,1045
2026-03-12,21:05:48,docs.google.com,Reference & Learning,1,504
2026-03-12,21:14:13,VS Code,Software Development,2,1169
2026-03-12,21:33:42,terminal,Software Development,2,916
2026-03-12,21:48:58,VS Code,Software Development,2,786
2026-03-12,22:02:05,VS Code,Software Development,2,1316
2026-03-12,22:24:02,VS Code,Software Development,2,1490
2026-03-12,22:48:53,stackoverflow.com,Reference & Learning,1,134
2026-03-12,22:51:08,slack.com,Communication,0,306
2026-03-12,22:56:14,slack.com,Communication,0,287
2026-03-12,23:01:02,VS Code,Software Development,2,258
2026-03-12,23:05:21,VS Code,Software Development,2,89
2026-03-12,23:06:50,stackoverflow.com,Reference & Learning,1,124
2026-03-12,23:08:54,twitter.com,Social Media,-2,289
2026-03-12,23:13:43,youtube.com,Entertainment,-2,76
2026-03-12,23:15:00,twitter.com,Social Media,-2,165
2026-03-12,23:17:45,docs.google.com,Reference & Learning,1,256
2026-03-12,23:22:02,terminal,Software Development,2,201
2026-03-12,23:25:23,docs.google.com,Reference & Learning,1,278
2026-03-12,23:30:02,stackoverflow.com,Reference & Learning,1,276
2026-03-12,23:34:38,docs.google.com,Reference & Learning,1,36
2026-03-12,23:35:15,VS Code,Software Development,2,48
2026-03-12,23:36:03,slack.com,Communication,0,87
2026-03-12,23:37:30,slack.com,Communication,0,30
2026-03-12,23:38:01,youtube.com,Entertainment,-2,272
2026-03-12,23:42:33,github.com,Software Development,2,58
2026-03-12,23:43:32,VS Code,Software Development,2,128
2026-03-12,23:45:41,stackoverflow.com,Reference & Learning,1,310
2026-03-12,23:50:51,stackoverflow.com,Reference & Learning,1,267
2026-03-12,23:55:19,mail.google.com,Communication,0,155
2026-03-12,23:57:54,terminal,Software Development,2,57
2026-03-12,23:58:52,youtube.com,Entertainment,-2,246
2026-03-13,00:02:58,terminal,Software Development,2,232
2026-03-13,00:06:51,slack.com,Communication,0,161
2026-03-13,00:09:33,youtube.com,Entertainment,-2,187
2026-03-13,00:12:40,VS Code,Software Development,2,1072
2026-03-13,00:30:32,VS Code,Software Development,2,382
2026-03-13,00:36:55,VS Code,Software Development,2,789
2026-03-13,00:50:05,VS Code,Software Development,2,1221
2026-03-13,01:10:27,VS Code,Software Development,2,443
2026-03-13,01:17:50,VS Code,Software Development,2,638
2026-03-13,01:28:28,VS Code,Software Development,2,902
2026-03-13,01:43:31,VS Code,Software Development,2,1013
2026-03-13,02:00:25,terminal,Software Development,2,1422
2026-03-13,02:24:08,VS Code,Software Development,2,642
2026-03-13,02:34:50,github.com,Software Development,2,1268
2026-03-13,02:55:58,VS Code,Software Development,2,120
2026-03-13,02:57:58,docs.google.com,Reference & Learning,1,177
2026-03-13,03:00:56,VS Code,Software Development,2,120
2026-03-13,03:02:57,VS Code,Software Development,2,292
2026-03-13,03:07:50,terminal,Software Development,2,261
2026-03-13,03:12:11,slack.com,Communication,0,60
2026-03-13,03:13:11,docs.google.com,Reference & Learning,1,274
2026-03-13,03:17:46,youtube.com,Entertainment,-2,108
2026-03-13,03:19:34,docs.google.com,Reference & Learning,1,241
2026-03-13,03:23:36,VS Code,Software Development,2,255
2026-03-13,03:27:51,stackoverflow.com,Reference & Learning,1,210
2026-03-13,03:31:22,docs.google.com,Reference & Learning,1,201
2026-03-13,03:34:43,github.com,Software Development,2,144
2026-03-13,03:37:08,mail.google.com,Communication,0,185
2026-03-13,03:40:13,github.com,Software Development,2,251
2026-03-13,03:44:25,github.com,Software Development,2,98
2026-03-13,03:46:03,terminal,Software Development,2,302
2026-03-13,03:51:05,docs.google.com,Reference & Learning,1,241
2026-03-13,03:55:07,stackoverflow.com,Reference & Learning,1,123
2026-03-13,03:57:10,terminal,Software Development,2,87
2026-03-13,03:58:38,terminal,Software Development,2,197
2026-03-13,04:01:55,VS Code,Software Development,2,131
2026-03-13,04:04:06,terminal,Software Development,2,56
2026-03-13,04:05:03,slack.com,Communication,0,32
2026-03-13,04:05:36,docs.google.com,Reference & Learning,1,274
2026-03-13,04:10:11,mail.google.com,Communication,0,157
2026-03-13,04:12:48,docs.google.com,Reference & Learning,1,122
2026-03-13,04:14:51,github.com,Software Development,2,307
2026-03-13,04:19:58,docs.google.com,Reference & Learning,1,325
2026-03-13,04:25:23,slack.com,Communication,0,133
2026-03-13,04:27:36,youtube.com,Entertainment,-2,146
2026-03-13,04:30:02,mail.google.com,Communication,0,251
2026-03-13,04:34:14,docs.google.com,Reference & Learning,1,298
2026-03-13,04:39:12,github.com,Software Development,2,321
2026-03-13,04:44:34,github.com,Software Development,2,172
2026-03-13,04:47:26,github.com,Software Development,2,135
2026-03-13,04:49:41,VS Code,Software Development,2,79
2026-03-13,04:51:01,mail.google.com,Communication,0,150
2026-03-13,04:53:31,stackoverflow.com,Reference & Learning,1,300
2026-03-13,04:58:32,stackoverflow.com,Reference & Learning,1,184
2026-03-13,05:01:36,terminal,Software Development,2,174
2026-03-13,05:04:30,youtube.com,Entertainment,-2,227
2026-03-13,05:08:18,youtube.com,Entertainment,-2,275
2026-03-13,05:12:53,stackoverflow.com,Reference & Learning,1,70
2026-03-13,05:14:04,slack.com,Communication,0,274
2026-03-13,05:18:38,VS Code,Software Development,2,869
2026-03-13,05:33:08,VS Code,Software Development,2,523
2026-03-13,05:41:52,github.com,Software Development,2,1167
2026-03-13,06:01:19,VS Code,Software Development,2,1087
2026-03-13,06:19:27,VS Code,Software Development,2,937
2026-03-13,06:35:05,slack.com,Communication,0,785
2026-03-13,06:48:11,VS Code,Software Development,2,540
2026-03-13,06:57:12,VS Code,Software Development,2,653
2026-03-13,07:08:05,VS Code,Software Development,2,1209
2026-03-13,07:28:15,VS Code,Software Development,2,1198
2026-03-13,07:48:13,VS Code,Software Development,2,1000
2026-03-13,08:04:53,VS Code,Software Development,2,412
2026-03-13,08:11:46,VS Code,Software Development,2,490
2026-03-13,08:19:57,VS Code,Software Development,2,982
2026-03-13,08:36:19,VS Code,Software Development,2,1426
2026-03-13,09:00:05,VS Code,Software Development,2,1393
2026-03-13,09:23:18,VS Code,Software Development,2,1452
2026-03-13,09:47:31,VS Code,Software Development,2,970
2026-03-13,10:03:41,VS Code,Software Development,2,595
2026-03-13,10:13:37,VS Code,Software Development,2,1065
2026-03-13,10:31:22,VS Code,Software Development,2,818
2026-03-13,10:45:00,VS Code,Software Development,2,848
2026-03-13,10:59:08,github.com,Software Development,2,1075
2026-03-13,11:17:04,VS Code,Software Development,2,1344
2026-03-13,11:39:29,VS Code,Software Development,2,1270
2026-03-13,12:00:39,docs.google.com,Reference & Learning,1,43
2026-03-13,12:01:22,docs.google.com,Reference & Learning,1,320
2026-03-13,12:06:43,docs.google.com,Reference & Learning,1,269
2026-03-13,12:11:12,docs.google.com,Reference & Learning,1,120
2026-03-13,12:13:12,docs.google.com,Reference & Learning,1,315
2026-03-13,12:18:28,docs.google.com,Reference & Learning,1,270
2026-03-13,12:22:58,github.com,Software Development,2,132
2026-03-13,12:25:11,mail.google.com,Communication,0,258
2026-03-13,12:29:30,docs.google.com,Reference & Learning,1,139
2026-03-13,12:31:49,slack.com,Communication,0,215
2026-03-13,12:35:25,twitter.com,Social Media,-2,84
2026-03-13,12:36:49,terminal,Software Development,2,296
2026-03-13,12:41:46,stackoverflow.com,Reference & Learning,1,80
2026-03-13,12:43:07,VS Code,Software Development,2,41
2026-03-13,12:43:49,mail.google.com,Communication,0,103
2026-03-13,12:45:32,mail.google.com,Communication,0,191
2026-03-13,12:48:44,youtube.com,Entertainment,-2,134
2026-03-13,12:50:58,terminal,Software Development,2,267
2026-03-13,12:55:25,youtube.com,Entertainment,-2,175
2026-03-13,12:58:21,github.com,Software Development,2,80
2026-03-13,12:59:42,mail.google.com,Communication,0,281
2026-03-13,13:04:24,terminal,Software Development,2,286
2026-03-13,13:09:11,stackoverflow.com,Reference & Learning,1,128
2026-03-13,13:11:19,terminal,Software Development,2,295
2026-03-13,13:16:15,slack.com,Communication,0,261
2026-03-13,13:20:37,twitter.com,Social Media,-2,47
2026-03-13,13:21:24,github.com,Software Development,2,43
2026-03-13,13:22:08,stackoverflow.com,Reference & Learning,1,118
2026-03-13,13:24:07,slack.com,Communication,0,187
2026-03-13,13:27:15,github.com,Software Development,2,60
2026-03-13,13:28:15,mail.google.com,Communication,0,181
2026-03-13,13:31:17,terminal,Software Development,2,262
2026-03-13,13:35:40,twitter.com,Social Media,-2,134
2026-03-13,13:37:54,terminal,Software Development,2,36
2026-03-13,13:38:31,stackoverflow.com,Reference & Learning,1,268
2026-03-13,13:43:00,terminal,Software Development,2,269
2026-03-13,13:47:29,terminal,Software Development,2,132
2026-03-13,13:49:41,mail.google.com,Communication,0,139
2026-03-13,13:52:00,twitter.com,Social Media,-2,102
2026-03-13,13:53:43,youtube.com,Entertainment,-2,239
2026-03-13,13:57:42,slack.com,Communication,0,66
2026-03-13,13:58:48,terminal,Software Development,2,298
2026-03-13,14:03:47,youtube.com,Entertainment,-2,80
2026-03-13,14:05:07,mail.google.com,Communication,0,135
2026-03-13,14:07:22,docs.google.com,Reference & Learning,1,177
2026-03-13,14:10:20,terminal,Software Development,2,233
2026-03-13,20:58:29,VS Code,Software Development,2,253
2026-03-13,21:02:42,mail.google.com,Communication,0,235
2026-03-13,21:06:38,terminal,Software Development,2,60
2026-03-13,21:07:39,slack.com,Communication,0,57
2026-03-13,21:08:36,docs.google.com,Reference & Learning,1,272
2026-03-13,21:13:09,stackoverflow.com,Reference & Learning,1,325
2026-03-13,21:18:34,slack.com,Communication,0,301
2026-03-13,21:23:36,twitter.com,Social Media,-2,177
2026-03-13,21:26:33,github.com,Software Development,2,86
2026-03-13,21:28:00,github.com,Software Development,2,274
2026-03-13,21:32:34,docs.google.com,Reference & Learning,1,281
2026-03-13,21:37:15,github.com,Software Development,2,116
2026-03-13,21:39:12,VS Code,Software Development,2,869
2026-03-13,21:53:41,terminal,Software Development,2,1084
2026-03-13,22:11:46,VS Code,Software Development,2,1022
2026-03-13,22:28:48,VS Code,Software Development,2,1495
2026-03-13,22:53:44,github.com,Software Development,2,388
2026-03-13,23:00:12,github.com,Software Development,2,390
2026-03-13,23:06:43,terminal,Software Development,2,780
2026-03-13,23:19:43,VS Code,Software Development,2,1020
2026-03-13,23:36:43,VS Code,Software Development,2,750
2026-03-13,23:49:14,VS Code,Software Development,2,773
2026-03-14,00:02:07,VS Code,Software Development,2,450
2026-03-14,00:09:38,VS Code,Software Development,2,1041
2026-03-14,00:26:59,VS Code,Software Development,2,413
2026-03-14,00:33:53,VS Code,Software Development,2,863
2026-03-14,00:48:17,terminal,Software Development,2,1031
2026-03-14,01:05:29,mail.google.com,Communication,0,614
2026-03-14,01:15:43,VS Code,Software Development,2,1222
2026-03-14,01:36:05,VS Code,Software Development,2,1075
2026-03-14,01:54:01,github.com,Software Development,2,781
2026-03-14,02:07:02,terminal,Software Development,2,1453
2026-03-14,02:31:16,VS Code,Software Development,2,994
2026-03-14,02:47:50,VS Code,Software Development,2,771
2026-03-14,03:00:41,github.com,Software Development,2,1077
2026-03-14,03:18:38,VS Code,Software Development,2,719
2026-03-14,03:30:37,VS Code,Software Development,2,356
2026-03-14,03:36:34,VS Code,Software Development,2,1358
2026-03-14,03:59:12,VS Code,Software Development,2,1019
2026-03-14,04:16:11,VS Code,Software Development,2,1106
2026-03-15,06:56:46,VS Code,Software Development,2,81
2026-03-15,06:58:07,docs.google.com,Reference & Learning,1,255
2026-03-15,07:02:22,stackoverflow.com,Reference & Learning,1,88
2026-03-15,07:03:50,docs.google.com,Reference & Learning,1,201
2026-03-15,07:07:12,youtube.com,Entertainment,-2,220
2026-03-15,07:10:52,twitter.com,Social Media,-2,104
2026-03-15,07:12:37,github.com,Software Development,2,155
2026-03-15,07:15:12,youtube.com,Entertainment,-2,304
2026-03-15,07:20:16,mail.google.com,Communication,0,210
2026-03-15,07:23:47,slack.com,Communication,0,302
2026-03-15,07:28:49,docs.google.com,Reference & Learning,1,216
2026-03-15,07:32:26,twitter.com,Social Media,-2,263
2026-03-15,07:36:50,docs.google.com,Reference & Learning,1,262
2026-03-15,07:41:13,VS Code,Software Development,2,985
2026-03-15,07:57:38,VS Code,Software Development,2,925
2026-03-15,08:13:03,terminal,Software Development,2,1491
2026-03-15,08:37:54,terminal,Software Development,2,698
2026-03-15,08:49:33,VS Code,Software Development,2,595
2026-03-15,08:59:28,VS Code,Software Development,2,1433
2026-03-15,09:23:22,VS Code,Software Development,2,593
2026-03-15,09:33:15,terminal,Software Development,2,1135
2026-03-15,09:52:11,VS Code,Software Development,2,759
2026-03-15,10:04:50,VS Code,Software Development,2,614
2026-03-15,10:15:05,VS Code,Software Development,2,911
2026-03-15,10:30:17,VS Code,Software Development,2,584
2026-03-15,10:40:01,stackoverflow.com,Reference & Learning,1,1032
2026-03-15,10:57:14,VS Code,Software Development,2,1144
2026-03-15,11:16:18,VS Code,Software Development,2,372
2026-03-15,11:22:31,VS Code,Software Development,2,852
2026-03-15,11:36:44,terminal,Software Development,2,1212
2026-03-15,11:56:56,VS Code,Software Development,2,405
2026-03-15,12:03:41,VS Code,Software Development,2,1304
2026-03-15,12:25:26,VS Code,Software Development,2,1083
2026-03-15,12:43:29,VS Code,Software Development,2,1499
2026-03-15,13:08:28,VS Code,Software Development,2,904
2026-03-15,13:23:32,VS Code,Software Development,2,936
2026-03-15,13:39:09,VS Code,Software Development,2,364
2026-03-15,13:45:14,VS Code,Software Development,2,1461
2026-03-15,14:09:35,VS Code,Software Development,2,362
2026-03-15,14:15:37,github.com,Software Development,2,1044
2026-03-15,14:33:01,terminal,Software Development,2,775
2026-03-15,14:45:57,VS Code,Software Development,2,830
2026-03-15,14:59:47,stackoverflow.com,Reference & Learning,1,1024
2026-03-15,15:16:52,VS Code,Software Development,2,850
2026-03-15,15:31:03,github.com,Software Development,2,431
2026-03-15,15:38:14,VS Code,Software Development,2,1202
2026-03-15,15:58:16,VS Code,Software Development,2,395
2026-03-15,16:04:52,VS Code,Software Development,2,982
2026-03-15,16:21:14,VS Code,Software Development,2,764
2026-03-15,16:33:59,VS Code,Software Development,2,577
2026-03-15,16:43:36,VS Code,Software Development,2,1275
2026-03-15,17:04:52,terminal,Software Development,2,1160
2026-03-15,17:24:13,github.com,Software Development,2,1041
2026-03-15,17:41:34,VS Code,Software Development,2,1057
2026-03-15,17:59:12,github.com,Software Development,2,603
2026-03-15,18:09:15,VS Code,Software Development,2,1008
2026-03-15,18:26:04,terminal,Software Development,2,907
2026-03-15,18:41:12,VS Code,Software Development,2,1207
2026-03-15,19:01:20,VS Code,Software Development,2,537
2026-03-15,19:10:17,terminal,Software Development,2,1192
2026-03-15,19:30:10,VS Code,Software Development,2,704
2026-03-15,19:41:54,terminal,Software Development,2,424
2026-03-15,19:48:58,VS Code,Software Development,2,1346
2026-03-15,20:11:25,VS Code,Software Development,2,356
2026-03-15,20:17:22,slack.com,Communication,0,386
2026-03-15,20:23:48,slack.com,Communication,0,758
2026-03-15,20:36:27,VS Code,Software Development,2,943
2026-03-15,20:52:10,VS Code,Software Development,2,1444
2026-03-15,21:16:15,slack.com,Communication,0,1111
2026-03-15,21:34:47,VS Code,Software Development,2,1099
2026-03-15,21:53:06,VS Code,Software Development,2,1376
2026-03-15,22:16:03,github.com,Software Development,2,734
2026-03-15,22:28:17,VS Code,Software Development,2,1406
2026-03-15,22:51:44,VS Code,Software Development,2,1393
2026-03-15,23:14:58,VS Code,Software Development,2,1099
2026-03-15,23:33:17,github.com,Software Development,2,688
2026-03-15,23:44:45,VS Code,Software Development,2,521
2026-03-15,23:53:26,terminal,Software Development,2,1044
2026-03-16,00:10:51,VS Code,Software Development,2,460
2026-03-16,00:18:31,VS Code,Software Development,2,586
2026-03-16,00:28:17,VS Code,Software Development,2,1065
2026-03-16,00:46:03,VS Code,Software Development,2,684
2026-03-16,00:57:28,VS Code,Software Development,2,529
2026-03-16,01:06:17,VS Code,Software Development,2,1268
2026-03-16,01:27:26,VS Code,Software Development,2,622
2026-03-16,01:37:49,VS Code,Software Development,2,1464
2026-03-16,02:02:14,VS Code,Software Development,2,323
2026-03-16,02:07:38,VS Code,Software Development,2,425
2026-03-16,02:14:43,VS Code,Software Development,2,1093
2026-03-16,02:32:57,terminal,Software Development,2,639
2026-03-16,02:43:36,VS Code,Software Development,2,675
2026-03-16,02:54:52,github.com,Software Development,2,416
2026-03-16,03:01:48,github.com,Software Development,2,1362
2026-03-16,03:24:30,VS Code,Software Development,2,30
2026-03-16,03:25:01,youtube.com,Entertainment,-2,130
2026-03-16,03:27:12,youtube.com,Entertainment,-2,211
2026-03-16,03:30:43,stackoverflow.com,Reference & Learning,1,84
2026-03-16,03:32:07,terminal,Software Development,2,314
2026-03-16,03:37:22,twitter.com,Social Media,-2,227
2026-03-16,03:41:10,youtube.com,Entertainment,-2,325
2026-03-16,03:46:35,youtube.com,Entertainment,-2,213
2026-03-16,03:50:09,youtube.com,Entertainment,-2,185
2026-03-16,03:53:14,terminal,Software Development,2,325
2026-03-16,03:58:40,stackoverflow.com,Reference & Learning,1,204
2026-03-16,04:02:04,stackoverflow.com,Reference & Learning,1,309
2026-03-16,04:07:14,VS Code,Software Development,2,245
2026-03-16,04:11:20,stackoverflow.com,Reference & Learning,1,93
2026-03-16,04:12:53,youtube.com,Entertainment,-2,49
2026-03-16,04:13:43,docs.google.com,Reference & Learning,1,267
2026-03-16,04:18:10,VS Code,Software Development,2,232
2026-03-16,04:22:03,youtube.com,Entertainment,-2,136
2026-03-16,04:24:19,github.com,Software Development,2,55
2026-03-16,04:25:15,slack.com,Communication,0,191
2026-03-16,04:28:26,youtube.com,Entertainment,-2,79
2026-03-16,04:29:45,terminal,Software Development,2,284
2026-03-16,04:34:30,github.com,Software Development,2,1361
2026-03-16,04:57:11,VS Code,Software Development,2,585
2026-03-16,05:06:56,VS Code,Software Development,2,988
2026-03-16,05:23:25,VS Code,Software Development,2,1403
2026-03-16,05:46:48,VS Code,Software Development,2,765
2026-03-16,05:59:33,slack.com,Communication,0,531
2026-03-16,06:08:25,VS Code,Software Development,2,544
2026-03-16,06:17:29,VS Code,Software Development,2,588
2026-03-16,06:27:18,github.com,Software Development,2,1496
2026-03-16,06:52:14,stackoverflow.com,Reference & Learning,1,152
2026-03-16,06:54:46,terminal,Software Development,2,254
2026-03-16,06:59:00,slack.com,Communication,0,100
2026-03-16,07:00:40,twitter.com,Social Media,-2,270
2026-03-16,07:05:10,VS Code,Software Development,2,38
2026-03-16,07:05:49,VS Code,Software Development,2,54
2026-03-16,07:06:44,mail.google.com,Communication,0,315
2026-03-16,07:11:59,twitter.com,Social Media,-2,139
2026-03-16,07:14:19,docs.google.com,Reference & Learning,1,251
2026-03-16,07:18:30,youtube.com,Entertainment,-2,324
2026-03-16,07:23:54,docs.google.com,Reference & Learning,1,101
2026-03-16,07:25:36,github.com,Software Development,2,320
2026-03-16,07:30:56,terminal,Software Development,2,109
2026-03-16,07:32:46,github.com,Software Development,2,64
2026-03-16,07:33:50,youtube.com,Entertainment,-2,30
2026-03-16,07:34:21,github.com,Software Development,2,253
2026-03-16,07:38:35,youtube.com,Entertainment,-2,92
2026-03-16,07:40:07,terminal,Software Development,2,312
2026-03-16,07:45:20,slack.com,Communication,0,41
2026-03-16,07:46:01,terminal,Software Development,2,79
2026-03-16,07:47:20,docs.google.com,Reference & Learning,1,105
2026-03-16,07:49:06,docs.google.com,Reference & Learning,1,219
2026-03-16,07:52:45,youtube.com,Entertainment,-2,137
2026-03-16,07:55:03,twitter.com,Social Media,-2,65
2026-03-16,07:56:09,youtube.com,Entertainment,-2,265
2026-03-16,08:00:34,twitter.com,Social Media,-2,272
2026-03-16,15:17:05,github.com,Software Development,2,366
2026-03-16,15:23:11,VS Code,Software Development,2,335
2026-03-16,15:28:47,VS Code,Software Development,2,1200
2026-03-16,15:48:47,mail.google.com,Communication,0,990
2026-03-16,16:05:18,VS Code,Software Development,2,1187
2026-03-16,16:25:05,VS Code,Software Development,2,905
2026-03-16,16:40:11,github.com,Software Development,2,370
2026-03-16,16:46:22,VS Code,Software Development,2,347
2026-03-16,16:52:09,terminal,Software Development,2,455
2026-03-16,16:59:45,terminal,Software Development,2,1037
2026-03-16,17:17:02,VS Code,Software Development,2,1024
2026-03-16,17:34:06,github.com,Software Development,2,557
2026-03-16,17:43:23,VS Code,Software Development,2,452
2026-03-16,17:50:56,github.com,Software Development,2,472
2026-03-16,17:58:49,terminal,Software Development,2,1208
2026-03-16,18:18:58,VS Code,Software Development,2,1072
2026-03-16,18:36:51,VS Code,Software Development,2,336
2026-03-16,18:42:27,github.com,Software Development,2,1360
2026-03-16,19:05:08,slack.com,Communication,0,724
2026-03-16,19:17:13,VS Code,Software Development,2,1476
2026-03-16,19:41:49,VS Code,Software Development,2,1100
2026-03-16,20:00:10,VS Code,Software Development,2,1141
2026-03-16,20:19:11,terminal,Software Development,2,1447
2026-03-16,20:43:19,slack.com,Communication,0,507
2026-03-16,20:51:46,VS Code,Software Development,2,791
2026-03-16,21:04:58,terminal,Software Development,2,318
2026-03-16,21:10:16,VS Code,Software Development,2,1076
2026-03-16,21:28:13,github.com,Software Development,2,1086
2026-03-16,21:46:19,mail.google.com,Communication,0,148
2026-03-16,21:48:48,stackoverflow.com,Reference & Learning,1,315
2026-03-16,21:54:04,mail.google.com,Communication,0,43
2026-03-16,21:54:48,terminal,Software Development,2,280
2026-03-16,21:59:28,VS Code,Software Development,2,41
2026-03-16,22:00:09,slack.com,Communication,0,321
2026-03-16,22:05:30,mail.google.com,Communication,0,207
2026-03-16,22:08:58,youtube.com,Entertainment,-2,72
2026-03-16,22:10:11,stackoverflow.com,Reference & Learning,1,66
2026-03-16,22:11:17,github.com,Software Development,2,96
2026-03-16,22:12:53,mail.google.com,Communication,0,160
2026-03-16,22:15:34,github.com,Software Development,2,180
2026-03-16,22:18:34,youtube.com,Entertainment,-2,118
2026-03-16,22:20:33,github.com,Software Development,2,145
2026-03-16,22:22:58,terminal,Software Development,2,78
2026-03-16,22:24:16,twitter.com,Social Media,-2,183
2026-03-16,22:27:19,docs.google.com,Reference & Learning,1,61
2026-03-16,22:28:21,slack.com,Communication,0,173
2026-03-16,22:31:15,twitter.com,Social Media,-2,322
2026-03-16,22:36:38,docs.google.com,Reference & Learning,1,199
2026-03-16,22:39:57,mail.google.com,Communication,0,178
2026-03-16,22:42:55,github.com,Software Development,2,52
2026-03-16,22:43:47,VS Code,Software Development,2,100
2026-03-16,22:45:28,github.com,Software Development,2,67
2026-03-16,22:46:36,terminal,Software Development,2,61
2026-03-16,22:47:37,github.com,Software Development,2,204
2026-03-16,22:51:02,twitter.com,Social Media,-2,217
2026-03-16,22:54:39,youtube.com,Entertainment,-2,139
2026-03-16,22:56:59,mail.google.com,Communication,0,175
2026-03-16,22:59:54,youtube.com,Entertainment,-2,234
2026-03-16,23:03:49,stackoverflow.com,Reference & Learning,1,188
2026-03-16,23:06:58,docs.google.com,Reference & Learning,1,136
2026-03-16,23:09:14,docs.google.com,Reference & Learning,1,174
2026-03-16,23:12:09,youtube.com,Entertainment,-2,37
2026-03-16,23:12:47,youtube.com,Entertainment,-2,209
2026-03-16,23:16:16,github.com,Software Development,2,187
2026-03-16,23:19:24,terminal,Software Development,2,84
2026-03-16,23:20:49,stackoverflow.com,Reference & Learning,1,116
2026-03-16,23:22:45,stackoverflow.com,Reference & Learning,1,283
2026-03-16,23:27:29,VS Code,Software Development,2,260
2026-03-16,23:31:50,terminal,Software Development,2,39
2026-03-16,23:32:30,VS Code,Software Development,2,255
2026-03-16,23:36:45,twitter.com,Social Media,-2,214
2026-03-16,23:40:20,VS Code,Software Development,2,276
2026-03-16,23:44:56,terminal,Software Development,2,144
2026-03-16,23:47:21,VS Code,Software Development,2,111
2026-03-16,23:49:13,docs.google.com,Reference & Learning,1,327
2026-03-16,23:54:40,terminal,Software Development,2,250
2026-03-16,23:58:50,VS Code,Software Development,2,239
2026-03-17,00:02:50,mail.google.com,Communication,0,211
2026-03-17,00:06:21,github.com,Software Development,2,169
2026-03-17,00:09:11,stackoverflow.com,Reference & Learning,1,140
2026-03-17,00:11:31,VS Code,Software Development,2,64
2026-03-17,00:12:36,twitter.com,Social Media,-2,71
2026-03-17,00:13:48,slack.com,Communication,0,213
2026-03-17,00:17:21,stackoverflow.com,Reference & Learning,1,108
2026-03-17,00:19:10,stackoverflow.com,Reference & Learning,1,236
2026-03-17,00:23:06,github.com,Software Development,2,40
2026-03-17,00:23:46,github.com,Software Development,2,126
2026-03-17,00:25:53,docs.google.com,Reference & Learning,1,185
2026-03-17,00:28:58,stackoverflow.com,Reference & Learning,1,62
2026-03-17,00:30:01,mail.google.com,Communication,0,37
2026-03-17,00:30:38,VS Code,Software Development,2,35
2026-03-17,00:31:13,stackoverflow.com,Reference & Learning,1,80
2026-03-17,00:32:34,twitter.com,Social Media,-2,255
2026-03-17,00:36:50,stackoverflow.com,Reference & Learning,1,158
2026-03-17,00:39:28,github.com,Software Development,2,304
2026-03-17,00:44:33,slack.com,Communication,0,244
2026-03-17,00:48:38,terminal,Software Development,2,124
2026-03-17,00:50:43,docs.google.com,Reference & Learning,1,159
2026-03-17,00:53:22,youtube.com,Entertainment,-2,82
2026-03-17,00:54:45,youtube.com,Entertainment,-2,236
2026-03-17,00:58:41,youtube.com,Entertainment,-2,227
2026-03-17,01:02:28,mail.google.com,Communication,0,305
2026-03-17,01:07:34,youtube.com,Entertainment,-2,226
2026-03-17,01:11:20,terminal,Software Development,2,196
2026-03-17,01:14:37,terminal,Software Development,2,317
2026-03-17,01:19:54,docs.google.com,Reference & Learning,1,323
2026-03-17,01:25:18,docs.google.com,Reference & Learning,1,313
2026-03-17,01:30:31,slack.com,Communication,0,149
2026-03-17,01:33:01,VS Code,Software Development,2,69
2026-03-17,01:34:11,terminal,Software Development,2,128
2026-03-17,01:36:19,VS Code,Software Development,2,253
2026-03-17,01:40:32,youtube.com,Entertainment,-2,106
2026-03-17,01:42:19,terminal,Software Development,2,215
2026-03-17,01:45:54,mail.google.com,Communication,0,258
2026-03-17,01:50:13,docs.google.com,Reference & Learning,1,257
2026-03-17,01:54:30,stackoverflow.com,Reference & Learning,1,196
2026-03-17,01:57:47,docs.google.com,Reference & Learning,1,149
2026-03-17,02:00:17,stackoverflow.com,Reference & Learning,1,150
2026-03-17,02:02:48,youtube.com,Entertainment,-2,226
2026-03-17,02:06:34,stackoverflow.com,Reference & Learning,1,301
2026-03-17,02:11:36,docs.google.com,Reference & Learning,1,107
2026-03-17,02:13:23,github.com,Software Development,2,284
2026-03-17,02:18:07,docs.google.com,Reference & Learning,1,187
2026-03-17,02:21:15,slack.com,Communication,0,118
2026-03-17,02:23:13,mail.google.com,Communication,0,63
2026-03-17,02:24:17,stackoverflow.com,Reference & Learning,1,131
2026-03-17,02:26:28,mail.google.com,Communication,0,152
2026-03-17,02:29:01,youtube.com,Entertainment,-2,234
2026-03-17,02:32:55,docs.google.com,Reference & Learning,1,290
2026-03-17,02:37:46,docs.google.com,Reference & Learning,1,84
2026-03-17,02:39:10,stackoverflow.com,Reference & Learning,1,267
2026-03-17,02:43:37,github.com,Software Development,2,166
2026-03-17,02:46:24,slack.com,Communication,0,226
2026-03-17,02:50:11,youtube.com,Entertainment,-2,251
2026-03-17,02:54:22,terminal,Software Development,2,279
2026-03-17,02:59:02,youtube.com,Entertainment,-2,82
2026-03-17,03:00:24,youtube.com,Entertainment,-2,280
2026-03-17,03:05:05,terminal,Software Development,2,121
2026-03-17,03:07:06,github.com,Software Development,2,248
2026-03-17,03:11:15,mail.google.com,Communication,0,40
2026-03-17,03:11:56,VS Code,Software Development,2,193
2026-03-17,03:15:10,slack.com,Communication,0,300
2026-03-17,03:20:10,twitter.com,Social Media,-2,291
2026-03-17,03:25:01,slack.com,Communication,0,42
2026-03-17,03:25:44,github.com,Software Development,2,137
2026-03-17,03:28:02,mail.google.com,Communication,0,127
2026-03-17,03:30:10,mail.google.com,Communication,0,297
2026-03-17,03:35:07,github.com,Software Development,2,276
2026-03-17,03:39:43,github.com,Software Development,2,211
2026-03-17,03:43:15,stackoverflow.com,Reference & Learning,1,189
2026-03-17,03:46:25,youtube.com,Entertainment,-2,305
2026-03-17,03:51:30,docs.google.com,Reference & Learning,1,71
2026-03-17,03:52:41,VS Code,Software Development,2,189
2026-03-17,03:55:51,stackoverflow.com,Reference & Learning,1,131
2026-03-17,03:58:02,github.com,Software Development,2,226
2026-03-17,04:01:48,github.com,Software Development,2,84
2026-03-17,04:03:13,slack.com,Communication,0,96
2026-03-17,04:04:50,docs.google.com,Reference & Learning,1,62
2026-03-17,04:05:52,slack.com,Communication,0,35
2026-03-17,04:06:28,docs.google.com,Reference & Learning,1,83
2026-03-17,04:07:51,docs.google.com,Reference & Learning,1,239
2026-03-17,04:11:50,VS Code,Software Development,2,77
2026-03-17,04:13:08,twitter.com,Social Media,-2,30
2026-03-17,04:13:39,twitter.com,Social Media,-2,139
2026-03-17,04:15:58,mail.google.com,Communication,0,195
2026-03-17,04:19:13,VS Code,Software Development,2,95
2026-03-17,04:20:49,youtube.com,Entertainment,-2,231
2026-03-17,04:24:40,github.com,Software Development,2,116
2026-03-17,04:26:36,mail.google.com,Communication,0,218
2026-03-17,04:30:15,docs.google.com,Reference & Learning,1,286
2026-03-17,04:35:02,terminal,Software Development,2,326
2026-03-17,15:06:03,VS Code,Software Development,2,717
2026-03-17,15:18:00,github.com,Software Development,2,1263
2026-03-17,15:39:03,github.com,Software Development,2,1477
2026-03-17,16:03:40,VS Code,Software Development,2,1038
2026-03-17,16:20:58,VS Code,Software Development,2,416
2026-03-17,16:27:55,slack.com,Communication,0,501
2026-03-17,16:36:16,VS Code,Software Development,2,471
2026-03-17,16:44:07,VS Code,Software Development,2,1162
2026-03-17,17:03:29,terminal,Software Development,2,755
2026-03-17,17:16:05,VS Code,Software Development,2,1300
2026-03-17,17:37:46,VS Code,Software Development,2,1240
2026-03-17,17:58:27,terminal,Software Development,2,537
2026-03-17,18:07:24,terminal,Software Development,2,1096
2026-03-17,18:25:40,VS Code,Software Development,2,696
2026-03-17,18:37:16,VS Code,Software Development,2,734
2026-03-17,18:49:31,VS Code,Software Development,2,353
2026-03-17,18:55:25,twitter.com,Social Media,-2,1281
2026-03-17,19:16:46,terminal,Software Development,2,659
2026-03-17,19:27:46,github.com,Software Development,2,635
2026-03-17,19:38:21,VS Code,Software Development,2,628
2026-03-17,19:48:50,VS Code,Software Development,2,978
2026-03-17,20:05:08,VS Code,Software Development,2,788
2026-03-17,20:18:17,VS Code,Software Development,2,419
2026-03-17,20:25:17,VS Code,Software Development,2,720
2026-03-17,20:37:18,VS Code,Software Development,2,792
2026-03-17,20:50:30,VS Code,Software Development,2,1349
2026-03-17,21:12:59,terminal,Software Development,2,875
2026-03-17,21:27:35,VS Code,Software Development,2,440
2026-03-17,21:34:56,terminal,Software Development,2,687
2026-03-17,21:46:23,VS Code,Software Development,2,823
2026-03-17,22:00:07,terminal,Software Development,2,1492
2026-03-17,22:25:00,VS Code,Software Development,2,750
2026-03-17,22:37:30,github.com,Software Development,2,710
2026-03-17,22:49:20,VS Code,Software Development,2,306
2026-03-17,22:54:27,VS Code,Software Development,2,687
2026-03-17,23:05:54,VS Code,Software Development,2,494
2026-03-17,23:14:08,terminal,Software Development,2,1367
2026-03-17,23:36:56,VS Code,Software Development,2,953
2026-03-17,23:52:50,slack.com,Communication,0,1290
2026-03-18,00:14:20,terminal,Software Development,2,1217
2026-03-18,00:34:37,VS Code,Software Development,2,1302
2026-03-18,00:56:19,VS Code,Software Development,2,890
2026-03-18,01:11:10,VS Code,Software Development,2,1426
2026-03-18,01:34:57,VS Code,Software Development,2,370
2026-03-18,01:41:07,terminal,Software Development,2,316
2026-03-18,01:46:23,terminal,Software Development,2,932
2026-03-18,02:01:56,VS Code,Software Development,2,651
2026-03-18,02:12:48,VS Code,Software Development,2,1008
2026-03-18,02:29:36,VS Code,Software Development,2,1039
2026-03-18,02:46:56,VS Code,Software Development,2,337
2026-03-18,02:52:34,VS Code,Software Development,2,918
2026-03-18,03:07:53,github.com,Software Development,2,1024
2026-03-18,03:24:57,github.com,Software Development,2,351
2026-03-18,03:30:49,github.com,Software Development,2,563
2026-03-18,03:40:12,VS Code,Software Development,2,751
2026-03-18,03:52:44,github.com,Software Development,2,702
2026-03-18,04:04:27,slack.com,Communication,0,982
2026-03-18,04:20:49,github.com,Software Development,2,491
2026-03-18,04:29:01,terminal,Software Development,2,1135
2026-03-18,04:47:57,VS Code,Software Development,2,1073
2026-03-18,11:42:25,VS Code,Software Development,2,1005
2026-03-18,11:59:10,github.com,Software Development,2,731
2026-03-18,12:11:22,github.com,Software Development,2,607
2026-03-18,12:21:29,stackoverflow.com,Reference & Learning,1,813
2026-03-18,12:35:03,VS Code,Software Development,2,367
2026-03-18,12:41:10,VS Code,Software Development,2,1396
2026-03-18,13:04:27,github.com,Software Development,2,1382
2026-03-18,13:27:29,VS Code,Software Development,2,959
2026-03-18,13:43:28,VS Code,Software Development,2,1116
2026-03-18,14:02:05,VS Code,Software Development,2,1277
2026-03-18,14:23:22,VS Code,Software Development,2,1038
2026-03-18,14:40:40,VS Code,Software Development,2,1136
2026-03-18,14:59:37,VS Code,Software Development,2,1184
2026-03-18,15:19:21,terminal,Software Development,2,1031
2026-03-18,15:36:33,VS Code,Software Development,2,780
2026-03-18,15:49:33,terminal,Software Development,2,941
2026-03-18,16:05:15,VS Code,Software Development,2,918
2026-03-18,16:20:34,VS Code,Software Development,2,469
2026-03-18,16:28:23,stackoverflow.com,Reference & Learning,1,1480
2026-03-18,16:53:04,VS Code,Software Development,2,1068
2026-03-18,17:10:52,VS Code,Software Development,2,1128
2026-03-18,17:29:40,VS Code,Software Development,2,1254
2026-03-19,02:47:11,VS Code,Software Development,2,646
2026-03-19,02:57:58,VS Code,Software Development,2,1270
2026-03-19,03:19:09,VS Code,Software Development,2,531
2026-03-19,03:28:00,VS Code,Software Development,2,740
2026-03-19,03:40:20,github.com,Software Development,2,801
2026-03-19,03:53:42,github.com,Software Development,2,1241
2026-03-19,04:14:23,VS Code,Software Development,2,1190
2026-03-19,04:34:14,VS Code,Software Development,2,733
2026-03-19,04:46:27,VS Code,Software Development,2,838
2026-03-19,05:00:25,VS Code,Software Development,2,897
2026-03-19,05:15:23,VS Code,Software Development,2,592
2026-03-19,05:25:16,VS Code,Software Development,2,1138
2026-03-19,05:44:14,github.com,Software Development,2,1146
2026-03-19,06:03:20,VS Code,Software Development,2,439
2026-03-19,06:10:40,VS Code,Software Development,2,1326
2026-03-19,06:32:46,VS Code,Software Development,2,1419
2026-03-19,06:56:26,VS Code,Software Development,2,467
2026-03-19,07:04:14,github.com,Software Development,2,312
2026-03-19,07:09:27,VS Code,Software Development,2,721
2026-03-19,07:21:28,youtube.com,Entertainment,-2,163
2026-03-19,07:24:12,slack.com,Communication,0,218
2026-03-19,07:27:51,youtube.com,Entertainment,-2,277
2026-03-19,07:32:28,slack.com,Communication,0,324
2026-03-19,07:37:52,mail.google.com,Communication,0,239
2026-03-19,07:41:52,docs.google.com,Reference & Learning,1,293
2026-03-19,07:46:45,VS Code,Software Development,2,188
2026-03-19,07:49:54,docs.google.com,Reference & Learning,1,200
2026-03-19,07:53:14,mail.google.com,Communication,0,138
2026-03-19,07:55:32,docs.google.com,Reference & Learning,1,314
2026-03-19,08:00:47,slack.com,Communication,0,40
2026-03-19,08:01:27,youtube.com,Entertainment,-2,201
2026-03-19,08:04:48,mail.google.com,Communication,0,218
2026-03-19,08:08:27,twitter.com,Social Media,-2,321
2026-03-19,08:13:48,stackoverflow.com,Reference & Learning,1,148
2026-03-19,08:16:17,youtube.com,Entertainment,-2,295
2026-03-19,08:21:12,github.com,Software Development,2,291
2026-03-19,08:26:03,docs.google.com,Reference & Learning,1,187
2026-03-19,08:29:11,VS Code,Software Development,2,123
2026-03-19,08:31:15,slack.com,Communication,0,222
2026-03-19,08:34:57,slack.com,Communication,0,95
2026-03-19,08:36:32,slack.com,Communication,0,247
2026-03-19,08:40:40,stackoverflow.com,Reference & Learning,1,211
2026-03-19,08:44:11,VS Code,Software Development,2,272
2026-03-19,08:48:44,stackoverflow.com,Reference & Learning,1,167
2026-03-19,08:51:31,twitter.com,Social Media,-2,118
2026-03-19,08:53:30,VS Code,Software Development,2,180
2026-03-19,08:56:31,stackoverflow.com,Reference & Learning,1,181
2026-03-19,08:59:32,mail.google.com,Communication,0,327
2026-03-19,09:04:59,youtube.com,Entertainment,-2,265
2026-03-19,09:09:25,stackoverflow.com,Reference & Learning,1,53
2026-03-19,09:10:19,terminal,Software Development,2,162
2026-03-19,09:13:01,VS Code,Software Development,2,704
2026-03-19,09:24:45,VS Code,Software Development,2,389
2026-03-19,09:31:14,twitter.com,Social Media,-2,1183
2026-03-19,09:50:57,terminal,Software Development,2,1425
2026-03-19,10:14:43,github.com,Software Development,2,1043
2026-03-19,10:32:07,slack.com,Communication,0,1236
2026-03-19,10:52:43,terminal,Software Development,2,950
2026-03-19,11:08:34,terminal,Software Development,2,520
2026-03-19,11:17:14,twitter.com,Social Media,-2,1453
2026-03-19,11:41:28,youtube.com,Entertainment,-2,389
2026-03-19,11:47:58,github.com,Software Development,2,1264
2026-03-19,12:09:03,VS Code,Software Development,2,536
2026-03-19,12:17:59,VS Code,Software Development,2,699
2026-03-19,12:29:39,terminal,Software Development,2,1122
2026-03-19,12:48:21,VS Code,Software Development,2,639
2026-03-19,12:59:00,VS Code,Software Development,2,737
2026-03-19,13:11:18,VS Code,Software Development,2,600
2026-03-19,13:21:18,VS Code,Software Development,2,1274
2026-03-19,13:42:33,VS Code,Software Development,2,931
2026-03-19,13:58:04,VS Code,Software Development,2,1363
2026-03-19,14:20:48,VS Code,Software Development,2,960
2026-03-19,14:36:48,VS Code,Software Development,2,1092
2026-03-19,14:55:01,terminal,Software Development,2,447
2026-03-19,15:02:28,slack.com,Communication,0,1328
2026-03-19,15:24:37,terminal,Software Development,2,566
2026-03-19,15:34:03,terminal,Software Development,2,827
2026-03-19,15:47:50,VS Code,Software Development,2,765
2026-03-19,16:00:36,VS Code,Software Development,2,986
2026-03-19,16:17:02,VS Code,Software Development,2,414
2026-03-19,16:23:57,VS Code,Software Development,2,915
2026-03-19,16:39:12,VS Code,Software Development,2,566
2026-03-19,16:48:39,VS Code,Software Development,2,1433
2026-03-19,17:12:32,terminal,Software Development,2,432
2026-03-19,17:19:44,VS Code,Software Development,2,329
2026-03-19,17:25:14,VS Code,Software Development,2,1004
2026-03-19,17:41:59,VS Code,Software Development,2,1193
2026-03-19,18:01:52,VS Code,Software Development,2,800
2026-03-20,15:53:36,VS Code,Software Development,2,435
2026-03-20,16:00:52,VS Code,Software Development,2,924
2026-03-20,16:16:16,VS Code,Software Development,2,724
2026-03-20,16:28:21,VS Code,Software Development,2,1118
2026-03-20,16:46:59,terminal,Software Development,2,849
2026-03-20,17:01:08,VS Code,Software Development,2,1128
2026-03-20,17:19:57,VS Code,Software Development,2,1269
2026-03-20,17:41:06,VS Code,Software Development,2,822
2026-03-20,17:54:49,VS Code,Software Development,2,600
2026-03-20,18:04:50,VS Code,Software Development,2,1430
2026-03-20,18:28:41,VS Code,Software Development,2,1251
2026-03-20,18:49:32,terminal,Software Development,2,599
2026-03-20,18:59:31,terminal,Software Development,2,1151
2026-03-20,19:18:42,slack.com,Communication,0,1416
2026-03-20,19:42:19,VS Code,Software Development,2,822
2026-03-20,19:56:01,VS Code,Software Development,2,350
2026-03-20,20:01:52,youtube.com,Entertainment,-2,1204
2026-03-20,20:21:57,VS Code,Software Development,2,755
2026-03-21,00:07:25,stackoverflow.com,Reference & Learning,1,168
2026-03-21,00:10:13,mail.google.com,Communication,0,55
2026-03-21,00:11:09,youtube.com,Entertainment,-2,310
2026-03-21,00:16:20,github.com,Software Development,2,259
2026-03-21,00:20:39,terminal,Software Development,2,269
2026-03-21,00:25:08,VS Code,Software Development,2,299
2026-03-21,00:30:07,stackoverflow.com,Reference & Learning,1,286
2026-03-21,00:34:54,mail.google.com,Communication,0,245
2026-03-21,00:39:00,github.com,Software Development,2,96
2026-03-21,00:40:36,stackoverflow.com,Reference & Learning,1,259
2026-03-21,00:44:56,docs.google.com,Reference & Learning,1,305
2026-03-21,00:50:01,VS Code,Software Development,2,184
2026-03-21,00:53:05,github.com,Software Development,2,86
2026-03-21,00:54:32,terminal,Software Development,2,42
2026-03-21,00:55:15,github.com,Software Development,2,68
2026-03-21,00:56:23,VS Code,Software Development,2,171
2026-03-21,00:59:14,slack.com,Communication,0,48
2026-03-21,01:00:02,docs.google.com,Reference & Learning,1,93
2026-03-21,01:01:36,stackoverflow.com,Reference & Learning,1,93
2026-03-21,01:03:09,slack.com,Communication,0,190
2026-03-21,01:06:19,youtube.com,Entertainment,-2,86
2026-03-21,01:07:45,mail.google.com,Communication,0,286
2026-03-21,01:12:31,github.com,Software Development,2,242
2026-03-21,01:16:34,VS Code,Software Development,2,288
2026-03-21,01:21:22,docs.google.com,Reference & Learning,1,301
2026-03-21,01:26:24,youtube.com,Entertainment,-2,154
2026-03-21,01:28:59,github.com,Software Development,2,310
2026-03-21,01:34:10,terminal,Software Development,2,263
2026-03-21,01:38:33,mail.google.com,Communication,0,113
2026-03-21,01:40:26,mail.google.com,Communication,0,327
2026-03-21,01:45:54,docs.google.com,Reference & Learning,1,232
2026-03-21,01:49:47,twitter.com,Social Media,-2,272
2026-03-21,01:54:20,slack.com,Communication,0,172
2026-03-21,01:57:12,twitter.com,Social Media,-2,81
2026-03-21,01:58:33,twitter.com,Social Media,-2,129
2026-03-21,02:00:43,twitter.com,Social Media,-2,123
2026-03-21,02:02:47,docs.google.com,Reference & Learning,1,147
2026-03-21,02:05:15,stackoverflow.com,Reference & Learning,1,227
2026-03-21,02:09:02,VS Code,Software Development,2,283
2026-03-21,02:13:45,slack.com,Communication,0,276
2026-03-21,02:18:22,mail.google.com,Communication,0,243
2026-03-21,02:22:26,mail.google.com,Communication,0,290
2026-03-21,02:27:16,mail.google.com,Communication,0,40
2026-03-21,02:27:56,docs.google.com,Reference & Learning,1,289
2026-03-21,02:32:46,mail.google.com,Communication,0,243
2026-03-21,02:36:49,mail.google.com,Communication,0,91
2026-03-21,02:38:21,youtube.com,Entertainment,-2,232
2026-03-21,02:42:13,mail.google.com,Communication,0,257
2026-03-21,02:46:30,slack.com,Communication,0,198
2026-03-21,02:49:49,VS Code,Software Development,2,108
2026-03-21,02:51:38,docs.google.com,Reference & Learning,1,47
2026-03-21,02:52:26,VS Code,Software Development,2,112
2026-03-21,02:54:18,twitter.com,Social Media,-2,169
2026-03-21,02:57:07,docs.google.com,Reference & Learning,1,175
2026-03-21,03:00:03,twitter.com,Social Media,-2,175
2026-03-21,03:02:58,VS Code,Software Development,2,239
2026-03-21,03:06:58,terminal,Software Development,2,292
2026-03-21,03:11:51,terminal,Software Development,2,209
2026-03-21,03:15:20,github.com,Software Development,2,257
2026-03-21,03:19:37,github.com,Software Development,2,158
2026-03-21,03:22:16,youtube.com,Entertainment,-2,61
2026-03-21,03:23:17,terminal,Software Development,2,165
2026-03-21,03:26:03,twitter.com,Social Media,-2,50
2026-03-21,03:26:53,github.com,Software Development,2,266
2026-03-21,03:31:20,docs.google.com,Reference & Learning,1,280
2026-03-21,03:36:00,mail.google.com,Communication,0,115
2026-03-21,03:37:55,twitter.com,Social Media,-2,82
2026-03-21,03:39:18,terminal,Software Development,2,259
2026-03-21,03:43:37,stackoverflow.com,Reference & Learning,1,182
2026-03-21,03:46:39,docs.google.com,Reference & Learning,1,216
2026-03-21,03:50:15,github.com,Software Development,2,253
2026-03-21,03:54:28,VS Code,Software Development,2,126
2026-03-21,03:56:34,terminal,Software Development,2,223
2026-03-21,04:00:18,slack.com,Communication,0,263
2026-03-21,04:04:42,docs.google.com,Reference & Learning,1,191
2026-03-21,04:07:54,terminal,Software Development,2,67
2026-03-21,04:09:01,twitter.com,Social Media,-2,258
2026-03-21,04:13:20,stackoverflow.com,Reference & Learning,1,258
2026-03-21,04:17:38,youtube.com,Entertainment,-2,151
2026-03-21,04:20:10,terminal,Software Development,2,268
2026-03-21,04:24:38,terminal,Software Development,2,308
2026-03-21,04:29:47,VS Code,Software Development,2,554
2026-03-21,04:39:01,github.com,Software Development,2,1485
2026-03-21,05:03:47,VS Code,Software Development,2,340
2026-03-21,05:09:28,VS Code,Software Development,2,487
2026-03-21,05:17:35,github.com,Software Development,2,1188
2026-03-21,05:37:24,terminal,Software Development,2,1067
2026-03-21,05:55:12,VS Code,Software Development,2,1303
2026-03-21,06:16:55,VS Code,Software Development,2,1161
2026-03-21,06:36:17,youtube.com,Entertainment,-2,238
2026-03-21,06:40:16,slack.com,Communication,0,242
2026-03-21,06:44:18,docs.google.com,Reference & Learning,1,185
2026-03-21,06:47:24,youtube.com,Entertainment,-2,150
2026-03-21,06:49:54,github.com,Software Development,2,260
2026-03-21,06:54:15,VS Code,Software Development,2,220
2026-03-21,06:57:55,VS Code,Software Development,2,302
2026-03-21,07:02:58,slack.com,Communication,0,169
2026-03-21,07:05:47,twitter.com,Social Media,-2,218
2026-03-21,07:09:26,slack.com,Communication,0,328
2026-03-21,07:14:55,github.com,Software Development,2,211
2026-03-21,07:18:26,terminal,Software Development,2,90
2026-03-21,07:19:56,stackoverflow.com,Reference & Learning,1,143
2026-03-21,07:22:20,VS Code,Software Development,2,192
2026-03-21,07:25:32,docs.google.com,Reference & Learning,1,59
2026-03-21,07:26:31,stackoverflow.com,Reference & Learning,1,105
2026-03-21,07:28:17,twitter.com,Social Media,-2,44
2026-03-21,07:29:01,mail.google.com,Communication,0,305
2026-03-21,07:34:07,docs.google.com,Reference & Learning,1,42
2026-03-21,07:34:50,twitter.com,Social Media,-2,229
2026-03-21,07:38:39,twitter.com,Social Media,-2,145
2026-03-21,07:41:04,VS Code,Software Development,2,652
2026-03-21,07:51:57,VS Code,Software Development,2,316
2026-03-21,07:57:13,VS Code,Software Development,2,1182
2026-03-21,08:16:56,VS Code,Software Development,2,1480
2026-03-21,08:41:37,VS Code,Software Development,2,372
2026-03-21,08:47:50,VS Code,Software Development,2,1365
2026-03-21,09:10:35,VS Code,Software Development,2,542
2026-03-21,09:19:38,VS Code,Software Development,2,1304
2026-03-21,09:41:22,slack.com,Communication,0,1178
2026-03-21,10:01:01,terminal,Software Development,2,507
2026-03-21,10:09:28,terminal,Software Development,2,900
2026-03-21,10:24:28,VS Code,Software Development,2,1150
2026-03-21,10:43:39,VS Code,Software Development,2,1016
2026-03-21,11:00:35,VS Code,Software Development,2,940
2026-03-21,11:16:16,VS Code,Software Development,2,1168
2026-03-21,11:35:45,github.com,Software Development,2,1108
2026-03-21,11:54:13,terminal,Software Development,2,890
2026-03-21,12:09:03,VS Code,Software Development,2,533
2026-03-21,12:17:57,VS Code,Software Development,2,1156
2026-03-21,12:37:14,VS Code,Software Development,2,565
2026-03-21,12:46:40,VS Code,Software Development,2,341
2026-03-21,12:52:21,github.com,Software Development,2,162
2026-03-21,12:55:03,stackoverflow.com,Reference & Learning,1,188
2026-03-21,12:58:12,stackoverflow.com,Reference & Learning,1,94
2026-03-21,12:59:47,stackoverflow.com,Reference & Learning,1,128
2026-03-21,13:01:55,slack.com,Communication,0,257
2026-03-21,13:06:12,github.com,Software Development,2,312
2026-03-21,13:11:24,slack.com,Communication,0,180
2026-03-21,13:14:25,slack.com,Communication,0,306
2026-03-21,13:19:32,mail.google.com,Communication,0,135
2026-03-21,13:21:48,docs.google.com,Reference & Learning,1,276
2026-03-21,13:26:24,VS Code,Software Development,2,478
2026-03-21,13:34:23,VS Code,Software Development,2,1261
2026-03-21,13:55:24,VS Code,Software Development,2,1274
2026-03-21,14:16:39,VS Code,Software Development,2,1135
2026-03-21,14:35:34,VS Code,Software Development,2,321
2026-03-21,14:40:55,VS Code,Software Development,2,568
2026-03-21,14:50:24,VS Code,Software Development,2,737
2026-03-21,15:02:41,VS Code,Software Development,2,898
2026-03-21,15:17:40,VS Code,Software Development,2,1034
2026-03-21,15:34:54,VS Code,Software Development,2,713
2026-03-21,15:46:48,VS Code,Software Development,2,494
2026-03-21,15:55:02,terminal,Software Development,2,594
2026-03-21,16:04:56,VS Code,Software Development,2,1238
2026-03-21,16:25:35,VS Code,Software Development,2,1494
2026-03-21,16:50:29,github.com,Software Development,2,1407
2026-03-21,17:13:56,VS Code,Software Development,2,58
2026-03-21,17:14:54,stackoverflow.com,Reference & Learning,1,70
2026-03-21,17:16:04,docs.google.com,Reference & Learning,1,180
2026-03-21,17:19:05,stackoverflow.com,Reference & Learning,1,176
2026-03-21,17:22:01,twitter.com,Social Media,-2,181
2026-03-21,17:25:02,mail.google.com,Communication,0,87
2026-03-21,17:26:29,mail.google.com,Communication,0,256
2026-03-21,17:30:45,github.com,Software Development,2,318
2026-03-21,17:36:04,slack.com,Communication,0,55
2026-03-21,17:37:00,terminal,Software Development,2,165
2026-03-21,17:39:45,stackoverflow.com,Reference & Learning,1,231
2026-03-21,17:43:36,youtube.com,Entertainment,-2,180
2026-03-21,17:46:37,youtube.com,Entertainment,-2,253
2026-03-21,17:50:50,slack.com,Communication,0,140
2026-03-21,17:53:11,stackoverflow.com,Reference & Learning,1,162
2026-03-21,17:55:53,twitter.com,Social Media,-2,130
2026-03-21,17:58:03,terminal,Software Development,2,281
2026-03-21,18:02:45,VS Code,Software Development,2,649
2026-03-21,18:13:34,VS Code,Software Development,2,1421
2026-03-21,18:37:15,VS Code,Software Development,2,441
2026-03-21,18:44:37,VS Code,Software Development,2,1085
2026-03-21,19:02:42,github.com,Software Development,2,505
2026-03-21,19:11:08,VS Code,Software Development,2,634
2026-03-21,19:21:43,VS Code,Software Development,2,1467
2026-03-21,19:46:10,terminal,Software Development,2,1197
2026-03-21,20:06:07,VS Code,Software Development,2,573
2026-03-21,20:15:41,VS Code,Software Development,2,943
2026-03-21,20:31:24,terminal,Software Development,2,787
2026-03-21,20:44:32,slack.com,Communication,0,217
2026-03-21,20:48:10,slack.com,Communication,0,142
2026-03-21,20:50:32,slack.com,Communication,0,56
2026-03-21,20:51:29,mail.google.com,Communication,0,248
2026-03-21,20:55:38,stackoverflow.com,Reference & Learning,1,226
2026-03-21,20:59:25,docs.google.com,Reference & Learning,1,202
2026-03-21,21:02:47,mail.google.com,Communication,0,167
2026-03-21,21:05:34,slack.com,Communication,0,68
2026-03-21,21:06:43,docs.google.com,Reference & Learning,1,95
2026-03-21,21:08:18,mail.google.com,Communication,0,151
2026-03-21,21:10:50,terminal,Software Development,2,61
2026-03-21,21:11:52,stackoverflow.com,Reference & Learning,1,260
2026-03-21,21:16:12,mail.google.com,Communication,0,51
2026-03-21,21:17:03,docs.google.com,Reference & Learning,1,40
2026-03-21,21:17:44,docs.google.com,Reference & Learning,1,51
2026-03-21,21:18:35,VS Code,Software Development,2,149
2026-03-21,21:21:05,VS Code,Software Development,2,87
2026-03-21,21:22:32,terminal,Software Development,2,215
2026-03-21,21:26:07,mail.google.com,Communication,0,264
2026-03-21,21:30:31,github.com,Software Development,2,554
2026-03-21,21:39:46,VS Code,Software Development,2,349
2026-03-21,21:45:35,VS Code,Software Development,2,421
2026-03-21,21:52:37,stackoverflow.com,Reference & Learning,1,1060
2026-03-21,22:10:17,github.com,Software Development,2,465
2026-03-21,22:18:02,VS Code,Software Development,2,873
2026-03-21,22:32:36,VS Code,Software Development,2,486
2026-03-21,22:40:42,VS Code,Software Development,2,1212
2026-03-21,23:00:54,VS Code,Software Development,2,1326
2026-03-21,23:23:01,VS Code,Software Development,2,1320
2026-03-22,18:27:37,terminal,Software Development,2,768
2026-03-22,18:40:25,terminal,Software Development,2,944
2026-03-22,18:56:09,VS Code,Software Development,2,866
2026-03-22,19:10:36,VS Code,Software Development,2,832
2026-03-22,19:24:28,VS Code,Software Development,2,1074
2026-03-22,19:42:23,VS Code,Software Development,2,583
2026-03-22,19:52:07,VS Code,Software Development,2,1294
2026-03-22,20:13:41,stackoverflow.com,Reference & Learning,1,321
2026-03-22,20:19:02,VS Code,Software Development,2,753
2026-03-22,20:31:35,terminal,Software Development,2,1090
2026-03-22,20:49:46,VS Code,Software Development,2,300
2026-03-22,20:54:47,VS Code,Software Development,2,1063
2026-03-22,21:12:30,VS Code,Software Development,2,1384
2026-03-22,21:35:35,VS Code,Software Development,2,594
2026-03-23,04:24:49,slack.com,Communication,0,603
2026-03-23,04:34:53,VS Code,Software Development,2,362
2026-03-23,04:40:55,VS Code,Software Development,2,378
2026-03-23,04:47:14,VS Code,Software Development,2,703
2026-03-23,04:58:58,github.com,Software Development,2,1093
2026-03-23,05:17:11,VS Code,Software Development,2,569
2026-03-23,05:26:40,terminal,Software Development,2,597
2026-03-23,05:36:38,stackoverflow.com,Reference & Learning,1,816
2026-03-23,05:50:14,VS Code,Software Development,2,640
2026-03-23,06:00:55,VS Code,Software Development,2,909
2026-03-23,06:16:04,VS Code,Software Development,2,576
2026-03-23,06:25:41,github.com,Software Development,2,1378
2026-03-23,06:48:39,VS Code,Software Development,2,941
2026-03-23,07:04:20,VS Code,Software Development,2,952
2026-03-23,07:20:13,VS Code,Software Development,2,897
2026-03-23,07:35:10,VS Code,Software Development,2,996
2026-03-23,07:51:46,VS Code,Software Development,2,456
2026-03-23,07:59:23,VS Code,Software Development,2,412
2026-03-23,08:06:15,VS Code,Software Development,2,306
2026-03-23,08:11:21,github.com,Software Development,2,995
2026-03-23,08:27:57,github.com,Software Development,2,440
2026-03-23,08:35:17,VS Code,Software Development,2,507
2026-03-23,08:43:44,github.com,Software Development,2,1417
2026-03-23,09:07:22,VS Code,Software Development,2,825
2026-03-23,09:21:07,VS Code,Software Development,2,573
2026-03-23,09:30:40,VS Code,Software Development,2,575
2026-03-23,09:40:16,mail.google.com,Communication,0,404
2026-03-23,09:47:00,VS Code,Software Development,2,891
2026-03-23,10:01:52,github.com,Software Development,2,1027
2026-03-23,10:18:59,VS Code,Software Development,2,666
2026-03-23,10:30:06,VS Code,Software Development,2,1461
2026-03-23,10:54:27,VS Code,Software Development,2,631
2026-03-23,11:04:59,VS Code,Software Development,2,1419
2026-03-23,11:28:39,VS Code,Software Development,2,826
2026-03-23,11:42:25,stackoverflow.com,Reference & Learning,1,1328
2026-03-23,12:04:33,github.com,Software Development,2,468
2026-03-23,12:12:22,VS Code,Software Development,2,1361
2026-03-23,12:35:04,VS Code,Software Development,2,1001
2026-03-23,12:51:46,terminal,Software Development,2,1406
2026-03-23,13:15:12,VS Code,Software Development,2,1138
2026-03-23,13:34:11,VS Code,Software Development,2,1451
2026-03-23,13:58:22,terminal,Software Development,2,974
2026-03-23,14:14:36,github.com,Software Development,2,316
2026-03-23,14:19:53,VS Code,Software Development,2,455
2026-03-23,14:27:29,terminal,Software Development,2,1190
2026-03-23,14:47:20,github.com,Software Development,2,791
2026-03-23,15:00:31,VS Code,Software Development,2,1325
2026-03-23,15:22:37,terminal,Software Development,2,776
2026-03-23,15:35:33,terminal,Software Development,2,970
2026-03-23,15:51:43,terminal,Software Development,2,1188
2026-03-23,16:11:31,VS Code,Software Development,2,978
2026-03-23,16:27:50,github.com,Software Development,2,672
2026-03-23,16:39:02,VS Code,Software Development,2,997
2026-03-23,16:55:39,terminal,Software Development,2,348
2026-03-23,17:01:28,VS Code,Software Development,2,498
2026-03-23,17:09:47,VS Code,Software Development,2,1310
2026-03-23,17:31:37,VS Code,Software Development,2,1114
2026-03-23,17:50:12,github.com,Software Development,2,814
2026-03-23,18:03:47,VS Code,Software Development,2,1156
2026-03-23,18:23:03,VS Code,Software Development,2,1062
2026-03-23,18:40:46,VS Code,Software Development,2,787
2026-03-23,18:53:53,VS Code,Software Development,2,1075
2026-03-23,19:11:48,VS Code,Software Development,2,781
2026-03-23,19:24:50,VS Code,Software Development,2,749
2026-03-23,19:37:19,VS Code,Software Development,2,1064
2026-03-23,19:55:03,terminal,Software Development,2,1065
2026-03-23,20:12:48,terminal,Software Development,2,1351
2026-03-23,20:35:19,VS Code,Software Development,2,913
2026-03-23,20:50:33,VS Code,Software Development,2,1065
2026-03-23,21:08:18,VS Code,Software Development,2,899
2026-03-23,21:23:18,terminal,Software Development,2,1241
2026-03-23,21:44:00,VS Code,Software Development,2,657
2026-03-23,21:54:57,VS Code,Software Development,2,552
2026-03-23,22:04:10,stackoverflow.com,Reference & Learning,1,321
2026-03-23,22:09:31,VS Code,Software Development,2,648
2026-03-23,22:20:19,VS Code,Software Development,2,481
2026-03-23,22:28:21,VS Code,Software Development,2,707
2026-03-23,22:40:09,VS Code,Software Development,2,599
2026-03-23,22:50:09,VS Code,Software Development,2,464
2026-03-23,22:57:53,github.com,Software Development,2,762
2026-03-23,23:10:36,VS Code,Software Development,2,964
2026-03-23,23:26:41,VS Code,Software Development,2,938
2026-03-23,23:42:19,VS Code,Software Development,2,1211
2026-03-24,00:02:31,VS Code,Software Development,2,1373
2026-03-24,00:25:24,VS Code,Software Development,2,886
2026-03-24,00:40:11,VS Code,Software Development,2,747
2026-03-24,00:52:39,VS Code,Software Development,2,1433
2026-03-24,01:16:32,slack.com,Communication,0,464
2026-03-24,01:24:17,VS Code,Software Development,2,361
2026-03-24,01:30:18,VS Code,Software Development,2,904
2026-03-24,01:45:22,VS Code,Software Development,2,1430
2026-03-24,02:09:13,VS Code,Software Development,2,776
2026-03-24,02:22:09,VS Code,Software Development,2,1344
2026-03-24,02:44:34,stackoverflow.com,Reference & Learning,1,734
2026-03-24,02:56:48,terminal,Software Development,2,674
2026-03-24,03:08:02,VS Code,Software Development,2,1151
2026-03-24,03:27:14,VS Code,Software Development,2,1208
2026-03-24,03:47:22,github.com,Software Development,2,677
2026-03-24,03:58:39,VS Code,Software Development,2,1261
2026-03-24,04:19:40,VS Code,Software Development,2,543
2026-03-24,04:28:44,terminal,Software Development,2,1495
2026-03-24,04:53:40,VS Code,Software Development,2,386
2026-03-24,05:00:06,github.com,Software Development,2,803
2026-03-24,05:13:29,terminal,Software Development,2,796
2026-03-24,05:26:46,terminal,Software Development,2,1350
2026-03-24,05:49:16,stackoverflow.com,Reference & Learning,1,667
2026-03-24,06:00:24,slack.com,Communication,0,303
2026-03-24,06:05:27,mail.google.com,Communication,0,148
2026-03-24,06:07:55,VS Code,Software Development,2,161
2026-03-24,06:10:37,mail.google.com,Communication,0,229
2026-03-24,06:14:27,docs.google.com,Reference & Learning,1,104
2026-03-24,06:16:11,terminal,Software Development,2,173
2026-03-24,06:19:04,mail.google.com,Communication,0,143
2026-03-24,06:21:27,slack.com,Communication,0,300
2026-03-24,06:26:28,github.com,Software Development,2,312
2026-03-24,06:31:40,stackoverflow.com,Reference & Learning,1,69
2026-03-24,06:32:50,youtube.com,Entertainment,-2,243
2026-03-24,06:36:53,terminal,Software Development,2,160
2026-03-24,06:39:34,docs.google.com,Reference & Learning,1,52
2026-03-24,06:40:26,slack.com,Communication,0,132
2026-03-24,06:42:38,slack.com,Communication,0,329
2026-03-24,06:48:08,docs.google.com,Reference & Learning,1,226
2026-03-24,06:51:54,slack.com,Communication,0,146
2026-03-24,06:54:21,stackoverflow.com,Reference & Learning,1,281
2026-03-24,06:59:03,terminal,Software Development,2,209
2026-03-24,07:02:33,slack.com,Communication,0,50
2026-03-24,07:03:23,VS Code,Software Development,2,65
2026-03-24,07:04:29,slack.com,Communication,0,126
2026-03-24,07:06:35,mail.google.com,Communication,0,203
2026-03-24,07:09:59,youtube.com,Entertainment,-2,306
2026-03-24,07:15:05,youtube.com,Entertainment,-2,85
2026-03-24,07:16:31,twitter.com,Social Media,-2,246
2026-03-24,07:20:37,terminal,Software Development,2,254
2026-03-24,07:24:52,docs.google.com,Reference & Learning,1,283
2026-03-24,07:29:36,terminal,Software Development,2,1027
2026-03-24,07:46:43,VS Code,Software Development,2,396
2026-03-24,07:53:19,youtube.com,Entertainment,-2,1212
2026-03-24,08:13:32,VS Code,Software Development,2,424
2026-03-24,08:20:36,VS Code,Software Development,2,507
2026-03-24,08:29:04,terminal,Software Development,2,1164
2026-03-24,08:48:28,VS Code,Software Development,2,510
2026-03-24,08:56:58,terminal,Software Development,2,982
2026-03-24,09:13:21,VS Code,Software Development,2,796
2026-03-24,09:26:37,VS Code,Software Development,2,467
2026-03-24,09:34:24,github.com,Software Development,2,1111
2026-03-24,09:52:56,terminal,Software Development,2,851
2026-03-24,10:07:07,VS Code,Software Development,2,1390
2026-03-24,10:30:17,VS Code,Software Development,2,32
2026-03-24,10:30:49,twitter.com,Social Media,-2,128
2026-03-24,10:32:57,docs.google.com,Reference & Learning,1,201
2026-03-24,10:36:19,VS Code,Software Development,2,166
2026-03-24,10:39:05,youtube.com,Entertainment,-2,216
2026-03-24,10:42:41,mail.google.com,Communication,0,228
2026-03-24,10:46:29,slack.com,Communication,0,172
2026-03-24,10:49:22,mail.google.com,Communication,0,63
2026-03-24,10:50:26,stackoverflow.com,Reference & Learning,1,96
2026-03-24,10:52:02,terminal,Software Development,2,313
2026-03-24,10:57:15,VS Code,Software Development,2,99
2026-03-24,10:58:55,github.com,Software Development,2,139
2026-03-24,11:01:15,mail.google.com,Communication,0,150
2026-03-24,11:03:45,mail.google.com,Communication,0,248
2026-03-24,11:07:53,docs.google.com,Reference & Learning,1,264
2026-03-24,11:12:18,mail.google.com,Communication,0,134
2026-03-24,11:14:33,slack.com,Communication,0,124
2026-03-24,11:16:38,youtube.com,Entertainment,-2,110
2026-03-24,11:18:28,slack.com,Communication,0,211
2026-03-24,11:22:00,VS Code,Software Development,2,255
2026-03-24,11:26:16,github.com,Software Development,2,209
2026-03-24,11:29:45,stackoverflow.com,Reference & Learning,1,112
2026-03-24,11:31:37,youtube.com,Entertainment,-2,74
2026-03-24,11:32:52,twitter.com,Social Media,-2,260
2026-03-24,11:37:12,mail.google.com,Communication,0,56
2026-03-24,11:38:09,slack.com,Communication,0,327
2026-03-24,11:43:37,stackoverflow.com,Reference & Learning,1,81
2026-03-24,11:44:59,mail.google.com,Communication,0,153
2026-03-24,11:47:33,terminal,Software Development,2,120
2026-03-24,11:49:33,VS Code,Software Development,2,139
2026-03-24,11:51:53,stackoverflow.com,Reference & Learning,1,213
2026-03-24,11:55:26,docs.google.com,Reference & Learning,1,310
2026-03-24,12:00:36,slack.com,Communication,0,329
2026-03-24,12:06:06,mail.google.com,Communication,0,121
2026-03-24,12:08:07,slack.com,Communication,0,286
2026-03-24,12:12:53,mail.google.com,Communication,0,250
2026-03-24,12:17:04,mail.google.com,Communication,0,222
2026-03-24,12:20:46,docs.google.com,Reference & Learning,1,242
2026-03-24,12:24:48,slack.com,Communication,0,165
2026-03-24,12:27:34,terminal,Software Development,2,259
2026-03-24,12:31:54,VS Code,Software Development,2,1358
2026-03-24,12:54:32,VS Code,Software Development,2,1399
2026-03-24,13:17:52,VS Code,Software Development,2,1420
2026-03-24,13:41:33,VS Code,Software Development,2,492
2026-03-24,13:49:46,terminal,Software Development,2,530
2026-03-24,13:58:36,VS Code,Software Development,2,1320
2026-03-24,14:20:37,VS Code,Software Development,2,1218
2026-03-24,14:40:56,VS Code,Software Development,2,691
2026-03-24,14:52:27,terminal,Software Development,2,797
2026-03-24,15:05:44,VS Code,Software Development,2,812
2026-03-24,15:19:16,github.com,Software Development,2,415
2026-03-24,15:26:11,VS Code,Software Development,2,311
2026-03-24,15:31:23,VS Code,Software Development,2,1358
2026-03-24,15:54:01,VS Code,Software Development,2,374
2026-03-24,16:00:16,VS Code,Software Development,2,790
2026-03-24,16:13:27,github.com,Software Development,2,1239
2026-03-24,16:34:06,VS Code,Software Development,2,1389
2026-03-24,16:57:16,VS Code,Software Development,2,307
2026-03-24,17:02:23,slack.com,Communication,0,677
2026-03-24,17:13:40,VS Code,Software Development,2,1174
2026-03-24,17:33:15,VS Code,Software Development,2,429
2026-03-24,17:40:25,github.com,Software Development,2,1312
2026-03-24,18:02:17,terminal,Software Development,2,535
2026-03-24,18:11:13,VS Code,Software Development,2,785
2026-03-24,18:24:19,VS Code,Software Development,2,834
2026-03-24,18:38:14,github.com,Software Development,2,1051
2026-03-24,18:55:45,twitter.com,Social Media,-2,201
2026-03-24,18:59:07,github.com,Software Development,2,231
2026-03-24,19:02:58,slack.com,Communication,0,231
2026-03-24,19:06:50,stackoverflow.com,Reference & Learning,1,211
2026-03-24,19:10:21,mail.google.com,Communication,0,144
2026-03-24,19:12:46,slack.com,Communication,0,95
2026-03-24,19:14:21,twitter.com,Social Media,-2,222
2026-03-24,19:18:04,VS Code,Software Development,2,182
2026-03-24,19:21:06,mail.google.com,Communication,0,271
2026-03-24,19:25:38,VS Code,Software Development,2,241
2026-03-24,19:29:39,mail.google.com,Communication,0,87
2026-03-24,19:31:06,stackoverflow.com,Reference & Learning,1,295
2026-03-24,19:36:02,github.com,Software Development,2,221
2026-03-24,19:39:43,github.com,Software Development,2,36
2026-03-24,19:40:19,mail.google.com,Communication,0,264
2026-03-24,19:44:44,VS Code,Software Development,2,137
2026-03-24,19:47:02,docs.google.com,Reference & Learning,1,177
2026-03-24,19:49:59,stackoverflow.com,Reference & Learning,1,323
2026-03-24,19:55:23,github.com,Software Development,2,313
2026-03-24,20:00:36,slack.com,Communication,0,267
2026-03-24,20:05:04,VS Code,Software Development,2,1112
2026-03-24,20:23:36,github.com,Software Development,2,387
2026-03-24,20:30:04,VS Code,Software Development,2,1140
2026-03-24,20:49:05,VS Code,Software Development,2,349
2026-03-24,20:54:55,VS Code,Software Development,2,853
2026-03-24,21:09:08,VS Code,Software Development,2,1212
2026-03-24,21:29:21,VS Code,Software Development,2,1288
2026-03-24,21:50:50,github.com,Software Development,2,680
2026-03-24,22:02:10,VS Code,Software Development,2,1477
2026-03-24,22:26:47,VS Code,Software Development,2,991
2026-03-24,22:43:18,github.com,Software Development,2,1113
2026-03-24,23:01:52,VS Code,Software Development,2,480
2026-03-24,23:09:52,github.com,Software Development,2,820
2026-03-24,23:23:33,VS Code,Software Development,2,403
2026-03-24,23:30:17,VS Code,Software Development,2,1371
2026-03-24,23:53:08,terminal,Software Development,2,713
2026-03-25,00:05:01,stackoverflow.com,Reference & Learning,1,449
2026-03-25,00:12:31,terminal,Software Development,2,494
2026-03-25,00:20:45,VS Code,Software Development,2,1248
2026-03-25,00:41:34,VS Code,Software Development,2,787
2026-03-25,00:54:41,terminal,Software Development,2,588
2026-03-25,01:04:29,VS Code,Software Development,2,1178
2026-03-25,01:24:08,VS Code,Software Development,2,1367
2026-03-25,01:46:56,VS Code,Software Development,2,1241
2026-03-25,02:07:37,VS Code,Software Development,2,809
2026-03-25,02:21:06,terminal,Software Development,2,919
2026-03-25,02:36:26,VS Code,Software Development,2,499
2026-03-25,02:44:45,VS Code,Software Development,2,1241
2026-03-25,03:05:26,VS Code,Software Development,2,1479
2026-03-25,03:30:05,VS Code,Software Development,2,846
2026-03-25,03:44:12,github.com,Software Development,2,585
2026-03-25,03:53:57,VS Code,Software Development,2,1356
2026-03-25,04:16:34,VS Code,Software Development,2,851
2026-03-25,04:30:45,VS Code,Software Development,2,891
2026-03-25,04:45:37,VS Code,Software Development,2,1181
2026-03-25,05:05:18,VS Code,Software Development,2,339
2026-03-25,05:10:58,VS Code,Software Development,2,1214
2026-03-25,05:31:12,VS Code,Software Development,2,1333
2026-03-25,05:53:25,VS Code,Software Development,2,1245
2026-03-25,06:14:10,VS Code,Software Development,2,826
2026-03-25,06:27:57,VS Code,Software Development,2,649
2026-03-25,06:38:47,github.com,Software Development,2,1272
2026-03-25,06:59:59,VS Code,Software Development,2,886
2026-03-25,07:14:46,terminal,Software Development,2,1379
2026-03-25,07:37:45,VS Code,Software Development,2,605
2026-03-25,07:47:50,VS Code,Software Development,2,964
2026-03-25,08:03:54,terminal,Software Development,2,1254
2026-03-25,08:24:49,youtube.com,Entertainment,-2,293
2026-03-25,08:29:43,docs.google.com,Reference & Learning,1,225
2026-03-25,08:33:28,slack.com,Communication,0,149
2026-03-25,08:35:58,slack.com,Communication,0,132
2026-03-25,08:38:11,mail.google.com,Communication,0,126
2026-03-25,08:40:17,VS Code,Software Development,2,73
2026-03-25,08:41:31,VS Code,Software Development,2,83
2026-03-25,08:42:55,twitter.com,Social Media,-2,323
2026-03-25,08:48:19,stackoverflow.com,Reference & Learning,1,134
2026-03-25,08:50:33,mail.google.com,Communication,0,155
2026-03-25,08:53:08,stackoverflow.com,Reference & Learning,1,176
2026-03-25,08:56:04,terminal,Software Development,2,172
2026-03-25,08:58:56,slack.com,Communication,0,188
2026-03-25,09:02:05,github.com,Software Development,2,271
2026-03-25,09:06:37,docs.google.com,Reference & Learning,1,186
2026-03-25,09:09:43,terminal,Software Development,2,124
2026-03-25,09:11:48,docs.google.com,Reference & Learning,1,127
2026-03-25,09:13:56,mail.google.com,Communication,0,69
2026-03-25,09:15:06,stackoverflow.com,Reference & Learning,1,256
2026-03-25,09:19:23,terminal,Software Development,2,317
2026-03-25,09:24:41,VS Code,Software Development,2,1249
2026-03-25,09:45:30,VS Code,Software Development,2,1159
2026-03-25,10:04:49,VS Code,Software Development,2,1365
2026-03-25,10:27:34,terminal,Software Development,2,1030
2026-03-25,10:44:45,VS Code,Software Development,2,1142
2026-03-25,11:03:47,VS Code,Software Development,2,631
2026-03-25,11:14:18,VS Code,Software Development,2,1324
2026-03-25,11:36:22,VS Code,Software Development,2,716
2026-03-25,11:48:18,VS Code,Software Development,2,1025
2026-03-25,12:05:24,VS Code,Software Development,2,1041
2026-03-25,12:22:45,twitter.com,Social Media,-2,1497
2026-03-25,12:47:42,github.com,Software Development,2,1160
2026-03-25,13:07:02,VS Code,Software Development,2,1252
2026-03-25,13:27:55,terminal,Software Development,2,1002
2026-03-25,13:44:37,VS Code,Software Development,2,1034
2026-03-25,14:01:51,VS Code,Software Development,2,761
2026-03-25,14:14:33,VS Code,Software Development,2,980
2026-03-25,14:30:53,github.com,Software Development,2,346
2026-03-25,14:36:40,VS Code,Software Development,2,690
2026-03-25,14:48:10,VS Code,Software Development,2,858
2026-03-25,15:02:29,VS Code,Software Development,2,1165
2026-03-25,15:21:55,terminal,Software Development,2,859
2026-03-25,15:36:14,VS Code,Software Development,2,416
2026-03-25,15:43:11,VS Code,Software Development,2,987
2026-03-25,22:25:19,VS Code,Software Development,2,689
2026-03-25,22:36:48,VS Code,Software Development,2,1065
2026-03-25,22:54:34,VS Code,Software Development,2,485
2026-03-25,23:02:39,terminal,Software Development,2,1073
2026-03-25,23:20:32,VS Code,Software Development,2,1074
2026-03-25,23:38:27,VS Code,Software Development,2,1038
2026-03-26,11:37:58,github.com,Software Development,2,827
2026-03-26,11:51:46,VS Code,Software Development,2,1384
2026-03-26,12:14:51,VS Code,Software Development,2,498
2026-03-26,12:23:09,VS Code,Software Development,2,609
2026-03-26,12:33:19,youtube.com,Entertainment,-2,348
2026-03-26,12:39:07,VS Code,Software Development,2,1415
2026-03-26,13:02:43,youtube.com,Entertainment,-2,124
2026-03-26,13:04:47,stackoverflow.com,Reference & Learning,1,181
2026-03-26,13:07:48,docs.google.com,Reference & Learning,1,85
2026-03-26,13:09:14,youtube.com,Entertainment,-2,128
2026-03-26,13:11:22,mail.google.com,Communication,0,126
2026-03-26,13:13:29,terminal,Software Development,2,116
2026-03-26,13:15:25,VS Code,Software Development,2,209
2026-03-26,13:18:55,terminal,Software Development,2,90
2026-03-26,13:20:25,VS Code,Software Development,2,134
2026-03-26,13:22:40,stackoverflow.com,Reference & Learning,1,265
2026-03-26,13:27:05,youtube.com,Entertainment,-2,95
2026-03-26,13:28:40,twitter.com,Social Media,-2,225
2026-03-26,13:32:26,github.com,Software Development,2,78
2026-03-26,13:33:44,youtube.com,Entertainment,-2,168
2026-03-26,13:36:33,slack.com,Communication,0,155
2026-03-26,13:39:08,github.com,Software Development,2,304
2026-03-26,13:44:13,twitter.com,Social Media,-2,93
2026-03-26,13:45:46,docs.google.com,Reference & Learning,1,235
2026-03-26,13:49:42,github.com,Software Development,2,204
2026-03-26,13:53:06,docs.google.com,Reference & Learning,1,220
2026-03-26,13:56:47,docs.google.com,Reference & Learning,1,148
2026-03-26,13:59:15,terminal,Software Development,2,92
2026-03-26,14:00:48,slack.com,Communication,0,157
2026-03-26,14:03:25,twitter.com,Social Media,-2,111
2026-03-26,14:05:16,github.com,Software Development,2,270
2026-03-26,14:09:47,slack.com,Communication,0,166
2026-03-26,14:12:33,github.com,Software Development,2,249
2026-03-26,14:16:43,twitter.com,Social Media,-2,299
2026-03-26,14:21:43,docs.google.com,Reference & Learning,1,164
2026-03-26,14:24:28,docs.google.com,Reference & Learning,1,106
2026-03-26,14:26:14,mail.google.com,Communication,0,316
2026-03-26,14:31:31,mail.google.com,Communication,0,295
2026-03-26,14:36:26,github.com,Software Development,2,37
2026-03-26,14:37:04,slack.com,Communication,0,286
2026-03-26,14:41:51,docs.google.com,Reference & Learning,1,208
2026-03-26,14:45:19,slack.com,Communication,0,248
2026-03-26,14:49:28,terminal,Software Development,2,85
2026-03-26,14:50:53,mail.google.com,Communication,0,196
2026-03-26,14:54:09,slack.com,Communication,0,67
2026-03-26,14:55:17,VS Code,Software Development,2,306
2026-03-26,15:00:23,github.com,Software Development,2,168
2026-03-26,15:03:12,github.com,Software Development,2,99
2026-03-26,15:04:51,github.com,Software Development,2,111
2026-03-26,15:06:43,stackoverflow.com,Reference & Learning,1,182
2026-03-26,15:09:45,twitter.com,Social Media,-2,215
2026-03-26,15:13:21,docs.google.com,Reference & Learning,1,65
2026-03-26,15:14:26,mail.google.com,Communication,0,175
2026-03-26,15:17:22,stackoverflow.com,Reference & Learning,1,212
2026-03-26,15:20:54,VS Code,Software Development,2,1441
2026-03-26,15:44:56,terminal,Software Development,2,1214
2026-03-26,16:05:10,VS Code,Software Development,2,1301
2026-03-26,16:26:52,VS Code,Software Development,2,804
2026-03-26,16:40:16,VS Code,Software Development,2,862
2026-03-26,16:54:39,VS Code,Software Development,2,760
2026-03-26,17:07:19,VS Code,Software Development,2,1456
2026-03-26,17:31:36,github.com,Software Development,2,1445
2026-03-26,17:55:41,terminal,Software Development,2,327
2026-03-26,18:01:08,stackoverflow.com,Reference & Learning,1,1130
2026-03-26,18:19:59,mail.google.com,Communication,0,424
2026-03-26,18:27:04,terminal,Software Development,2,578
2026-03-26,18:36:42,VS Code,Software Development,2,757
2026-03-26,18:49:20,VS Code,Software Development,2,813
2026-03-27,04:37:44,github.com,Software Development,2,1001
2026-03-27,04:54:25,VS Code,Software Development,2,468
2026-03-27,05:02:14,VS Code,Software Development,2,788
2026-03-27,05:15:22,slack.com,Communication,0,783
2026-03-27,05:28:26,terminal,Software Development,2,860
2026-03-27,05:42:46,VS Code,Software Development,2,478
2026-03-27,05:50:45,VS Code,Software Development,2,856
2026-03-27,06:05:02,VS Code,Software Development,2,1273
2026-03-27,06:26:16,terminal,Software Development,2,759
2026-03-27,06:38:56,terminal,Software Development,2,505
2026-03-27,06:47:22,VS Code,Software Development,2,1049
2026-03-27,07:04:51,VS Code,Software Development,2,519
2026-03-27,07:13:30,VS Code,Software Development,2,1019
2026-03-27,07:30:29,VS Code,Software Development,2,1310
2026-03-27,07:52:20,VS Code,Software Development,2,493
2026-03-27,08:00:34,VS Code,Software Development,2,832
2026-03-27,08:14:26,twitter.com,Social Media,-2,1273
2026-03-27,08:35:40,VS Code,Software Development,2,575
2026-03-27,08:45:15,github.com,Software Development,2,1200
2026-03-27,09:05:15,VS Code,Software Development,2,764
2026-03-27,09:18:00,VS Code,Software Development,2,1019
2026-03-27,09:34:59,VS Code,Software Development,2,418
2026-03-27,09:41:58,VS Code,Software Development,2,709
2026-03-27,09:53:47,terminal,Software Development,2,300
2026-03-27,09:58:48,VS Code,Software Development,2,426
2026-03-27,10:05:55,VS Code,Software Development,2,1305
2026-03-27,10:27:40,VS Code,Software Development,2,1145
2026-03-27,10:46:46,VS Code,Software Development,2,1063
2026-03-27,11:04:29,VS Code,Software Development,2,621
2026-03-27,11:14:51,VS Code,Software Development,2,462
2026-03-27,11:22:33,VS Code,Software Development,2,1141
2026-03-27,11:41:35,terminal,Software Development,2,601
2026-03-27,11:51:36,terminal,Software Development,2,1322
2026-03-27,12:13:39,VS Code,Software Development,2,1084
2026-03-27,12:31:43,terminal,Software Development,2,872
2026-03-27,12:46:16,VS Code,Software Development,2,982
2026-03-27,13:02:38,VS Code,Software Development,2,547
2026-03-27,13:11:45,VS Code,Software Development,2,899
2026-03-27,13:26:45,VS Code,Software Development,2,1261
2026-03-27,13:47:47,github.com,Software Development,2,651
2026-03-27,13:58:38,VS Code,Software Development,2,1022
2026-03-27,14:15:41,VS Code,Software Development,2,1122
2026-03-27,14:34:23,terminal,Software Development,2,1434
2026-03-27,14:58:17,slack.com,Communication,0,1174
2026-03-27,15:17:52,terminal,Software Development,2,1218
2026-03-27,15:38:10,VS Code,Software Development,2,1168
2026-03-27,15:57:39,youtube.com,Entertainment,-2,680
2026-03-27,16:08:59,VS Code,Software Development,2,1392
2026-03-27,16:32:11,VS Code,Software Development,2,1386
2026-03-27,16:55:17,VS Code,Software Development,2,447
2026-03-27,17:02:44,github.com,Software Development,2,844
2026-03-27,17:16:49,VS Code,Software Development,2,1435
2026-03-27,17:40:44,VS Code,Software Development,2,1077
2026-03-27,17:58:41,stackoverflow.com,Reference & Learning,1,401
2026-03-27,18:05:23,github.com,Software Development,2,1125
2026-03-27,18:24:08,github.com,Software Development,2,556
2026-03-27,18:33:25,VS Code,Software Development,2,1190
2026-03-27,18:53:16,github.com,Software Development,2,1175
2026-03-27,19:12:52,VS Code,Software Development,2,1345
2026-03-27,19:35:17,VS Code,Software Development,2,726
2026-03-27,19:47:23,terminal,Software Development,2,1210
2026-03-27,20:07:34,terminal,Software Development,2,1423
2026-03-27,20:31:17,VS Code,Software Development,2,1015
2026-03-27,20:48:13,VS Code,Software Development,2,728
2026-03-27,21:00:21,VS Code,Software Development,2,802
2026-03-27,21:13:43,VS Code,Software Development,2,1072
2026-03-27,21:31:36,VS Code,Software Development,2,989
2026-03-27,21:48:06,VS Code,Software Development,2,1255
2026-03-27,22:09:01,VS Code,Software Development,2,841
2026-03-27,22:23:03,slack.com,Communication,0,70
2026-03-27,22:24:13,mail.google.com,Communication,0,213
2026-03-27,22:27:47,mail.google.com,Communication,0,271
2026-03-27,22:32:19,terminal,Software Development,2,329
2026-03-27,22:37:49,terminal,Software Development,2,219
2026-03-27,22:41:28,mail.google.com,Communication,0,50
2026-03-27,22:42:18,terminal,Software Development,2,261
2026-03-27,22:46:39,terminal,Software Development,2,155
2026-03-27,22:49:14,terminal,Software Development,2,74
2026-03-27,22:50:29,github.com,Software Development,2,192
2026-03-27,22:53:41,docs.google.com,Reference & Learning,1,111
2026-03-27,22:55:33,slack.com,Communication,0,151
2026-03-27,22:58:05,docs.google.com,Reference & Learning,1,108
2026-03-27,22:59:53,docs.google.com,Reference & Learning,1,239
2026-03-27,23:03:52,github.com,Software Development,2,106
2026-03-27,23:05:38,VS Code,Software Development,2,287
2026-03-27,23:10:26,twitter.com,Social Media,-2,217
2026-03-27,23:14:03,twitter.com,Social Media,-2,199
2026-03-27,23:17:23,slack.com,Communication,0,237
2026-03-27,23:21:20,twitter.com,Social Media,-2,206
2026-03-28,14:07:10,VS Code,Software Development,2,735
2026-03-28,14:19:25,VS Code,Software Development,2,966
2026-03-28,14:35:32,github.com,Software Development,2,527
2026-03-28,14:44:19,VS Code,Software Development,2,559
2026-03-28,14:53:38,VS Code,Software Development,2,899
2026-03-28,15:08:38,VS Code,Software Development,2,812
2026-03-28,15:22:10,terminal,Software Development,2,1405
2026-03-28,15:45:35,VS Code,Software Development,2,1112
2026-03-28,16:04:08,VS Code,Software Development,2,1202
2026-03-28,16:24:10,VS Code,Software Development,2,893
2026-03-28,16:39:04,VS Code,Software Development,2,854
2026-03-28,16:53:18,VS Code,Software Development,2,911
2026-03-28,17:08:29,VS Code,Software Development,2,1285
2026-03-28,17:29:54,VS Code,Software Development,2,1397
2026-03-28,17:53:11,slack.com,Communication,0,1259
2026-03-28,18:14:11,VS Code,Software Development,2,1384
2026-03-28,18:37:15,VS Code,Software Development,2,605
2026-03-28,18:47:20,VS Code,Software Development,2,1267
2026-03-29,01:18:31,youtube.com,Entertainment,-2,1321
2026-03-29,01:40:32,VS Code,Software Development,2,1286
2026-03-29,02:01:58,terminal,Software Development,2,544
2026-03-29,02:11:03,VS Code,Software Development,2,1185
2026-03-29,02:30:48,VS Code,Software Development,2,1233
2026-03-29,02:51:22,VS Code,Software Development,2,1462
2026-03-29,03:15:44,VS Code,Software Development,2,942
2026-03-29,03:31:27,VS Code,Software Development,2,1216
2026-03-29,03:51:43,VS Code,Software Development,2,933
2026-03-29,04:07:16,VS Code,Software Development,2,1251
2026-03-29,12:58:11,VS Code,Software Development,2,1359
2026-03-29,13:20:50,terminal,Software Development,2,558
2026-03-29,13:30:09,VS Code,Software Development,2,726
2026-03-29,13:42:15,VS Code,Software Development,2,556
2026-03-29,13:51:32,VS Code,Software Development,2,480
2026-03-29,13:59:33,VS Code,Software Development,2,646
2026-03-29,14:10:19,VS Code,Software Development,2,623
2026-03-29,14:20:42,terminal,Software Development,2,1406
2026-03-29,14:44:08,VS Code,Software Development,2,798
2026-03-29,14:57:27,VS Code,Software Development,2,1065
2026-03-29,15:15:12,VS Code,Software Development,2,642
2026-03-29,15:25:54,terminal,Software Development,2,657
2026-03-29,15:36:52,VS Code,Software Development,2,1016
2026-03-29,15:53:49,VS Code,Software Development,2,1355
2026-03-29,16:16:24,VS Code,Software Development,2,1380
2026-03-29,16:39:24,VS Code,Software Development,2,724
2026-03-29,16:51:29,VS Code,Software Development,2,976
2026-03-29,17:07:45,VS Code,Software Development,2,1253
2026-03-29,17:28:38,VS Code,Software Development,2,462
2026-03-29,17:36:20,VS Code,Software Development,2,1402
2026-03-29,17:59:43,VS Code,Software Development,2,498
2026-03-29,18:08:02,VS Code,Software Development,2,774
2026-03-29,18:20:56,VS Code,Software Development,2,850
2026-03-29,18:35:06,VS Code,Software Development,2,376
2026-03-29,18:41:23,VS Code,Software Development,2,633
2026-03-29,18:51:56,VS Code,Software Development,2,684
2026-03-30,06:15:24,stackoverflow.com,Reference & Learning,1,190
2026-03-30,06:18:34,slack.com,Communication,0,326
2026-03-30,06:24:01,docs.google.com,Reference & Learning,1,198
2026-03-30,06:27:19,mail.google.com,Communication,0,112
2026-03-30,06:29:12,terminal,Software Development,2,219
2026-03-30,06:32:51,twitter.com,Social Media,-2,121
2026-03-30,06:34:53,github.com,Software Development,2,265
2026-03-30,06:39:19,docs.google.com,Reference & Learning,1,190
2026-03-30,06:42:29,mail.google.com,Communication,0,120
2026-03-30,06:44:29,youtube.com,Entertainment,-2,190
2026-03-30,06:47:40,docs.google.com,Reference & Learning,1,239
2026-03-30,06:51:40,stackoverflow.com,Reference & Learning,1,191
2026-03-30,16:55:04,VS Code,Software Development,2,982
2026-03-30,17:11:26,VS Code,Software Development,2,340
2026-03-30,17:17:06,VS Code,Software Development,2,1334
2026-03-30,17:39:21,VS Code,Software Development,2,471
2026-03-30,17:47:12,VS Code,Software Development,2,889
2026-03-30,18:02:02,terminal,Software Development,2,353
2026-03-30,18:07:55,terminal,Software Development,2,455
2026-03-30,18:15:30,VS Code,Software Development,2,1080
2026-03-30,18:33:31,github.com,Software Development,2,757
2026-03-30,18:46:09,VS Code,Software Development,2,1153
2026-03-30,19:05:22,VS Code,Software Development,2,1292
2026-03-30,19:26:54,twitter.com,Social Media,-2,164
2026-03-30,19:29:39,slack.com,Communication,0,258
2026-03-30,19:33:57,mail.google.com,Communication,0,62
2026-03-30,19:34:59,stackoverflow.com,Reference & Learning,1,84
2026-03-30,19:36:24,VS Code,Software Development,2,70
2026-03-30,19:37:34,slack.com,Communication,0,96
2026-03-30,19:39:11,slack.com,Communication,0,230
2026-03-30,19:43:01,slack.com,Communication,0,238
2026-03-30,19:47:00,VS Code,Software Development,2,40
2026-03-30,19:47:40,mail.google.com,Communication,0,281
2026-03-30,19:52:22,youtube.com,Entertainment,-2,68
2026-03-30,19:53:31,youtube.com,Entertainment,-2,325
2026-03-30,19:58:56,youtube.com,Entertainment,-2,78
2026-03-30,20:00:15,mail.google.com,Communication,0,276
2026-03-30,20:04:51,terminal,Software Development,2,161
2026-03-30,20:07:33,slack.com,Communication,0,64
2026-03-30,20:08:37,twitter.com,Social Media,-2,85
2026-03-30,20:10:03,stackoverflow.com,Reference & Learning,1,321
2026-03-30,20:15:25,docs.google.com,Reference & Learning,1,156
2026-03-30,20:18:01,twitter.com,Social Media,-2,47
2026-03-30,20:18:49,github.com,Software Development,2,296
2026-03-30,20:23:45,mail.google.com,Communication,0,215
2026-03-30,20:27:21,docs.google.com,Reference & Learning,1,32
2026-03-30,20:27:53,mail.google.com,Communication,0,44
2026-03-30,20:28:37,twitter.com,Social Media,-2,136
2026-03-30,20:30:53,slack.com,Communication,0,190
2026-03-30,20:34:03,docs.google.com,Reference & Learning,1,33
2026-03-30,20:34:37,docs.google.com,Reference & Learning,1,256
2026-03-30,20:38:53,twitter.com,Social Media,-2,264
2026-03-30,20:43:18,docs.google.com,Reference & Learning,1,271
2026-03-30,20:47:50,VS Code,Software Development,2,38
2026-03-30,20:48:28,stackoverflow.com,Reference & Learning,1,176
2026-03-30,20:51:24,youtube.com,Entertainment,-2,57
2026-03-30,20:52:21,docs.google.com,Reference & Learning,1,84
2026-03-30,20:53:46,slack.com,Communication,0,169
2026-03-30,20:56:35,stackoverflow.com,Reference & Learning,1,52
2026-03-30,20:57:27,twitter.com,Social Media,-2,87
2026-03-30,20:58:55,github.com,Software Development,2,156
2026-03-30,21:01:31,slack.com,Communication,0,221
2026-03-30,21:05:12,stackoverflow.com,Reference & Learning,1,113
2026-03-30,21:07:06,VS Code,Software Development,2,175
2026-03-30,21:10:02,docs.google.com,Reference & Learning,1,272
2026-03-30,21:14:34,VS Code,Software Development,2,1418
2026-03-30,21:38:12,slack.com,Communication,0,811
2026-03-30,21:51:44,terminal,Software Development,2,837
2026-03-30,22:05:41,VS Code,Software Development,2,493
2026-03-30,22:13:55,VS Code,Software Development,2,385
2026-03-30,22:20:21,VS Code,Software Development,2,1055
2026-03-30,22:37:57,github.com,Software Development,2,550
2026-03-30,22:47:07,terminal,Software Development,2,1025
2026-03-30,23:04:12,VS Code,Software Development,2,1284
2026-03-30,23:25:37,VS Code,Software Development,2,460
2026-03-30,23:33:17,VS Code,Software Development,2,1214
2026-03-30,23:53:31,VS Code,Software Development,2,780
2026-03-31,00:06:32,VS Code,Software Development,2,1013
2026-03-31,00:23:26,github.com,Software Development,2,1270
2026-03-31,00:44:36,VS Code,Software Development,2,1268
2026-03-31,01:05:45,mail.google.com,Communication,0,131
2026-03-31,01:07:57,mail.google.com,Communication,0,195
2026-03-31,01:11:13,youtube.com,Entertainment,-2,51
2026-03-31,01:12:04,VS Code,Software Development,2,47
2026-03-31,01:12:51,youtube.com,Entertainment,-2,295
2026-03-31,01:17:46,stackoverflow.com,Reference & Learning,1,271
2026-03-31,01:22:18,terminal,Software Development,2,35
2026-03-31,01:22:53,mail.google.com,Communication,0,119
2026-03-31,01:24:52,stackoverflow.com,Reference & Learning,1,277
2026-03-31,01:29:30,slack.com,Communication,0,170
2026-03-31,01:32:20,github.com,Software Development,2,268
2026-03-31,01:36:48,terminal,Software Development,2,282
2026-03-31,01:41:31,docs.google.com,Reference & Learning,1,207
2026-03-31,01:44:59,github.com,Software Development,2,802
2026-03-31,01:58:22,VS Code,Software Development,2,1254
2026-03-31,02:19:16,VS Code,Software Development,2,406
2026-03-31,02:26:03,VS Code,Software Development,2,932
2026-03-31,02:41:36,github.com,Software Development,2,889
2026-03-31,02:56:25,github.com,Software Development,2,469
2026-03-31,03:04:14,VS Code,Software Development,2,831
2026-03-31,03:18:06,terminal,Software Development,2,1468
2026-03-31,03:42:34,VS Code,Software Development,2,648
2026-03-31,03:53:23,VS Code,Software Development,2,864
2026-03-31,04:07:47,stackoverflow.com,Reference & Learning,1,727
2026-03-31,04:19:54,github.com,Software Development,2,1457
2026-03-31,04:44:12,VS Code,Software Development,2,717
2026-03-31,04:56:09,github.com,Software Development,2,1202
2026-03-31,05:16:11,VS Code,Software Development,2,935
2026-03-31,05:31:47,VS Code,Software Development,2,187
2026-03-31,05:34:54,mail.google.com,Communication,0,94
2026-03-31,05:36:29,slack.com,Communication,0,299
2026-03-31,05:41:29,stackoverflow.com,Reference & Learning,1,247
2026-03-31,05:45:36,terminal,Software Development,2,297
2026-03-31,05:50:33,mail.google.com,Communication,0,166
2026-03-31,05:53:20,slack.com,Communication,0,33
2026-03-31,05:53:54,terminal,Software Development,2,168
2026-03-31,05:56:42,github.com,Software Development,2,218
2026-03-31,06:00:21,terminal,Software Development,2,205
2026-03-31,06:03:46,github.com,Software Development,2,213
2026-03-31,06:07:19,terminal,Software Development,2,314
2026-03-31,06:12:33,terminal,Software Development,2,256
2026-03-31,06:16:50,docs.google.com,Reference & Learning,1,251
2026-03-31,06:21:02,docs.google.com,Reference & Learning,1,148
2026-03-31,06:23:30,twitter.com,Social Media,-2,138
2026-03-31,06:25:48,github.com,Software Development,2,193
2026-03-31,06:29:01,terminal,Software Development,2,284
2026-03-31,06:33:46,VS Code,Software Development,2,52
2026-03-31,06:34:38,terminal,Software Development,2,46
2026-03-31,06:35:24,VS Code,Software Development,2,108
2026-03-31,06:37:12,terminal,Software Development,2,1184
2026-03-31,06:56:57,terminal,Software Development,2,1021
2026-03-31,07:13:58,terminal,Software Development,2,530
2026-03-31,07:22:48,VS Code,Software Development,2,709
2026-03-31,07:34:38,VS Code,Software Development,2,1309
2026-03-31,07:56:27,VS Code,Software Development,2,1097
2026-03-31,08:14:45,VS Code,Software Development,2,1304
2026-03-31,08:36:29,slack.com,Communication,0,1131
2026-03-31,08:55:20,youtube.com,Entertainment,-2,69
2026-03-31,08:56:29,github.com,Software Development,2,112
2026-03-31,08:58:22,slack.com,Communication,0,127
2026-03-31,09:00:29,youtube.com,Entertainment,-2,292
2026-03-31,09:05:21,docs.google.com,Reference & Learning,1,182
2026-03-31,09:08:24,twitter.com,Social Media,-2,59
2026-03-31,09:09:24,slack.com,Communication,0,139
2026-03-31,09:11:43,github.com,Software Development,2,107
2026-03-31,09:13:31,stackoverflow.com,Reference & Learning,1,273
2026-03-31,09:18:04,VS Code,Software Development,2,192
2026-03-31,09:21:17,github.com,Software Development,2,192
2026-03-31,09:24:29,github.com,Software Development,2,286
2026-03-31,09:29:16,VS Code,Software Development,2,273
2026-03-31,09:33:49,terminal,Software Development,2,98
2026-03-31,09:35:28,stackoverflow.com,Reference & Learning,1,101
2026-03-31,09:37:10,youtube.com,Entertainment,-2,142
2026-03-31,09:39:33,VS Code,Software Development,2,120
2026-03-31,09:41:33,stackoverflow.com,Reference & Learning,1,70
2026-03-31,09:42:44,VS Code,Software Development,2,159
2026-03-31,09:45:24,slack.com,Communication,0,204
2026-03-31,09:48:48,github.com,Software Development,2,137
2026-03-31,09:51:06,youtube.com,Entertainment,-2,190
2026-03-31,09:54:16,docs.google.com,Reference & Learning,1,291
2026-03-31,09:59:08,youtube.com,Entertainment,-2,325
2026-03-31,10:04:33,github.com,Software Development,2,146
2026-03-31,10:06:59,mail.google.com,Communication,0,153
2026-03-31,10:09:33,mail.google.com,Communication,0,37
2026-03-31,10:10:10,terminal,Software Development,2,197
2026-03-31,10:13:27,github.com,Software Development,2,327
2026-03-31,10:18:55,terminal,Software Development,2,293
2026-03-31,10:23:49,terminal,Software Development,2,288
2026-03-31,10:28:38,twitter.com,Social Media,-2,243
2026-03-31,10:32:41,slack.com,Communication,0,150
2026-03-31,10:35:11,docs.google.com,Reference & Learning,1,315
2026-03-31,10:40:26,twitter.com,Social Media,-2,53
2026-03-31,10:41:20,mail.google.com,Communication,0,81
2026-03-31,10:42:41,stackoverflow.com,Reference & Learning,1,130
2026-03-31,10:44:52,youtube.com,Entertainment,-2,299
2026-03-31,10:49:51,mail.google.com,Communication,0,227
2026-03-31,15:32:32,VS Code,Software Development,2,1320
2026-03-31,15:54:32,VS Code,Software Development,2,373
2026-03-31,16:00:45,VS Code,Software Development,2,387
2026-03-31,16:07:13,terminal,Software Development,2,1024
2026-03-31,16:24:17,VS Code,Software Development,2,1012
2026-03-31,16:41:09,VS Code,Software Development,2,894
2026-03-31,16:56:03,VS Code,Software Development,2,1061
2026-03-31,17:13:45,VS Code,Software Development,2,497
2026-03-31,17:22:02,VS Code,Software Development,2,1241
2026-03-31,17:42:44,VS Code,Software Development,2,729
2026-03-31,17:54:53,VS Code,Software Development,2,808
2026-03-31,18:08:21,VS Code,Software Development,2,411
2026-03-31,18:15:13,VS Code,Software Development,2,543
2026-03-31,18:24:17,terminal,Software Development,2,1268
2026-03-31,18:45:25,VS Code,Software Development,2,1415
2026-03-31,19:09:01,VS Code,Software Development,2,733
2026-03-31,19:21:14,VS Code,Software Development,2,627
2026-03-31,19:31:42,slack.com,Communication,0,894
2026-03-31,19:46:37,VS Code,Software Development,2,470
2026-03-31,19:54:27,VS Code,Software Development,2,909
2026-03-31,20:09:37,VS Code,Software Development,2,746
2026-03-31,20:22:03,VS Code,Software Development,2,1214
2026-03-31,20:42:17,github.com,Software Development,2,544
2026-03-31,20:51:22,VS Code,Software Development,2,563
2026-03-31,21:00:46,github.com,Software Development,2,836
2026-03-31,21:14:43,github.com,Software Development,2,1324
2026-03-31,21:36:47,VS Code,Software Development,2,334
2026-03-31,21:42:21,VS Code,Software Development,2,1394
2026-03-31,22:05:36,VS Code,Software Development,2,1252
2026-03-31,22:26:29,VS Code,Software Development,2,549
2026-03-31,22:35:38,youtube.com,Entertainment,-2,919
2026-03-31,22:50:58,VS Code,Software Development,2,1454
2026-03-31,23:15:12,VS Code,Software Development,2,1307
2026-03-31,23:36:59,VS Code,Software Development,2,428
2026-03-31,23:44:08,VS Code,Software Development,2,1472
2026-04-01,00:08:41,VS Code,Software Development,2,894
2026-04-01,00:23:36,VS Code,Software Development,2,1362
2026-04-01,00:46:18,VS Code,Software Development,2,561
2026-04-01,00:55:39,VS Code,Software Development,2,596
2026-04-01,01:05:36,VS Code,Software Development,2,471
2026-04-01,01:13:27,VS Code,Software Development,2,1429
2026-04-01,01:37:17,VS Code,Software Development,2,712
2026-04-01,01:49:09,VS Code,Software Development,2,1231
2026-04-01,02:09:41,github.com,Software Development,2,1406
2026-04-01,02:33:07,VS Code,Software Development,2,1287
2026-04-01,02:54:34,slack.com,Communication,0,623
2026-04-01,03:04:58,VS Code,Software Development,2,1056
2026-04-01,03:22:34,github.com,Software Development,2,1156
2026-04-01,03:41:51,VS Code,Software Development,2,1481
2026-04-01,04:06:32,VS Code,Software Development,2,1308
2026-04-01,04:28:21,github.com,Software Development,2,513
2026-04-01,04:36:55,github.com,Software Development,2,1236
2026-04-01,04:57:32,VS Code,Software Development,2,378
2026-04-01,05:03:50,VS Code,Software Development,2,1373
2026-04-01,05:26:43,slack.com,Communication,0,1389
2026-04-01,05:49:52,twitter.com,Social Media,-2,495
2026-04-01,05:58:08,VS Code,Software Development,2,363
2026-04-01,06:04:11,VS Code,Software Development,2,1083
2026-04-01,06:22:14,VS Code,Software Development,2,498
2026-04-01,06:30:33,VS Code,Software Development,2,1017
2026-04-01,06:47:30,VS Code,Software Development,2,1458
2026-04-01,07:11:49,docs.google.com,Reference & Learning,1,750
2026-04-01,07:24:19,github.com,Software Development,2,1305
2026-04-01,07:46:05,terminal,Software Development,2,750
2026-04-01,07:58:35,mail.google.com,Communication,0,112
2026-04-01,08:00:27,twitter.com,Social Media,-2,287
2026-04-01,08:05:15,terminal,Software Development,2,41
2026-04-01,08:05:56,slack.com,Communication,0,298
2026-04-01,08:10:55,stackoverflow.com,Reference & Learning,1,154
2026-04-01,08:13:30,mail.google.com,Communication,0,239
2026-04-01,08:17:29,stackoverflow.com,Reference & Learning,1,122
2026-04-01,08:19:32,VS Code,Software Development,2,227
2026-04-01,08:23:19,slack.com,Communication,0,121
2026-04-01,08:25:21,twitter.com,Social Media,-2,74
2026-04-01,08:26:36,mail.google.com,Communication,0,85
2026-04-01,08:28:01,twitter.com,Social Media,-2,186
2026-04-01,08:31:08,github.com,Software Development,2,142
2026-04-01,08:33:30,stackoverflow.com,Reference & Learning,1,293
2026-04-01,08:38:24,slack.com,Communication,0,298
2026-04-01,08:43:22,slack.com,Communication,0,46
2026-04-01,08:44:09,stackoverflow.com,Reference & Learning,1,49
2026-04-01,08:44:59,twitter.com,Social Media,-2,268
2026-04-01,08:49:27,VS Code,Software Development,2,789
2026-04-01,09:02:37,VS Code,Software Development,2,1176
2026-04-01,09:22:14,VS Code,Software Development,2,1100
2026-04-01,09:40:35,github.com,Software Development,2,625
2026-04-01,09:51:00,github.com,Software Development,2,998
2026-04-01,10:07:39,github.com,Software Development,2,1148
2026-04-01,10:26:47,VS Code,Software Development,2,1088
2026-04-01,10:44:55,VS Code,Software Development,2,885
2026-04-01,10:59:41,VS Code,Software Development,2,478
2026-04-01,11:07:40,VS Code,Software Development,2,1331
2026-04-01,11:29:51,github.com,Software Development,2,1181
2026-04-01,11:49:33,terminal,Software Development,2,471
2026-04-01,11:57:25,terminal,Software Development,2,950
2026-04-01,12:13:15,terminal,Software Development,2,1098
2026-04-01,12:31:33,VS Code,Software Development,2,333
2026-04-02,01:45:47,terminal,Software Development,2,44
2026-04-02,01:46:32,mail.google.com,Communication,0,231
2026-04-02,01:50:23,slack.com,Communication,0,91
2026-04-02,01:51:54,docs.google.com,Reference & Learning,1,136
2026-04-02,01:54:10,mail.google.com,Communication,0,100
2026-04-02,01:55:51,stackoverflow.com,Reference & Learning,1,318
2026-04-02,02:01:09,docs.google.com,Reference & Learning,1,147
2026-04-02,02:03:37,slack.com,Communication,0,274
2026-04-02,02:08:11,docs.google.com,Reference & Learning,1,81
2026-04-02,02:09:33,github.com,Software Development,2,319
2026-04-02,02:14:53,youtube.com,Entertainment,-2,238
2026-04-02,02:18:51,docs.google.com,Reference & Learning,1,123
2026-04-02,02:20:55,mail.google.com,Communication,0,142
2026-04-02,02:23:18,github.com,Software Development,2,94
2026-04-02,02:24:52,github.com,Software Development,2,63
2026-04-02,02:25:56,youtube.com,Entertainment,-2,300
2026-04-02,02:30:57,twitter.com,Social Media,-2,146
2026-04-02,02:33:24,slack.com,Communication,0,137
2026-04-02,02:35:41,slack.com,Communication,0,281
2026-04-02,02:40:23,stackoverflow.com,Reference & Learning,1,151
2026-04-02,02:42:54,stackoverflow.com,Reference & Learning,1,301
2026-04-02,02:47:56,youtube.com,Entertainment,-2,289
2026-04-02,02:52:46,youtube.com,Entertainment,-2,36
2026-04-02,02:53:22,terminal,Software Development,2,170
2026-04-02,02:56:12,slack.com,Communication,0,40
2026-04-02,02:56:53,twitter.com,Social Media,-2,246
2026-04-02,03:01:00,stackoverflow.com,Reference & Learning,1,81
2026-04-02,03:02:21,mail.google.com,Communication,0,99
2026-04-02,03:04:01,twitter.com,Social Media,-2,229
2026-04-02,03:07:51,youtube.com,Entertainment,-2,271
2026-04-02,03:12:22,terminal,Software Development,2,286
2026-04-02,10:01:35,stackoverflow.com,Reference & Learning,1,215
2026-04-02,10:05:10,slack.com,Communication,0,263
2026-04-02,10:09:33,stackoverflow.com,Reference & Learning,1,129
2026-04-02,10:11:43,mail.google.com,Communication,0,65
2026-04-02,10:12:48,github.com,Software Development,2,68
2026-04-02,10:13:57,docs.google.com,Reference & Learning,1,102
2026-04-02,10:15:39,terminal,Software Development,2,105
2026-04-02,10:17:25,VS Code,Software Development,2,314
2026-04-02,10:22:39,youtube.com,Entertainment,-2,205
2026-04-02,10:26:05,github.com,Software Development,2,246
2026-04-02,10:30:11,github.com,Software Development,2,139
2026-04-02,10:32:31,slack.com,Communication,0,204
2026-04-02,10:35:56,youtube.com,Entertainment,-2,93
2026-04-02,10:37:30,stackoverflow.com,Reference & Learning,1,207
2026-04-02,10:40:57,github.com,Software Development,2,127
2026-04-02,10:43:04,github.com,Software Development,2,277
2026-04-02,10:47:41,slack.com,Communication,0,214
2026-04-02,10:51:16,mail.google.com,Communication,0,211
2026-04-02,10:54:47,VS Code,Software Development,2,284
2026-04-02,10:59:32,VS Code,Software Development,2,316
2026-04-02,11:04:48,docs.google.com,Reference & Learning,1,279
2026-04-02,11:09:28,VS Code,Software Development,2,234
2026-04-02,11:13:22,VS Code,Software Development,2,295
2026-04-02,11:18:18,mail.google.com,Communication,0,80
2026-04-02,11:19:38,docs.google.com,Reference & Learning,1,269
2026-04-02,11:24:08,terminal,Software Development,2,89
2026-04-02,11:25:37,terminal,Software Development,2,168
2026-04-02,11:28:26,mail.google.com,Communication,0,296
2026-04-02,11:33:23,twitter.com,Social Media,-2,178
2026-04-02,11:36:21,docs.google.com,Reference & Learning,1,305
2026-04-02,11:41:27,mail.google.com,Communication,0,49
2026-04-02,11:42:16,terminal,Software Development,2,159
2026-04-02,11:44:56,slack.com,Communication,0,64
2026-04-02,11:46:00,docs.google.com,Reference & Learning,1,236
2026-04-02,11:49:56,terminal,Software Development,2,173
2026-04-02,11:52:49,docs.google.com,Reference & Learning,1,238
2026-04-02,11:56:48,slack.com,Communication,0,155
2026-04-02,11:59:24,twitter.com,Social Media,-2,252
2026-04-02,12:03:36,youtube.com,Entertainment,-2,316
2026-04-02,12:08:53,github.com,Software Development,2,322
2026-04-02,12:14:15,slack.com,Communication,0,264
2026-04-02,12:18:39,stackoverflow.com,Reference & Learning,1,91
2026-04-02,12:20:11,stackoverflow.com,Reference & Learning,1,135
2026-04-02,12:22:27,slack.com,Communication,0,237
2026-04-02,12:26:24,VS Code,Software Development,2,75
2026-04-02,12:27:40,terminal,Software Development,2,145
2026-04-02,12:30:05,stackoverflow.com,Reference & Learning,1,197
2026-04-02,12:33:22,mail.google.com,Communication,0,230
2026-04-02,12:37:13,VS Code,Software Development,2,210
2026-04-02,12:40:43,terminal,Software Development,2,146
2026-04-02,12:43:09,docs.google.com,Reference & Learning,1,179
2026-04-02,12:46:09,youtube.com,Entertainment,-2,98
2026-04-02,12:47:47,twitter.com,Social Media,-2,72
2026-04-02,12:49:00,VS Code,Software Development,2,78
2026-04-02,12:50:18,github.com,Software Development,2,221
2026-04-02,12:54:00,mail.google.com,Communication,0,302
2026-04-02,12:59:02,VS Code,Software Development,2,268
2026-04-02,13:03:30,youtube.com,Entertainment,-2,30
2026-04-02,13:04:00,youtube.com,Entertainment,-2,281
2026-04-02,13:08:42,twitter.com,Social Media,-2,262
2026-04-02,13:13:04,docs.google.com,Reference & Learning,1,132
2026-04-02,13:15:16,mail.google.com,Communication,0,137
2026-04-02,13:17:34,github.com,Software Development,2,194
2026-04-02,13:20:49,VS Code,Software Development,2,100
2026-04-02,13:22:30,twitter.com,Social Media,-2,103
2026-04-02,13:24:14,github.com,Software Development,2,267
2026-04-02,13:28:42,mail.google.com,Communication,0,312
2026-04-02,13:33:54,slack.com,Communication,0,301
2026-04-02,13:38:56,terminal,Software Development,2,118
2026-04-02,13:40:54,mail.google.com,Communication,0,145
2026-04-02,13:43:19,docs.google.com,Reference & Learning,1,105
2026-04-02,13:45:05,twitter.com,Social Media,-2,210
2026-04-02,13:48:35,mail.google.com,Communication,0,147
2026-04-02,23:52:33,terminal,Software Development,2,979
2026-04-03,00:08:53,VS Code,Software Development,2,577
2026-04-03,00:18:31,VS Code,Software Development,2,532
2026-04-03,00:27:23,github.com,Software Development,2,1256
2026-04-03,00:48:20,VS Code,Software Development,2,1354
2026-04-03,01:10:55,VS Code,Software Development,2,394
2026-04-03,01:17:30,VS Code,Software Development,2,588
2026-04-03,01:27:18,VS Code,Software Development,2,437
2026-04-03,01:34:35,VS Code,Software Development,2,976
2026-04-03,01:50:52,VS Code,Software Development,2,844
2026-04-03,02:04:56,VS Code,Software Development,2,374
2026-04-03,02:11:10,terminal,Software Development,2,1142
2026-04-03,02:30:13,VS Code,Software Development,2,1056
2026-04-03,02:47:50,mail.google.com,Communication,0,1358
2026-04-03,03:10:28,VS Code,Software Development,2,867
2026-04-03,03:24:56,VS Code,Software Development,2,1267
2026-04-03,03:46:03,VS Code,Software Development,2,970
2026-04-03,04:02:14,github.com,Software Development,2,1374
2026-04-03,04:25:08,VS Code,Software Development,2,641
2026-04-03,04:35:49,VS Code,Software Development,2,430
2026-04-03,04:43:00,github.com,Software Development,2,1078
2026-04-03,05:00:59,VS Code,Software Development,2,1086
2026-04-03,05:19:05,slack.com,Communication,0,484
2026-04-03,05:27:09,VS Code,Software Development,2,966
2026-04-03,05:43:16,VS Code,Software Development,2,318
2026-04-03,05:48:35,VS Code,Software Development,2,1422
2026-04-03,06:12:18,slack.com,Communication,0,840
2026-04-03,06:26:18,VS Code,Software Development,2,1485
2026-04-03,06:51:04,github.com,Software Development,2,999
2026-04-03,07:07:43,github.com,Software Development,2,1354
2026-04-03,07:30:18,VS Code,Software Development,2,1117
2026-04-03,07:48:55,github.com,Software Development,2,323
2026-04-03,07:54:19,VS Code,Software Development,2,431
2026-04-03,08:01:31,VS Code,Software Development,2,715
2026-04-03,08:13:26,VS Code,Software Development,2,1393
2026-04-03,08:36:39,VS Code,Software Development,2,895
2026-04-03,08:51:35,VS Code,Software Development,2,495
2026-04-03,08:59:51,VS Code,Software Development,2,1340
2026-04-03,09:22:12,VS Code,Software Development,2,808
2026-04-03,09:35:40,VS Code,Software Development,2,979
2026-04-03,09:51:59,github.com,Software Development,2,1248
2026-04-03,10:12:48,VS Code,Software Development,2,691
2026-04-03,10:24:20,github.com,Software Development,2,1388
2026-04-03,10:47:29,terminal,Software Development,2,575
2026-04-03,10:57:05,VS Code,Software Development,2,862
2026-04-03,11:11:27,VS Code,Software Development,2,1229
2026-04-03,11:31:57,VS Code,Software Development,2,1259
2026-04-03,11:52:57,VS Code,Software Development,2,856
2026-04-03,12:07:13,github.com,Software Development,2,651
2026-04-03,12:18:05,terminal,Software Development,2,433
2026-04-03,12:25:18,VS Code,Software Development,2,1160
2026-04-03,12:44:38,VS Code,Software Development,2,560
2026-04-03,12:53:59,VS Code,Software Development,2,808
2026-04-03,13:07:27,terminal,Software Development,2,794
2026-04-03,13:20:41,terminal,Software Development,2,1294
2026-04-03,13:42:15,VS Code,Software Development,2,1113
2026-04-03,14:00:49,VS Code,Software Development,2,304
2026-04-03,14:05:54,github.com,Software Development,2,315
2026-04-03,14:11:09,github.com,Software Development,2,703
2026-04-03,14:22:52,VS Code,Software Development,2,1466
2026-04-03,14:47:19,VS Code,Software Development,2,682
2026-04-03,14:58:42,terminal,Software Development,2,624
2026-04-03,15:09:06,stackoverflow.com,Reference & Learning,1,267
2026-04-03,15:13:33,github.com,Software Development,2,79
2026-04-03,15:14:53,twitter.com,Social Media,-2,135
2026-04-03,15:17:08,VS Code,Software Development,2,315
2026-04-03,15:22:23,stackoverflow.com,Reference & Learning,1,131
2026-04-03,15:24:35,docs.google.com,Reference & Learning,1,293
2026-04-03,15:29:28,youtube.com,Entertainment,-2,199
2026-04-03,15:32:48,terminal,Software Development,2,243
2026-04-03,15:36:51,docs.google.com,Reference & Learning,1,160
2026-04-03,15:39:32,mail.google.com,Communication,0,155
2026-04-03,15:42:07,stackoverflow.com,Reference & Learning,1,328
2026-04-03,15:47:36,stackoverflow.com,Reference & Learning,1,61
2026-04-03,15:48:37,slack.com,Communication,0,112
2026-04-03,15:50:30,mail.google.com,Communication,0,145
2026-04-03,15:52:55,stackoverflow.com,Reference & Learning,1,229
2026-04-03,15:56:44,stackoverflow.com,Reference & Learning,1,95
2026-04-03,15:58:20,github.com,Software Development,2,259
2026-04-03,16:02:40,stackoverflow.com,Reference & Learning,1,299
2026-04-03,16:07:40,VS Code,Software Development,2,74
2026-04-03,16:08:55,VS Code,Software Development,2,215
2026-04-03,16:12:30,docs.google.com,Reference & Learning,1,160
2026-04-03,16:15:11,mail.google.com,Communication,0,148
2026-04-03,16:17:39,twitter.com,Social Media,-2,228
2026-04-03,16:21:28,terminal,Software Development,2,275
2026-04-03,16:26:03,terminal,Software Development,2,260
2026-04-03,16:30:24,github.com,Software Development,2,131
2026-04-03,16:32:35,stackoverflow.com,Reference & Learning,1,133
2026-04-03,16:34:49,youtube.com,Entertainment,-2,126
2026-04-03,16:36:55,mail.google.com,Communication,0,58
2026-04-03,16:37:53,VS Code,Software Development,2,300
2026-04-03,16:42:54,docs.google.com,Reference & Learning,1,255
2026-04-03,16:47:09,terminal,Software Development,2,130
2026-04-03,16:49:20,mail.google.com,Communication,0,202
2026-04-03,16:52:43,twitter.com,Social Media,-2,57
2026-04-03,16:53:40,mail.google.com,Communication,0,149
2026-04-03,16:56:09,github.com,Software Development,2,132
2026-04-03,16:58:22,slack.com,Communication,0,131
2026-04-03,17:00:34,mail.google.com,Communication,0,273
2026-04-03,17:05:07,youtube.com,Entertainment,-2,266
2026-04-03,17:09:34,VS Code,Software Development,2,173
2026-04-03,17:12:28,terminal,Software Development,2,191
2026-04-03,17:15:39,stackoverflow.com,Reference & Learning,1,51
2026-04-03,17:16:31,stackoverflow.com,Reference & Learning,1,42
2026-04-03,17:17:13,slack.com,Communication,0,113
2026-04-03,17:19:07,docs.google.com,Reference & Learning,1,160
2026-04-03,17:21:47,twitter.com,Social Media,-2,261
2026-04-03,17:26:08,github.com,Software Development,2,150
2026-04-03,17:28:38,VS Code,Software Development,2,50
2026-04-03,17:29:28,terminal,Software Development,2,178
2026-04-03,17:32:27,twitter.com,Social Media,-2,286
2026-04-03,17:37:13,stackoverflow.com,Reference & Learning,1,205
2026-04-03,17:40:38,stackoverflow.com,Reference & Learning,1,153
2026-04-03,17:43:12,github.com,Software Development,2,169
2026-04-03,17:46:01,youtube.com,Entertainment,-2,181
2026-04-03,17:49:03,stackoverflow.com,Reference & Learning,1,304
2026-04-03,17:54:07,mail.google.com,Communication,0,118
2026-04-03,17:56:06,terminal,Software Development,2,69
2026-04-03,17:57:15,github.com,Software Development,2,303
2026-04-03,18:02:18,VS Code,Software Development,2,261
2026-04-03,18:06:40,slack.com,Communication,0,127
2026-04-03,18:08:47,VS Code,Software Development,2,303
2026-04-03,18:13:51,twitter.com,Social Media,-2,30
2026-04-03,18:14:22,stackoverflow.com,Reference & Learning,1,264
2026-04-03,18:18:46,github.com,Software Development,2,31
2026-04-03,18:19:18,docs.google.com,Reference & Learning,1,173
2026-04-03,18:22:12,VS Code,Software Development,2,93
2026-04-03,18:23:45,slack.com,Communication,0,200
2026-04-03,18:27:06,slack.com,Communication,0,254
2026-04-03,18:31:21,github.com,Software Development,2,71
2026-04-03,18:32:32,stackoverflow.com,Reference & Learning,1,282
2026-04-03,18:37:15,twitter.com,Social Media,-2,324
2026-04-04,16:39:32,VS Code,Software Development,2,880
2026-04-04,16:54:13,VS Code,Software Development,2,880
2026-04-04,17:08:53,VS Code,Software Development,2,1326
2026-04-04,17:31:00,VS Code,Software Development,2,1144
2026-04-04,17:50:04,VS Code,Software Development,2,627
2026-04-04,18:00:31,VS Code,Software Development,2,833
2026-04-04,18:14:25,terminal,Software Development,2,1045
2026-04-04,18:31:50,VS Code,Software Development,2,905
2026-04-04,18:46:55,github.com,Software Development,2,945
2026-04-04,19:02:40,VS Code,Software Development,2,468
2026-04-04,19:10:29,VS Code,Software Development,2,1448
2026-04-04,19:34:38,twitter.com,Social Media,-2,1063
2026-04-04,19:52:21,VS Code,Software Development,2,1098
2026-04-04,20:10:39,VS Code,Software Development,2,521
2026-04-04,20:19:21,VS Code,Software Development,2,1365
2026-04-04,20:42:06,stackoverflow.com,Reference & Learning,1,518
2026-04-04,20:50:45,terminal,Software Development,2,428
2026-04-04,20:57:53,terminal,Software Development,2,517
2026-04-04,21:06:30,terminal,Software Development,2,1280
2026-04-04,21:27:50,terminal,Software Development,2,875
2026-04-04,21:42:25,VS Code,Software Development,2,734
2026-04-04,21:54:40,VS Code,Software Development,2,1344
2026-04-04,22:17:04,VS Code,Software Development,2,645
2026-04-04,22:27:49,VS Code,Software Development,2,475
2026-04-04,22:35:44,VS Code,Software Development,2,761
2026-04-04,22:48:26,VS Code,Software Development,2,321
2026-04-04,22:53:48,VS Code,Software Development,2,560
2026-04-04,23:03:09,VS Code,Software Development,2,359
2026-04-04,23:09:09,VS Code,Software Development,2,1078
2026-04-04,23:27:07,terminal,Software Development,2,1219
2026-04-04,23:47:27,stackoverflow.com,Reference & Learning,1,1298
2026-04-05,00:09:05,terminal,Software Development,2,1429
2026-04-05,00:32:55,VS Code,Software Development,2,520
2026-04-05,00:41:36,terminal,Software Development,2,449
2026-04-05,00:49:05,VS Code,Software Development,2,1362
2026-04-05,01:11:47,terminal,Software Development,2,960
2026-04-05,01:27:48,VS Code,Software Development,2,1000
2026-04-05,01:44:28,github.com,Software Development,2,354
2026-04-05,01:50:23,github.com,Software Development,2,1130
2026-04-05,02:09:13,terminal,Software Development,2,498
2026-04-05,02:17:31,slack.com,Communication,0,544
2026-04-05,02:26:36,VS Code,Software Development,2,1227
2026-04-05,02:47:04,github.com,Software Development,2,1200
2026-04-05,03:07:04,slack.com,Communication,0,434
2026-04-05,03:14:18,VS Code,Software Development,2,655
2026-04-05,03:25:14,VS Code,Software Development,2,1330
2026-04-05,03:47:24,VS Code,Software Development,2,771
2026-04-05,04:00:16,github.com,Software Development,2,872
2026-04-05,04:14:48,VS Code,Software Development,2,1135
2026-04-05,04:33:43,VS Code,Software Development,2,1244
2026-04-05,04:54:28,VS Code,Software Development,2,1287
2026-04-05,05:15:55,VS Code,Software Development,2,804
2026-04-05,05:29:20,VS Code,Software Development,2,1426
2026-04-05,05:53:06,terminal,Software Development,2,1187
2026-04-05,06:12:54,terminal,Software Development,2,1101
2026-04-05,06:31:16,VS Code,Software Development,2,1108
2026-04-05,06:49:44,terminal,Software Development,2,815
2026-04-05,07:03:20,VS Code,Software Development,2,750
2026-04-05,07:15:50,VS Code,Software Development,2,1218
2026-04-05,07:36:08,VS Code,Software Development,2,664
2026-04-05,07:47:13,VS Code,Software Development,2,916
2026-04-05,08:02:30,VS Code,Software Development,2,407
2026-04-05,08:09:17,VS Code,Software Development,2,865
2026-04-05,08:23:42,VS Code,Software Development,2,1317
2026-04-05,08:45:39,VS Code,Software Development,2,570
2026-04-05,08:55:10,slack.com,Communication,0,726
2026-04-05,09:07:16,VS Code,Software Development,2,522
2026-04-05,09:15:58,VS Code,Software Development,2,965
2026-04-05,09:32:04,terminal,Software Development,2,895
2026-04-05,09:46:59,VS Code,Software Development,2,313
2026-04-05,09:52:13,VS Code,Software Development,2,1338
2026-04-05,10:14:32,github.com,Software Development,2,517
2026-04-05,10:23:09,VS Code,Software Development,2,614
2026-04-05,10:33:23,docs.google.com,Reference & Learning,1,848
2026-04-05,10:47:31,VS Code,Software Development,2,1447
2026-04-05,11:11:39,terminal,Software Development,2,625
2026-04-05,11:22:04,terminal,Software Development,2,793
2026-04-05,11:35:17,VS Code,Software Development,2,605
2026-04-05,11:45:23,terminal,Software Development,2,962
2026-04-05,12:01:26,slack.com,Communication,0,1290
2026-04-05,12:22:56,VS Code,Software Development,2,339
2026-04-05,12:28:36,VS Code,Software Development,2,611
2026-04-05,12:38:47,github.com,Software Development,2,848
2026-04-05,12:52:55,VS Code,Software Development,2,1029
2026-04-05,13:10:05,terminal,Software Development,2,968
2026-04-05,13:26:13,VS Code,Software Development,2,1084
2026-04-05,13:44:18,stackoverflow.com,Reference & Learning,1,104
2026-04-05,13:46:02,slack.com,Communication,0,153
2026-04-05,13:48:36,twitter.com,Social Media,-2,318
2026-04-05,13:53:54,youtube.com,Entertainment,-2,140
2026-04-05,13:56:15,github.com,Software Development,2,314
2026-04-05,14:01:30,youtube.com,Entertainment,-2,229
2026-04-05,14:05:19,stackoverflow.com,Reference & Learning,1,118
2026-04-05,14:07:18,slack.com,Communication,0,42
2026-04-05,14:08:00,github.com,Software Development,2,153
2026-04-05,14:10:33,slack.com,Communication,0,77
2026-04-05,14:11:51,mail.google.com,Communication,0,302
2026-04-05,14:16:54,docs.google.com,Reference & Learning,1,253
2026-04-05,14:21:07,mail.google.com,Communication,0,130
2026-04-05,14:23:18,youtube.com,Entertainment,-2,284
2026-04-05,14:28:02,VS Code,Software Development,2,114
2026-04-05,14:29:57,twitter.com,Social Media,-2,79
2026-04-05,14:31:17,twitter.com,Social Media,-2,43
2026-04-05,14:32:00,twitter.com,Social Media,-2,167
2026-04-05,14:34:48,twitter.com,Social Media,-2,240
2026-04-05,14:38:48,twitter.com,Social Media,-2,192
2026-04-05,14:42:00,slack.com,Communication,0,123
2026-04-05,14:44:03,stackoverflow.com,Reference & Learning,1,82
2026-04-05,14:45:26,terminal,Software Development,2,97
2026-04-05,14:47:03,terminal,Software Development,2,133
2026-04-05,14:49:17,slack.com,Communication,0,198
2026-04-05,14:52:36,terminal,Software Development,2,141
2026-04-05,14:54:57,mail.google.com,Communication,0,80
2026-04-05,14:56:18,terminal,Software Development,2,42
2026-04-05,14:57:00,slack.com,Communication,0,216
2026-04-05,15:00:37,docs.google.com,Reference & Learning,1,69
2026-04-05,15:01:47,github.com,Software Development,2,111
2026-04-05,15:03:38,youtube.com,Entertainment,-2,248
2026-04-05,15:07:46,VS Code,Software Development,2,94
2026-04-05,15:09:21,twitter.com,Social Media,-2,254
2026-04-05,15:13:35,github.com,Software Development,2,151
2026-04-05,15:16:06,docs.google.com,Reference & Learning,1,220
2026-04-05,15:19:47,youtube.com,Entertainment,-2,279
2026-04-05,15:24:27,twitter.com,Social Media,-2,300
2026-04-05,15:29:27,slack.com,Communication,0,187
2026-04-05,15:32:35,youtube.com,Entertainment,-2,304
2026-04-05,15:37:39,github.com,Software Development,2,58
2026-04-05,15:38:38,VS Code,Software Development,2,139
2026-04-05,15:40:58,terminal,Software Development,2,315
2026-04-05,15:46:13,terminal,Software Development,2,842
2026-04-05,16:00:16,terminal,Software Development,2,1154
2026-04-05,16:19:30,VS Code,Software Development,2,918
2026-04-05,16:34:49,VS Code,Software Development,2,1255
2026-04-05,16:55:44,VS Code,Software Development,2,627
2026-04-05,17:06:12,VS Code,Software Development,2,900
2026-04-05,17:21:12,VS Code,Software Development,2,703
2026-04-05,17:32:56,VS Code,Software Development,2,973
2026-04-05,17:49:10,github.com,Software Development,2,438
2026-04-05,17:56:28,terminal,Software Development,2,67
2026-04-05,17:57:35,mail.google.com,Communication,0,60
2026-04-05,17:58:36,github.com,Software Development,2,196
2026-04-05,18:01:52,twitter.com,Social Media,-2,115
2026-04-05,18:03:47,VS Code,Software Development,2,196
2026-04-05,18:07:04,youtube.com,Entertainment,-2,113
2026-04-05,18:08:57,docs.google.com,Reference & Learning,1,297
2026-04-05,18:13:54,docs.google.com,Reference & Learning,1,295
2026-04-05,18:18:50,mail.google.com,Communication,0,208
2026-04-05,18:22:19,twitter.com,Social Media,-2,214
2026-04-05,18:25:53,youtube.com,Entertainment,-2,289
2026-04-05,18:30:42,github.com,Software Development,2,178
2026-04-05,18:33:40,youtube.com,Entertainment,-2,235
2026-04-05,18:37:36,terminal,Software Development,2,92
2026-04-05,18:39:08,github.com,Software Development,2,188
2026-04-05,18:42:17,stackoverflow.com,Reference & Learning,1,289
2026-04-05,18:47:06,docs.google.com,Reference & Learning,1,85
2026-04-05,18:48:31,docs.google.com,Reference & Learning,1,229
2026-04-05,18:52:21,docs.google.com,Reference & Learning,1,125
2026-04-05,18:54:26,slack.com,Communication,0,251
2026-04-05,18:58:38,youtube.com,Entertainment,-2,282
2026-04-05,19:03:20,stackoverflow.com,Reference & Learning,1,200
2026-04-05,19:06:41,slack.com,Communication,0,161
2026-04-05,19:09:22,github.com,Software Development,2,176
2026-04-05,19:12:19,github.com,Software Development,2,165
2026-04-05,19:15:05,github.com,Software Development,2,214
2026-04-05,19:18:40,slack.com,Communication,0,306
2026-04-05,19:23:47,slack.com,Communication,0,227
2026-04-05,19:27:34,docs.google.com,Reference & Learning,1,214
2026-04-05,19:31:08,stackoverflow.com,Reference & Learning,1,52
2026-04-05,19:32:01,github.com,Software Development,2,323
2026-04-05,19:37:25,mail.google.com,Communication,0,208
2026-04-05,19:40:53,docs.google.com,Reference & Learning,1,67
2026-04-05,19:42:01,VS Code,Software Development,2,817
2026-04-05,19:55:39,VS Code,Software Development,2,317
2026-04-05,20:00:57,terminal,Software Development,2,1334
2026-04-05,20:23:11,VS Code,Software Development,2,583
2026-04-05,20:32:54,VS Code,Software Development,2,337
2026-04-05,20:38:32,VS Code,Software Development,2,960
2026-04-05,20:54:32,terminal,Software Development,2,820
2026-04-05,21:08:13,terminal,Software Development,2,41
2026-04-05,21:08:54,stackoverflow.com,Reference & Learning,1,73
2026-04-05,21:10:08,docs.google.com,Reference & Learning,1,43
2026-04-05,21:10:51,mail.google.com,Communication,0,75
2026-04-05,21:12:07,github.com,Software Development,2,279
2026-04-05,21:16:46,mail.google.com,Communication,0,294
2026-04-05,21:21:41,youtube.com,Entertainment,-2,135
2026-04-05,21:23:56,github.com,Software Development,2,270
2026-04-05,21:28:27,slack.com,Communication,0,206
2026-04-05,21:31:54,docs.google.com,Reference & Learning,1,276
2026-04-05,21:36:30,youtube.com,Entertainment,-2,220
2026-04-05,21:40:10,stackoverflow.com,Reference & Learning,1,268
2026-04-05,21:44:39,VS Code,Software Development,2,128
2026-04-05,21:46:47,slack.com,Communication,0,162
2026-04-05,21:49:30,VS Code,Software Development,2,178
2026-04-05,21:52:29,VS Code,Software Development,2,192
2026-04-05,21:55:41,terminal,Software Development,2,84
2026-04-05,21:57:06,slack.com,Communication,0,32
2026-04-05,21:57:39,mail.google.com,Communication,0,94
2026-04-05,21:59:13,VS Code,Software Development,2,307
2026-04-05,22:04:21,slack.com,Communication,0,142
2026-04-05,22:06:44,stackoverflow.com,Reference & Learning,1,39
2026-04-05,22:07:23,VS Code,Software Development,2,315
2026-04-05,22:12:38,github.com,Software Development,2,234
2026-04-05,22:16:33,VS Code,Software Development,2,289
2026-04-05,22:21:23,youtube.com,Entertainment,-2,142
2026-04-05,22:23:45,twitter.com,Social Media,-2,76
2026-04-05,22:25:02,mail.google.com,Communication,0,156
2026-04-05,22:27:38,youtube.com,Entertainment,-2,64
2026-04-05,22:28:43,docs.google.com,Reference & Learning,1,241
2026-04-05,22:32:45,terminal,Software Development,2,280
2026-04-05,22:37:25,slack.com,Communication,0,90
2026-04-05,22:38:56,mail.google.com,Communication,0,255
2026-04-05,22:43:11,github.com,Software Development,2,71
2026-04-05,22:44:23,stackoverflow.com,Reference & Learning,1,282
2026-04-05,22:49:05,VS Code,Software Development,2,117
2026-04-05,22:51:02,stackoverflow.com,Reference & Learning,1,165
2026-04-05,22:53:47,youtube.com,Entertainment,-2,60
2026-04-05,22:54:48,youtube.com,Entertainment,-2,64
2026-04-05,22:55:52,twitter.com,Social Media,-2,158
2026-04-05,22:58:31,mail.google.com,Communication,0,37
2026-04-05,22:59:08,VS Code,Software Development,2,243
2026-04-05,23:03:12,youtube.com,Entertainment,-2,323
2026-04-05,23:08:36,mail.google.com,Communication,0,141
2026-04-05,23:10:57,terminal,Software Development,2,209
2026-04-05,23:14:27,docs.google.com,Reference & Learning,1,97
2026-04-05,23:16:04,docs.google.com,Reference & Learning,1,244
2026-04-05,23:20:09,docs.google.com,Reference & Learning,1,184
2026-04-05,23:23:13,slack.com,Communication,0,120
2026-04-05,23:25:13,github.com,Software Development,2,90
2026-04-05,23:26:43,github.com,Software Development,2,121
2026-04-05,23:28:45,slack.com,Communication,0,37
2026-04-05,23:29:22,twitter.com,Social Media,-2,140
2026-04-05,23:31:42,stackoverflow.com,Reference & Learning,1,249
2026-04-05,23:35:52,github.com,Software Development,2,142
2026-04-05,23:38:15,github.com,Software Development,2,227
2026-04-05,23:42:02,terminal,Software Development,2,324
2026-04-05,23:47:27,twitter.com,Social Media,-2,236
2026-04-05,23:51:23,slack.com,Communication,0,43
2026-04-05,23:52:07,github.com,Software Development,2,77
2026-04-05,23:53:24,slack.com,Communication,0,313
2026-04-05,23:58:38,mail.google.com,Communication,0,103
2026-04-06,00:00:22,slack.com,Communication,0,292
2026-04-06,00:05:15,docs.google.com,Reference & Learning,1,55
2026-04-06,00:06:11,terminal,Software Development,2,150
2026-04-06,00:08:42,docs.google.com,Reference & Learning,1,252
2026-04-06,00:12:55,twitter.com,Social Media,-2,222
2026-04-06,00:16:37,youtube.com,Entertainment,-2,217
2026-04-06,00:20:14,youtube.com,Entertainment,-2,177
2026-04-06,00:23:12,docs.google.com,Reference & Learning,1,245
2026-04-06,00:27:17,terminal,Software Development,2,94
2026-04-06,00:28:52,github.com,Software Development,2,39
2026-04-06,00:29:31,slack.com,Communication,0,224
2026-04-06,00:33:15,terminal,Software Development,2,296
2026-04-06,00:38:12,github.com,Software Development,2,108
2026-04-06,00:40:01,terminal,Software Development,2,1088
2026-04-06,00:58:09,VS Code,Software Development,2,1347
2026-04-06,01:20:36,slack.com,Communication,0,1034
2026-04-06,01:37:51,VS Code,Software Development,2,637
2026-04-06,01:48:28,VS Code,Software Development,2,1462
2026-04-06,02:12:51,github.com,Software Development,2,799
2026-04-06,02:26:11,slack.com,Communication,0,698
2026-04-06,02:37:49,terminal,Software Development,2,1264
2026-04-06,02:58:54,github.com,Software Development,2,1393
2026-04-06,03:22:07,VS Code,Software Development,2,565
2026-04-06,03:31:33,VS Code,Software Development,2,1271
2026-04-06,03:52:45,VS Code,Software Development,2,659
2026-04-06,04:03:44,VS Code,Software Development,2,302
2026-04-06,04:08:46,VS Code,Software Development,2,1497
2026-04-06,04:33:43,VS Code,Software Development,2,979
2026-04-06,04:50:03,VS Code,Software Development,2,1239
2026-04-06,05:10:42,VS Code,Software Development,2,497
2026-04-06,05:19:00,VS Code,Software Development,2,1156
2026-04-06,05:38:17,VS Code,Software Development,2,806
2026-04-06,05:51:43,github.com,Software Development,2,490
2026-04-06,05:59:53,VS Code,Software Development,2,913
2026-04-06,06:15:07,VS Code,Software Development,2,487
2026-04-06,06:23:14,VS Code,Software Development,2,833
2026-04-06,06:37:08,VS Code,Software Development,2,1446
2026-04-06,07:01:15,terminal,Software Development,2,1425
2026-04-06,07:25:00,VS Code,Software Development,2,683
2026-04-06,07:36:23,stackoverflow.com,Reference & Learning,1,1239
2026-04-06,07:57:03,VS Code,Software Development,2,455
2026-04-06,08:04:39,terminal,Software Development,2,409
2026-04-06,08:11:28,VS Code,Software Development,2,1265
2026-04-06,08:32:34,VS Code,Software Development,2,1087
2026-04-06,21:02:51,stackoverflow.com,Reference & Learning,1,1115
2026-04-06,21:21:27,VS Code,Software Development,2,1258
2026-04-06,21:42:26,slack.com,Communication,0,1195
2026-04-06,22:02:22,VS Code,Software Development,2,966
2026-04-06,22:18:28,github.com,Software Development,2,834
2026-04-06,22:32:23,VS Code,Software Development,2,1203
2026-04-06,22:52:26,terminal,Software Development,2,1297
2026-04-06,23:14:03,github.com,Software Development,2,330
2026-04-06,23:19:33,VS Code,Software Development,2,802
2026-04-06,23:32:56,VS Code,Software Development,2,1080
2026-04-06,23:50:56,VS Code,Software Development,2,423
2026-04-06,23:58:00,github.com,Software Development,2,1372
2026-04-07,00:20:53,VS Code,Software Development,2,1452
2026-04-07,00:45:05,VS Code,Software Development,2,1487
2026-04-07,01:09:53,terminal,Software Development,2,759
2026-04-07,01:22:33,VS Code,Software Development,2,1033
2026-04-07,01:39:46,github.com,Software Development,2,1423
2026-04-07,02:03:30,VS Code,Software Development,2,1139
2026-04-07,02:22:29,stackoverflow.com,Reference & Learning,1,1098
2026-04-07,07:09:49,VS Code,Software Development,2,332
2026-04-07,07:15:22,VS Code,Software Development,2,327
2026-04-07,07:20:50,VS Code,Software Development,2,1239
2026-04-07,07:41:30,VS Code,Software Development,2,889
2026-04-07,07:56:20,terminal,Software Development,2,952
2026-04-07,08:12:12,github.com,Software Development,2,1320
2026-04-07,08:34:13,VS Code,Software Development,2,780
2026-04-07,08:47:13,VS Code,Software Development,2,457
2026-04-07,08:54:51,VS Code,Software Development,2,1168
2026-04-07,09:14:20,VS Code,Software Development,2,1337
2026-04-07,09:36:38,VS Code,Software Development,2,636
2026-04-07,09:47:15,VS Code,Software Development,2,1473
2026-04-07,10:11:48,terminal,Software Development,2,469
2026-04-07,10:19:38,VS Code,Software Development,2,448
2026-04-07,10:27:06,VS Code,Software Development,2,1270
2026-04-07,10:48:16,slack.com,Communication,0,1178
2026-04-07,11:07:55,VS Code,Software Development,2,865
2026-04-07,11:22:20,terminal,Software Development,2,907
2026-04-07,11:37:27,VS Code,Software Development,2,1115
2026-04-07,11:56:02,VS Code,Software Development,2,355
2026-04-07,12:01:57,VS Code,Software Development,2,1279
2026-04-07,12:23:16,VS Code,Software Development,2,539
2026-04-07,12:32:16,VS Code,Software Development,2,724
2026-04-07,12:44:20,terminal,Software Development,2,1042
2026-04-07,13:01:43,terminal,Software Development,2,1444
2026-04-07,13:25:47,VS Code,Software Development,2,1152
2026-04-07,13:44:59,VS Code,Software Development,2,1166
2026-04-07,14:04:26,github.com,Software Development,2,964
2026-04-07,14:20:31,VS Code,Software Development,2,829
2026-04-07,14:34:21,VS Code,Software Development,2,318
2026-04-07,14:39:40,VS Code,Software Development,2,576
2026-04-07,14:49:16,VS Code,Software Development,2,885
2026-04-07,15:04:02,terminal,Software Development,2,1031
2026-04-07,15:21:14,VS Code,Software Development,2,1271
2026-04-07,15:42:26,terminal,Software Development,2,1074
2026-04-07,16:00:21,VS Code,Software Development,2,1074
2026-04-07,16:18:15,github.com,Software Development,2,641
2026-04-07,16:28:56,github.com,Software Development,2,656
2026-04-07,16:39:53,VS Code,Software Development,2,965
2026-04-07,16:55:59,github.com,Software Development,2,457
2026-04-07,17:03:37,VS Code,Software Development,2,1328
2026-04-07,17:25:45,VS Code,Software Development,2,581
2026-04-07,17:35:27,terminal,Software Development,2,1210
2026-04-07,17:55:38,VS Code,Software Development,2,983
2026-04-07,18:12:01,terminal,Software Development,2,1392
2026-04-07,18:35:13,VS Code,Software Development,2,561
2026-04-07,18:44:35,slack.com,Communication,0,392
2026-04-07,18:51:07,VS Code,Software Development,2,1393
2026-04-07,19:14:20,github.com,Software Development,2,1427
2026-04-07,19:38:08,VS Code,Software Development,2,1029
2026-04-07,19:55:17,VS Code,Software Development,2,1460
2026-04-07,20:19:37,VS Code,Software Development,2,1287
2026-04-07,20:41:05,terminal,Software Development,2,1467
2026-04-07,21:05:32,VS Code,Software Development,2,734
2026-04-07,21:17:47,terminal,Software Development,2,500
2026-04-07,21:26:07,VS Code,Software Development,2,681
2026-04-07,21:37:29,VS Code,Software Development,2,683
2026-04-07,21:48:53,stackoverflow.com,Reference & Learning,1,73
2026-04-07,21:50:06,twitter.com,Social Media,-2,311
2026-04-07,21:55:17,mail.google.com,Communication,0,236
2026-04-07,21:59:13,terminal,Software Development,2,274
2026-04-07,22:03:48,twitter.com,Social Media,-2,245
2026-04-07,22:07:53,youtube.com,Entertainment,-2,190
2026-04-07,22:11:03,docs.google.com,Reference & Learning,1,220
2026-04-07,22:14:44,youtube.com,Entertainment,-2,272
2026-04-07,22:19:16,slack.com,Communication,0,190
2026-04-07,22:22:27,stackoverflow.com,Reference & Learning,1,261
2026-04-07,22:26:48,twitter.com,Social Media,-2,45
2026-04-07,22:27:33,slack.com,Communication,0,225
2026-04-07,22:31:19,github.com,Software Development,2,304
2026-04-07,22:36:23,github.com,Software Development,2,264
2026-04-07,22:40:48,terminal,Software Development,2,133
2026-04-07,22:43:01,twitter.com,Social Media,-2,251
2026-04-07,22:47:13,github.com,Software Development,2,212
2026-04-07,22:50:46,github.com,Software Development,2,187
2026-04-07,22:53:53,docs.google.com,Reference & Learning,1,325
2026-04-07,22:59:19,VS Code,Software Development,2,456
2026-04-07,23:06:56,VS Code,Software Development,2,1256
2026-04-07,23:27:52,github.com,Software Development,2,1383
2026-04-07,23:50:56,twitter.com,Social Media,-2,667
2026-04-08,00:02:04,VS Code,Software Development,2,1167
2026-04-08,00:21:31,VS Code,Software Development,2,424
2026-04-08,00:28:36,VS Code,Software Development,2,569
2026-04-08,00:38:05,VS Code,Software Development,2,788
2026-04-08,00:51:13,github.com,Software Development,2,970
2026-04-08,01:07:24,VS Code,Software Development,2,1056
2026-04-08,01:25:01,youtube.com,Entertainment,-2,318
2026-04-08,01:30:19,slack.com,Communication,0,268
2026-04-08,01:34:48,mail.google.com,Communication,0,72
2026-04-08,01:36:01,mail.google.com,Communication,0,57
2026-04-08,01:36:58,docs.google.com,Reference & Learning,1,300
2026-04-08,01:41:59,github.com,Software Development,2,207
2026-04-08,01:45:26,docs.google.com,Reference & Learning,1,246
2026-04-08,01:49:33,twitter.com,Social Media,-2,52
2026-04-08,01:50:25,terminal,Software Development,2,152
2026-04-08,01:52:57,terminal,Software Development,2,114
2026-04-08,01:54:51,youtube.com,Entertainment,-2,202
2026-04-08,01:58:14,stackoverflow.com,Reference & Learning,1,324
2026-04-08,02:03:38,terminal,Software Development,2,472
2026-04-08,02:11:31,VS Code,Software Development,2,1002
2026-04-08,02:28:13,VS Code,Software Development,2,1419
2026-04-08,02:51:53,VS Code,Software Development,2,1327
2026-04-08,03:14:01,VS Code,Software Development,2,533
2026-04-08,03:22:55,github.com,Software Development,2,288
2026-04-08,03:27:44,mail.google.com,Communication,0,138
2026-04-08,03:30:02,github.com,Software Development,2,143
2026-04-08,03:32:25,slack.com,Communication,0,309
2026-04-08,03:37:35,github.com,Software Development,2,248
2026-04-08,03:41:44,youtube.com,Entertainment,-2,267
2026-04-08,03:46:11,stackoverflow.com,Reference & Learning,1,310
2026-04-08,03:51:21,stackoverflow.com,Reference & Learning,1,90
2026-04-08,03:52:51,youtube.com,Entertainment,-2,170
2026-04-08,03:55:41,youtube.com,Entertainment,-2,58
2026-04-08,03:56:40,VS Code,Software Development,2,246
2026-04-08,04:00:47,docs.google.com,Reference & Learning,1,156
2026-04-08,04:03:23,youtube.com,Entertainment,-2,36
2026-04-08,04:04:00,stackoverflow.com,Reference & Learning,1,321
2026-04-08,04:09:22,slack.com,Communication,0,82
2026-04-08,04:10:44,terminal,Software Development,2,296
2026-04-08,04:15:41,slack.com,Communication,0,72
2026-04-08,04:16:53,stackoverflow.com,Reference & Learning,1,291
2026-04-08,04:21:44,youtube.com,Entertainment,-2,139
2026-04-08,04:24:04,slack.com,Communication,0,96
2026-04-08,04:25:40,twitter.com,Social Media,-2,191
2026-04-08,04:28:51,slack.com,Communication,0,62
2026-04-08,04:29:54,VS Code,Software Development,2,178
2026-04-08,04:32:53,twitter.com,Social Media,-2,84
2026-04-08,04:34:17,mail.google.com,Communication,0,278
2026-04-08,04:38:55,stackoverflow.com,Reference & Learning,1,260
2026-04-08,04:43:16,twitter.com,Social Media,-2,129
2026-04-08,04:45:25,github.com,Software Development,2,102
2026-04-08,04:47:08,stackoverflow.com,Reference & Learning,1,249
2026-04-08,04:51:17,twitter.com,Social Media,-2,161
2026-04-08,04:53:59,terminal,Software Development,2,107
2026-04-08,04:55:47,youtube.com,Entertainment,-2,161
2026-04-08,04:58:29,mail.google.com,Communication,0,109
2026-04-08,05:00:18,stackoverflow.com,Reference & Learning,1,54
2026-04-08,05:01:12,stackoverflow.com,Reference & Learning,1,87
2026-04-08,05:02:40,mail.google.com,Communication,0,90
2026-04-08,05:04:10,youtube.com,Entertainment,-2,63
2026-04-08,05:05:14,twitter.com,Social Media,-2,244
2026-04-08,05:09:18,docs.google.com,Reference & Learning,1,222
2026-04-08,05:13:01,VS Code,Software Development,2,78
2026-04-08,05:14:20,terminal,Software Development,2,83
2026-04-08,05:15:43,slack.com,Communication,0,285
2026-04-08,05:20:29,mail.google.com,Communication,0,121
2026-04-08,05:22:31,stackoverflow.com,Reference & Learning,1,74
2026-04-08,05:23:45,twitter.com,Social Media,-2,159
2026-04-08,05:26:25,mail.google.com,Communication,0,56
2026-04-08,05:27:21,stackoverflow.com,Reference & Learning,1,301
2026-04-08,05:32:22,VS Code,Software Development,2,297
2026-04-08,15:12:59,github.com,Software Development,2,1064
2026-04-08,15:30:44,VS Code,Software Development,2,979
2026-04-08,15:47:03,terminal,Software Development,2,1053
2026-04-08,16:04:36,VS Code,Software Development,2,1420
2026-04-08,16:28:16,VS Code,Software Development,2,1111
2026-04-08,16:46:48,VS Code,Software Development,2,1028
2026-04-08,17:03:56,VS Code,Software Development,2,960
2026-04-08,17:19:57,VS Code,Software Development,2,1085
2026-04-08,17:38:02,VS Code,Software Development,2,1378
2026-04-08,18:01:01,VS Code,Software Development,2,827
2026-04-08,18:14:49,VS Code,Software Development,2,311
2026-04-08,18:20:00,VS Code,Software Development,2,1072
2026-04-08,18:37:52,VS Code,Software Development,2,377
2026-04-08,18:44:09,VS Code,Software Development,2,1076
2026-04-08,19:02:06,VS Code,Software Development,2,1166
2026-04-08,19:21:32,VS Code,Software Development,2,585
2026-04-08,19:31:18,VS Code,Software Development,2,695
2026-04-08,19:42:54,VS Code,Software Development,2,485
2026-04-08,19:51:00,twitter.com,Social Media,-2,859
2026-04-08,20:05:19,VS Code,Software Development,2,835
2026-04-08,20:19:14,terminal,Software Development,2,1039
2026-04-08,20:36:34,VS Code,Software Development,2,340
2026-04-08,20:42:15,VS Code,Software Development,2,748
2026-04-08,20:54:43,terminal,Software Development,2,1479
2026-04-08,21:19:23,VS Code,Software Development,2,1329
2026-04-08,21:41:33,VS Code,Software Development,2,1302
2026-04-08,22:03:15,VS Code,Software Development,2,798
2026-04-08,22:16:34,github.com,Software Development,2,1292
2026-04-08,22:38:07,github.com,Software Development,2,764
2026-04-08,22:50:51,VS Code,Software Development,2,1074
2026-04-08,23:08:45,github.com,Software Development,2,958
2026-04-08,23:24:44,VS Code,Software Development,2,1149
2026-04-08,23:43:54,VS Code,Software Development,2,356
2026-04-08,23:49:50,VS Code,Software Development,2,1110
2026-04-09,00:08:21,github.com,Software Development,2,1080
2026-04-09,00:26:22,VS Code,Software Development,2,558
2026-04-09,00:35:40,github.com,Software Development,2,699
2026-04-09,00:47:20,github.com,Software Development,2,1096
2026-04-09,01:05:37,terminal,Software Development,2,494
2026-04-09,01:13:51,terminal,Software Development,2,663
2026-04-09,01:24:55,VS Code,Software Development,2,884
2026-04-09,01:39:39,terminal,Software Development,2,1322
2026-04-09,02:01:42,twitter.com,Social Media,-2,148
2026-04-09,02:04:11,github.com,Software Development,2,70
2026-04-09,02:05:22,docs.google.com,Reference & Learning,1,190
2026-04-09,02:08:32,twitter.com,Social Media,-2,53
2026-04-09,02:09:25,mail.google.com,Communication,0,306
2026-04-09,02:14:32,terminal,Software Development,2,198
2026-04-09,02:17:50,mail.google.com,Communication,0,34
2026-04-09,02:18:24,github.com,Software Development,2,110
2026-04-09,02:20:15,stackoverflow.com,Reference & Learning,1,250
2026-04-09,02:24:26,VS Code,Software Development,2,81
2026-04-09,02:25:47,mail.google.com,Communication,0,89
2026-04-09,02:27:17,docs.google.com,Reference & Learning,1,84
2026-04-09,02:28:41,terminal,Software Development,2,269
2026-04-09,02:33:10,docs.google.com,Reference & Learning,1,294
2026-04-09,02:38:05,stackoverflow.com,Reference & Learning,1,263
2026-04-09,02:42:29,youtube.com,Entertainment,-2,174
2026-04-09,02:45:23,docs.google.com,Reference & Learning,1,145
2026-04-09,02:47:49,twitter.com,Social Media,-2,107
2026-04-09,02:49:36,youtube.com,Entertainment,-2,306
2026-04-09,02:54:42,github.com,Software Development,2,306
2026-04-09,02:59:49,terminal,Software Development,2,248
2026-04-09,03:03:57,github.com,Software Development,2,120
2026-04-09,03:05:57,mail.google.com,Communication,0,71
2026-04-09,03:07:09,VS Code,Software Development,2,111
2026-04-09,03:09:00,github.com,Software Development,2,87
2026-04-09,03:10:28,github.com,Software Development,2,45
2026-04-09,03:11:13,slack.com,Communication,0,309
2026-04-09,03:16:22,docs.google.com,Reference & Learning,1,209
2026-04-09,03:19:52,github.com,Software Development,2,279
2026-04-09,03:24:31,slack.com,Communication,0,227
2026-04-09,03:28:19,mail.google.com,Communication,0,320
2026-04-09,03:33:39,VS Code,Software Development,2,109
2026-04-09,03:35:29,twitter.com,Social Media,-2,192
2026-04-09,03:38:41,twitter.com,Social Media,-2,111
2026-04-09,03:40:33,docs.google.com,Reference & Learning,1,281
2026-04-09,03:45:15,github.com,Software Development,2,72
2026-04-09,03:46:27,mail.google.com,Communication,0,54
2026-04-09,03:47:21,terminal,Software Development,2,75
2026-04-09,03:48:37,youtube.com,Entertainment,-2,280
2026-04-09,03:53:17,docs.google.com,Reference & Learning,1,281
2026-04-09,03:57:59,mail.google.com,Communication,0,162
2026-04-09,04:00:42,stackoverflow.com,Reference & Learning,1,324
2026-04-09,04:06:06,mail.google.com,Communication,0,189
2026-04-09,04:09:16,docs.google.com,Reference & Learning,1,248
2026-04-09,04:13:24,terminal,Software Development,2,77
2026-04-09,04:14:42,terminal,Software Development,2,68
2026-04-09,04:15:51,github.com,Software Development,2,183
2026-04-09,04:18:54,twitter.com,Social Media,-2,51
2026-04-09,04:19:46,VS Code,Software Development,2,212
2026-04-09,04:23:18,twitter.com,Social Media,-2,127
2026-04-09,04:25:25,youtube.com,Entertainment,-2,123
2026-04-09,04:27:29,youtube.com,Entertainment,-2,61
2026-04-09,04:28:31,docs.google.com,Reference & Learning,1,177
2026-04-09,04:31:28,twitter.com,Social Media,-2,61
2026-04-09,04:32:30,docs.google.com,Reference & Learning,1,111
2026-04-09,04:34:21,twitter.com,Social Media,-2,103
2026-04-09,04:36:04,github.com,Software Development,2,229
2026-04-09,04:39:54,github.com,Software Development,2,180
2026-04-09,04:42:55,slack.com,Communication,0,255
2026-04-09,04:47:10,terminal,Software Development,2,258
2026-04-09,04:51:29,mail.google.com,Communication,0,60
2026-04-09,04:52:29,VS Code,Software Development,2,89
2026-04-09,04:53:59,twitter.com,Social Media,-2,146
2026-04-09,04:56:26,slack.com,Communication,0,146
2026-04-09,04:58:52,mail.google.com,Communication,0,249
2026-04-09,05:03:02,github.com,Software Development,2,74
2026-04-09,05:04:16,twitter.com,Social Media,-2,210
2026-04-09,05:07:47,VS Code,Software Development,2,1391
2026-04-09,05:30:58,github.com,Software Development,2,563
2026-04-09,05:40:21,terminal,Software Development,2,773
2026-04-09,05:53:15,VS Code,Software Development,2,538
2026-04-09,06:02:13,VS Code,Software Development,2,408
2026-04-09,06:09:01,VS Code,Software Development,2,371
2026-04-09,06:15:13,slack.com,Communication,0,1061
2026-04-09,06:32:54,VS Code,Software Development,2,482
2026-04-09,06:40:57,VS Code,Software Development,2,1403
2026-04-09,07:04:20,VS Code,Software Development,2,1156
2026-04-09,07:23:37,VS Code,Software Development,2,581
2026-04-09,07:33:18,VS Code,Software Development,2,1143
2026-04-09,07:52:21,VS Code,Software Development,2,676
2026-04-09,08:03:38,slack.com,Communication,0,692
2026-04-09,08:15:11,VS Code,Software Development,2,680
2026-04-09,08:26:32,github.com,Software Development,2,790
2026-04-09,08:39:42,stackoverflow.com,Reference & Learning,1,462
2026-04-09,08:47:25,terminal,Software Development,2,456
2026-04-09,08:55:02,VS Code,Software Development,2,782
2026-04-09,09:08:05,VS Code,Software Development,2,719
2026-04-09,09:20:04,VS Code,Software Development,2,1440
2026-04-09,09:44:05,VS Code,Software Development,2,1153
2026-04-09,10:03:19,VS Code,Software Development,2,1331
2026-04-09,10:25:30,VS Code,Software Development,2,542
2026-04-09,10:34:32,VS Code,Software Development,2,1103
2026-04-09,10:52:56,VS Code,Software Development,2,521
2026-04-09,11:01:38,VS Code,Software Development,2,1336
2026-04-09,11:23:55,github.com,Software Development,2,969
2026-04-09,11:40:05,VS Code,Software Development,2,868
2026-04-09,11:54:33,VS Code,Software Development,2,1485
2026-04-09,12:19:19,VS Code,Software Development,2,1348
2026-04-09,12:41:48,terminal,Software Development,2,462
2026-04-09,12:49:30,slack.com,Communication,0,603
2026-04-09,12:59:34,VS Code,Software Development,2,731
2026-04-09,13:11:45,VS Code,Software Development,2,765
2026-04-09,13:24:31,github.com,Software Development,2,972
2026-04-09,13:40:43,VS Code,Software Development,2,718
2026-04-09,13:52:42,github.com,Software Development,2,868
2026-04-09,14:07:10,github.com,Software Development,2,534
2026-04-09,14:16:04,VS Code,Software Development,2,764
2026-04-09,14:28:48,VS Code,Software Development,2,333
2026-04-09,14:34:21,VS Code,Software Development,2,1438
2026-04-09,14:58:19,VS Code,Software Development,2,1085
2026-04-09,15:16:24,VS Code,Software Development,2,1158
2026-04-09,15:35:43,github.com,Software Development,2,846
2026-04-09,15:49:49,VS Code,Software Development,2,801
2026-04-09,16:03:10,VS Code,Software Development,2,840
2026-04-09,16:17:10,terminal,Software Development,2,387
2026-04-09,16:23:38,terminal,Software Development,2,460
2026-04-09,16:31:19,github.com,Software Development,2,738
2026-04-09,16:43:37,VS Code,Software Development,2,442
2026-04-09,16:51:00,VS Code,Software Development,2,325
2026-04-09,16:56:25,terminal,Software Development,2,878
2026-04-09,17:11:03,stackoverflow.com,Reference & Learning,1,847
2026-04-09,17:25:11,slack.com,Communication,0,811
2026-04-09,17:38:42,VS Code,Software Development,2,1377
2026-04-09,18:01:40,VS Code,Software Development,2,456
2026-04-09,18:09:17,VS Code,Software Development,2,1024
2026-04-09,18:26:22,VS Code,Software Development,2,301
2026-04-09,18:31:24,docs.google.com,Reference & Learning,1,1252
2026-04-09,18:52:16,VS Code,Software Development,2,789
2026-04-09,19:05:26,github.com,Software Development,2,838
2026-04-09,19:19:25,VS Code,Software Development,2,642
2026-04-09,19:30:07,VS Code,Software Development,2,821
2026-04-09,19:43:48,VS Code,Software Development,2,1156
2026-04-10,03:26:36,mail.google.com,Communication,0,317
2026-04-10,03:31:54,slack.com,Communication,0,319
2026-04-10,03:37:14,mail.google.com,Communication,0,247
2026-04-10,03:41:22,docs.google.com,Reference & Learning,1,44
2026-04-10,03:42:06,youtube.com,Entertainment,-2,89
2026-04-10,03:43:35,VS Code,Software Development,2,272
2026-04-10,03:48:07,VS Code,Software Development,2,181
2026-04-10,03:51:08,github.com,Software Development,2,248
2026-04-10,03:55:17,VS Code,Software Development,2,54
2026-04-10,03:56:11,slack.com,Communication,0,32
2026-04-10,03:56:44,github.com,Software Development,2,312
2026-04-10,04:01:56,VS Code,Software Development,2,93
2026-04-10,04:03:29,slack.com,Communication,0,137
2026-04-10,04:05:46,github.com,Software Development,2,166
2026-04-10,04:08:32,terminal,Software Development,2,238
2026-04-10,04:12:31,stackoverflow.com,Reference & Learning,1,86
2026-04-10,04:13:57,VS Code,Software Development,2,228
2026-04-10,04:17:46,youtube.com,Entertainment,-2,94
2026-04-10,04:19:20,github.com,Software Development,2,234
2026-04-10,04:23:15,mail.google.com,Communication,0,212
2026-04-10,04:26:47,terminal,Software Development,2,103
2026-04-10,04:28:31,VS Code,Software Development,2,264
2026-04-10,04:32:55,mail.google.com,Communication,0,291
2026-04-10,04:37:46,github.com,Software Development,2,42
2026-04-10,04:38:28,slack.com,Communication,0,260
2026-04-10,04:42:49,slack.com,Communication,0,80
2026-04-10,04:44:10,github.com,Software Development,2,65
2026-04-10,04:45:16,terminal,Software Development,2,297
2026-04-10,04:50:13,terminal,Software Development,2,302
2026-04-10,04:55:15,mail.google.com,Communication,0,157
2026-04-10,04:57:52,twitter.com,Social Media,-2,38
2026-04-10,04:58:31,VS Code,Software Development,2,49
2026-04-10,04:59:20,stackoverflow.com,Reference & Learning,1,71
2026-04-10,05:00:32,youtube.com,Entertainment,-2,195
2026-04-10,05:03:47,VS Code,Software Development,2,52
2026-04-10,05:04:40,VS Code,Software Development,2,76
2026-04-10,05:05:56,slack.com,Communication,0,98
2026-04-10,05:07:35,slack.com,Communication,0,73
2026-04-10,05:08:48,github.com,Software Development,2,152
2026-04-10,05:11:21,docs.google.com,Reference & Learning,1,130
2026-04-10,05:13:32,twitter.com,Social Media,-2,143
2026-04-10,05:15:55,twitter.com,Social Media,-2,306
2026-04-10,05:21:02,slack.com,Communication,0,48
2026-04-10,05:21:51,VS Code,Software Development,2,314
2026-04-10,05:27:05,twitter.com,Social Media,-2,74
2026-04-10,05:28:19,github.com,Software Development,2,97
2026-04-10,05:29:56,terminal,Software Development,2,227
2026-04-10,05:33:44,docs.google.com,Reference & Learning,1,142
2026-04-10,05:36:07,mail.google.com,Communication,0,283
2026-04-10,05:40:51,github.com,Software Development,2,324
2026-04-10,15:05:04,VS Code,Software Development,2,1245
2026-04-10,15:25:50,terminal,Software Development,2,1144
2026-04-10,15:44:55,terminal,Software Development,2,1315
2026-04-10,16:06:50,VS Code,Software Development,2,1127
2026-04-10,16:25:38,stackoverflow.com,Reference & Learning,1,1277
2026-04-10,16:46:56,VS Code,Software Development,2,391
2026-04-10,16:53:28,VS Code,Software Development,2,1041
2026-04-10,17:10:49,VS Code,Software Development,2,842
2026-04-10,17:24:51,VS Code,Software Development,2,1047
2026-04-10,17:42:19,VS Code,Software Development,2,1092
2026-04-10,18:00:31,VS Code,Software Development,2,372
2026-04-10,18:06:44,VS Code,Software Development,2,993
2026-04-10,18:23:17,VS Code,Software Development,2,1475
2026-04-10,18:47:53,VS Code,Software Development,2,954
2026-04-10,19:03:47,stackoverflow.com,Reference & Learning,1,675
2026-04-10,19:15:02,VS Code,Software Development,2,893
2026-04-10,19:29:56,VS Code,Software Development,2,934
2026-04-10,19:45:31,VS Code,Software Development,2,1099
2026-04-10,20:03:50,VS Code,Software Development,2,740
2026-04-10,20:16:11,VS Code,Software Development,2,1475
2026-04-10,20:40:46,VS Code,Software Development,2,1453
2026-04-10,21:04:59,VS Code,Software Development,2,1365
2026-04-10,21:27:45,VS Code,Software Development,2,1231
2026-04-10,21:48:17,terminal,Software Development,2,1482
2026-04-10,22:12:59,VS Code,Software Development,2,772
2026-04-10,22:25:52,terminal,Software Development,2,881
2026-04-10,22:40:33,terminal,Software Development,2,1164
2026-04-10,22:59:57,VS Code,Software Development,2,1281
2026-04-10,23:21:19,VS Code,Software Development,2,1458
2026-04-10,23:45:37,VS Code,Software Development,2,1326
2026-04-11,00:07:44,VS Code,Software Development,2,1040
2026-04-11,00:25:05,VS Code,Software Development,2,772
2026-04-11,00:37:57,VS Code,Software Development,2,1081
2026-04-11,00:55:58,stackoverflow.com,Reference & Learning,1,1217
2026-04-11,01:16:15,VS Code,Software Development,2,1172
2026-04-11,01:35:48,github.com,Software Development,2,820
2026-04-11,09:22:00,VS Code,Software Development,2,590
2026-04-11,09:31:51,VS Code,Software Development,2,1105
2026-04-11,09:50:16,VS Code,Software Development,2,528
2026-04-11,09:59:05,terminal,Software Development,2,822
2026-04-11,10:12:47,VS Code,Software Development,2,1330
2026-04-11,10:34:57,VS Code,Software Development,2,507
2026-04-11,10:43:24,VS Code,Software Development,2,1267
2026-04-11,11:04:32,VS Code,Software Development,2,878
2026-04-11,11:19:10,terminal,Software Development,2,518
2026-04-11,11:27:49,VS Code,Software Development,2,763
2026-04-11,11:40:32,VS Code,Software Development,2,565
2026-04-11,11:49:58,VS Code,Software Development,2,599
2026-04-11,11:59:58,VS Code,Software Development,2,1471
2026-04-11,12:24:30,VS Code,Software Development,2,525
2026-04-11,12:33:15,github.com,Software Development,2,768
2026-04-11,12:46:03,VS Code,Software Development,2,491
2026-04-11,12:54:14,slack.com,Communication,0,965
2026-04-11,13:10:19,VS Code,Software Development,2,316
2026-04-11,13:15:35,github.com,Software Development,2,658
2026-04-11,13:26:34,VS Code,Software Development,2,1150
2026-04-11,13:45:45,VS Code,Software Development,2,1243
2026-04-11,14:06:28,github.com,Software Development,2,495
2026-04-11,14:14:44,VS Code,Software Development,2,597
2026-04-11,14:24:42,VS Code,Software Development,2,465
2026-04-11,14:32:28,github.com,Software Development,2,1117
2026-04-11,14:51:06,github.com,Software Development,2,494
2026-04-11,14:59:20,VS Code,Software Development,2,986
2026-04-11,15:15:46,VS Code,Software Development,2,1346
2026-04-11,15:38:13,VS Code,Software Development,2,667
2026-04-11,15:49:21,VS Code,Software Development,2,1488
2026-04-11,16:14:09,VS Code,Software Development,2,1027
2026-04-11,16:31:17,VS Code,Software Development,2,765
2026-04-11,16:44:02,VS Code,Software Development,2,1046
2026-04-11,17:01:29,VS Code,Software Development,2,525
2026-04-11,17:10:14,VS Code,Software Development,2,504
2026-04-11,17:18:38,VS Code,Software Development,2,352
2026-04-11,17:24:31,VS Code,Software Development,2,488
2026-04-11,17:32:40,github.com,Software Development,2,795
2026-04-11,17:45:55,VS Code,Software Development,2,713
2026-04-11,17:57:49,terminal,Software Development,2,456
2026-04-11,18:05:26,github.com,Software Development,2,1335
2026-04-11,18:27:42,VS Code,Software Development,2,1099
2026-04-11,18:46:02,VS Code,Software Development,2,1201
2026-04-11,19:06:03,VS Code,Software Development,2,938
2026-04-11,19:21:41,terminal,Software Development,2,620
2026-04-11,19:32:02,terminal,Software Development,2,1211
2026-04-11,19:52:14,VS Code,Software Development,2,982
2026-04-11,20:08:36,VS Code,Software Development,2,1256
2026-04-11,20:29:33,VS Code,Software Development,2,905
2026-04-11,20:44:38,slack.com,Communication,0,1331
2026-04-11,21:06:49,VS Code,Software Development,2,669
2026-04-11,21:17:59,VS Code,Software Development,2,1006
2026-04-11,21:34:45,VS Code,Software Development,2,324
2026-04-11,21:40:09,VS Code,Software Development,2,737
2026-04-11,21:52:27,VS Code,Software Development,2,1480
2026-04-11,22:17:08,VS Code,Software Development,2,1270
2026-04-11,22:38:18,VS Code,Software Development,2,739
2026-04-11,22:50:38,terminal,Software Development,2,367
2026-04-11,22:56:45,github.com,Software Development,2,881
2026-04-12,03:09:54,stackoverflow.com,Reference & Learning,1,33
2026-04-12,03:10:28,terminal,Software Development,2,93
2026-04-12,03:12:02,docs.google.com,Reference & Learning,1,73
2026-04-12,03:13:15,youtube.com,Entertainment,-2,99
2026-04-12,03:14:55,VS Code,Software Development,2,188
2026-04-12,03:18:03,mail.google.com,Communication,0,266
2026-04-12,03:22:30,terminal,Software Development,2,244
2026-04-12,03:26:34,mail.google.com,Communication,0,294
2026-04-12,03:31:29,twitter.com,Social Media,-2,203
2026-04-12,03:34:52,slack.com,Communication,0,285
2026-04-12,03:39:38,github.com,Software Development,2,211
2026-04-12,03:43:09,github.com,Software Development,2,48
2026-04-12,03:43:58,youtube.com,Entertainment,-2,140
2026-04-12,03:46:18,stackoverflow.com,Reference & Learning,1,171
2026-04-12,03:49:10,slack.com,Communication,0,116
2026-04-12,03:51:06,youtube.com,Entertainment,-2,306
2026-04-12,03:56:12,stackoverflow.com,Reference & Learning,1,260
2026-04-12,04:00:33,docs.google.com,Reference & Learning,1,183
2026-04-12,04:03:36,docs.google.com,Reference & Learning,1,231
2026-04-12,04:07:27,stackoverflow.com,Reference & Learning,1,221
2026-04-12,04:11:09,terminal,Software Development,2,82
2026-04-12,04:12:31,slack.com,Communication,0,171
2026-04-12,04:15:23,stackoverflow.com,Reference & Learning,1,223
2026-04-12,04:19:07,mail.google.com,Communication,0,169
2026-04-12,04:21:57,terminal,Software Development,2,62
2026-04-12,04:22:59,stackoverflow.com,Reference & Learning,1,127
2026-04-12,04:25:07,VS Code,Software Development,2,107
2026-04-12,04:26:54,youtube.com,Entertainment,-2,227
2026-04-12,04:30:42,terminal,Software Development,2,46
2026-04-12,04:31:28,terminal,Software Development,2,100
2026-04-12,04:33:08,github.com,Software Development,2,32
2026-04-12,04:33:41,twitter.com,Social Media,-2,127
2026-04-12,04:35:49,docs.google.com,Reference & Learning,1,302
2026-04-12,04:40:52,twitter.com,Social Media,-2,190
2026-04-12,04:44:02,terminal,Software Development,2,250
2026-04-12,04:48:12,VS Code,Software Development,2,103
2026-04-12,04:49:56,github.com,Software Development,2,157
2026-04-12,04:52:34,twitter.com,Social Media,-2,247
2026-04-12,04:56:42,youtube.com,Entertainment,-2,146
2026-04-12,04:59:08,mail.google.com,Communication,0,211
2026-04-12,05:02:39,slack.com,Communication,0,212
2026-04-12,05:06:12,stackoverflow.com,Reference & Learning,1,207
2026-04-12,05:09:39,twitter.com,Social Media,-2,155
2026-04-12,05:12:15,VS Code,Software Development,2,201
2026-04-12,05:15:36,terminal,Software Development,2,151
2026-04-12,05:18:08,docs.google.com,Reference & Learning,1,244
2026-04-12,05:22:13,twitter.com,Social Media,-2,211
2026-04-12,05:25:44,github.com,Software Development,2,217
2026-04-12,05:29:22,youtube.com,Entertainment,-2,53
2026-04-12,05:30:16,terminal,Software Development,2,304
2026-04-13,01:52:02,stackoverflow.com,Reference & Learning,1,299
2026-04-13,01:57:02,twitter.com,Social Media,-2,53
2026-04-13,01:57:55,terminal,Software Development,2,71
2026-04-13,01:59:06,youtube.com,Entertainment,-2,250
2026-04-13,02:03:17,terminal,Software Development,2,49
2026-04-13,02:04:07,mail.google.com,Communication,0,190
2026-04-13,02:07:17,stackoverflow.com,Reference & Learning,1,149
2026-04-13,02:09:46,terminal,Software Development,2,212
2026-04-13,02:13:19,twitter.com,Social Media,-2,176
2026-04-13,02:16:15,VS Code,Software Development,2,106
2026-04-13,02:18:01,slack.com,Communication,0,66
2026-04-13,02:19:08,twitter.com,Social Media,-2,168
2026-04-13,02:21:57,mail.google.com,Communication,0,327
2026-04-13,02:27:24,github.com,Software Development,2,38
2026-04-13,02:28:03,github.com,Software Development,2,33
2026-04-13,02:28:36,github.com,Software Development,2,311
2026-04-13,02:33:47,youtube.com,Entertainment,-2,329
2026-04-13,02:39:16,docs.google.com,Reference & Learning,1,140
2026-04-13,02:41:37,terminal,Software Development,2,57
2026-04-13,02:42:34,slack.com,Communication,0,238
2026-04-13,02:46:32,youtube.com,Entertainment,-2,322
2026-04-13,02:51:55,mail.google.com,Communication,0,161
2026-04-13,02:54:37,docs.google.com,Reference & Learning,1,117
2026-04-13,02:56:34,docs.google.com,Reference & Learning,1,325
2026-04-13,03:02:00,VS Code,Software Development,2,105
2026-04-13,03:03:45,docs.google.com,Reference & Learning,1,286
2026-04-13,03:08:31,stackoverflow.com,Reference & Learning,1,265
2026-04-13,03:12:56,youtube.com,Entertainment,-2,68
2026-04-13,03:14:05,slack.com,Communication,0,47
2026-04-13,03:14:53,youtube.com,Entertainment,-2,312
2026-04-13,03:20:05,VS Code,Software Development,2,302
2026-04-13,03:25:08,mail.google.com,Communication,0,69
2026-04-13,03:26:17,twitter.com,Social Media,-2,269
2026-04-13,03:30:46,terminal,Software Development,2,152
2026-04-13,03:33:19,twitter.com,Social Media,-2,205
2026-04-13,03:36:44,terminal,Software Development,2,47
2026-04-13,03:37:31,twitter.com,Social Media,-2,62
2026-04-13,03:38:34,twitter.com,Social Media,-2,86
2026-04-13,03:40:00,youtube.com,Entertainment,-2,45
2026-04-13,03:40:45,VS Code,Software Development,2,261
2026-04-13,03:45:07,stackoverflow.com,Reference & Learning,1,224
2026-04-13,03:48:51,youtube.com,Entertainment,-2,132
2026-04-13,03:51:03,youtube.com,Entertainment,-2,61
2026-04-13,03:52:05,stackoverflow.com,Reference & Learning,1,197
2026-04-13,03:55:22,terminal,Software Development,2,184
2026-04-13,03:58:27,slack.com,Communication,0,48
2026-04-13,03:59:15,github.com,Software Development,2,190
2026-04-13,04:02:26,mail.google.com,Communication,0,269
2026-04-13,04:06:56,twitter.com,Social Media,-2,168
2026-04-13,04:09:45,twitter.com,Social Media,-2,119
2026-04-13,04:11:44,twitter.com,Social Media,-2,93
2026-04-13,04:13:17,slack.com,Communication,0,258
2026-04-13,04:17:36,docs.google.com,Reference & Learning,1,39
2026-04-13,04:18:16,mail.google.com,Communication,0,101
2026-04-13,04:19:57,mail.google.com,Communication,0,277
2026-04-13,04:24:35,youtube.com,Entertainment,-2,198
2026-04-13,04:27:53,mail.google.com,Communication,0,238
2026-04-13,04:31:51,github.com,Software Development,2,44
2026-04-13,04:32:35,mail.google.com,Communication,0,86
2026-04-13,04:34:02,github.com,Software Development,2,194
2026-04-13,04:37:17,terminal,Software Development,2,282
2026-04-13,04:41:59,VS Code,Software Development,2,324
2026-04-13,04:47:24,docs.google.com,Reference & Learning,1,212
2026-04-13,04:50:56,VS Code,Software Development,2,42
2026-04-13,04:51:38,github.com,Software Development,2,227
2026-04-13,04:55:26,slack.com,Communication,0,290
2026-04-13,05:00:17,docs.google.com,Reference & Learning,1,141
2026-04-13,05:02:38,github.com,Software Development,2,254
2026-04-13,05:06:53,mail.google.com,Communication,0,185
2026-04-13,05:09:58,twitter.com,Social Media,-2,95
2026-04-13,05:11:33,github.com,Software Development,2,118
2026-04-13,05:13:31,stackoverflow.com,Reference & Learning,1,305
2026-04-13,05:18:37,terminal,Software Development,2,32
2026-04-13,05:19:10,terminal,Software Development,2,151
2026-04-13,05:21:41,youtube.com,Entertainment,-2,56
2026-04-13,05:22:37,github.com,Software Development,2,326
2026-04-13,05:28:04,terminal,Software Development,2,248
2026-04-13,05:32:12,docs.google.com,Reference & Learning,1,146
2026-04-13,05:34:39,stackoverflow.com,Reference & Learning,1,36
2026-04-13,05:35:16,slack.com,Communication,0,315
2026-04-13,05:40:31,twitter.com,Social Media,-2,280
2026-04-13,05:45:12,github.com,Software Development,2,179
2026-04-13,05:48:11,slack.com,Communication,0,1043
2026-04-13,06:05:34,VS Code,Software Development,2,916
2026-04-13,06:20:51,terminal,Software Development,2,992
2026-04-13,06:37:24,VS Code,Software Development,2,1118
2026-04-13,06:56:03,github.com,Software Development,2,1449
2026-04-13,07:20:12,terminal,Software Development,2,720
2026-04-13,07:32:13,github.com,Software Development,2,1335
2026-04-13,07:54:28,VS Code,Software Development,2,1265
2026-04-13,08:15:33,VS Code,Software Development,2,357
2026-04-13,08:21:31,VS Code,Software Development,2,1056
2026-04-13,08:39:07,VS Code,Software Development,2,1443
2026-04-13,09:03:10,github.com,Software Development,2,338
2026-04-13,09:08:49,terminal,Software Development,2,866
2026-04-13,09:23:15,github.com,Software Development,2,655
2026-04-13,09:34:11,VS Code,Software Development,2,1385
2026-04-13,09:57:16,VS Code,Software Development,2,858
2026-04-13,10:11:35,github.com,Software Development,2,717
2026-04-13,10:23:33,VS Code,Software Development,2,1092
2026-04-13,10:41:45,VS Code,Software Development,2,520
2026-04-13,10:50:26,VS Code,Software Development,2,355
2026-04-13,10:56:21,VS Code,Software Development,2,861
2026-04-13,11:10:43,github.com,Software Development,2,588
2026-04-13,11:20:32,github.com,Software Development,2,316
2026-04-13,11:25:48,VS Code,Software Development,2,973
2026-04-13,11:42:02,slack.com,Communication,0,1475
2026-04-13,12:06:38,VS Code,Software Development,2,1451
2026-04-13,12:30:49,VS Code,Software Development,2,447
2026-04-13,12:38:17,VS Code,Software Development,2,1247
2026-04-13,12:59:04,terminal,Software Development,2,902
2026-04-13,13:14:07,slack.com,Communication,0,1325
2026-04-13,13:36:12,VS Code,Software Development,2,1200
2026-04-13,13:56:13,VS Code,Software Development,2,307
2026-04-13,14:01:20,VS Code,Software Development,2,407
2026-04-13,14:08:08,docs.google.com,Reference & Learning,1,597
2026-04-13,14:18:05,VS Code,Software Development,2,529
2026-04-13,14:26:55,terminal,Software Development,2,1279
2026-04-13,14:48:15,mail.google.com,Communication,0,1354
2026-04-13,15:10:50,youtube.com,Entertainment,-2,919
2026-04-13,15:26:10,VS Code,Software Development,2,1069
2026-04-13,15:43:59,VS Code,Software Development,2,569
2026-04-13,15:53:28,VS Code,Software Development,2,862
2026-04-13,16:07:51,terminal,Software Development,2,765
2026-04-13,16:20:36,VS Code,Software Development,2,1039
2026-04-13,16:37:56,VS Code,Software Development,2,806
2026-04-13,16:51:23,VS Code,Software Development,2,847
2026-04-13,17:05:30,VS Code,Software Development,2,1145
2026-04-13,17:24:35,VS Code,Software Development,2,1078
2026-04-13,17:42:33,VS Code,Software Development,2,1498
2026-04-13,18:07:31,VS Code,Software Development,2,739
2026-04-13,18:19:51,VS Code,Software Development,2,608
2026-04-13,18:30:00,VS Code,Software Development,2,420
2026-04-13,18:37:00,VS Code,Software Development,2,404
2026-04-13,18:43:45,github.com,Software Development,2,1155
2026-04-13,19:03:01,VS Code,Software Development,2,616
2026-04-13,19:13:17,VS Code,Software Development,2,733
2026-04-13,19:25:31,github.com,Software Development,2,1194
2026-04-13,19:45:25,github.com,Software Development,2,83
2026-04-13,19:46:49,stackoverflow.com,Reference & Learning,1,85
2026-04-13,19:48:15,github.com,Software Development,2,246
2026-04-13,19:52:21,VS Code,Software Development,2,86
2026-04-13,19:53:48,mail.google.com,Communication,0,33
2026-04-13,19:54:21,youtube.com,Entertainment,-2,196
2026-04-13,19:57:38,VS Code,Software Development,2,156
2026-04-13,20:00:14,slack.com,Communication,0,195
2026-04-13,20:03:30,youtube.com,Entertainment,-2,127
2026-04-13,20:05:38,github.com,Software Development,2,175
2026-04-13,20:08:33,stackoverflow.com,Reference & Learning,1,172
2026-04-13,20:11:26,github.com,Software Development,2,167
2026-04-13,20:14:13,twitter.com,Social Media,-2,41
2026-04-13,20:14:55,mail.google.com,Communication,0,162
2026-04-13,20:17:37,docs.google.com,Reference & Learning,1,231
2026-04-13,20:21:29,terminal,Software Development,2,304
2026-04-13,20:26:34,twitter.com,Social Media,-2,172
2026-04-13,20:29:26,stackoverflow.com,Reference & Learning,1,240
2026-04-13,20:33:27,github.com,Software Development,2,88
2026-04-13,20:34:55,docs.google.com,Reference & Learning,1,121
2026-04-13,20:36:57,slack.com,Communication,0,280
2026-04-13,20:41:37,youtube.com,Entertainment,-2,180
2026-04-13,20:44:38,github.com,Software Development,2,292
2026-04-13,20:49:30,slack.com,Communication,0,117
2026-04-13,20:51:27,terminal,Software Development,2,66
2026-04-13,20:52:34,terminal,Software Development,2,97
2026-04-13,20:54:12,github.com,Software Development,2,210
2026-04-13,20:57:43,twitter.com,Social Media,-2,309
2026-04-14,15:21:29,VS Code,Software Development,2,141
2026-04-14,15:23:50,slack.com,Communication,0,144
2026-04-14,15:26:14,twitter.com,Social Media,-2,38
2026-04-14,15:26:53,stackoverflow.com,Reference & Learning,1,121
2026-04-14,15:28:55,VS Code,Software Development,2,124
2026-04-14,15:30:59,docs.google.com,Reference & Learning,1,212
2026-04-14,15:34:32,youtube.com,Entertainment,-2,36
2026-04-14,15:35:08,terminal,Software Development,2,186
2026-04-14,15:38:14,docs.google.com,Reference & Learning,1,275
2026-04-14,15:42:50,twitter.com,Social Media,-2,250
2026-04-14,15:47:01,github.com,Software Development,2,292
2026-04-14,15:51:53,VS Code,Software Development,2,95
2026-04-14,15:53:29,youtube.com,Entertainment,-2,68
2026-04-14,15:54:37,stackoverflow.com,Reference & Learning,1,74
2026-04-14,15:55:51,docs.google.com,Reference & Learning,1,71
2026-04-14,15:57:02,github.com,Software Development,2,269
2026-04-14,16:01:31,youtube.com,Entertainment,-2,115
2026-04-14,16:03:27,slack.com,Communication,0,290
2026-04-14,16:08:17,terminal,Software Development,2,286
2026-04-14,16:13:03,mail.google.com,Communication,0,228
2026-04-14,16:16:52,VS Code,Software Development,2,110
2026-04-14,16:18:42,github.com,Software Development,2,151
2026-04-14,16:21:14,terminal,Software Development,2,164
2026-04-14,16:23:59,terminal,Software Development,2,132
2026-04-14,16:26:11,VS Code,Software Development,2,215
2026-04-14,16:29:47,slack.com,Communication,0,323
2026-04-14,16:35:11,mail.google.com,Communication,0,98
2026-04-14,16:36:50,github.com,Software Development,2,231
2026-04-14,16:40:41,stackoverflow.com,Reference & Learning,1,269
2026-04-14,16:45:11,VS Code,Software Development,2,102
2026-04-14,16:46:53,github.com,Software Development,2,220
2026-04-14,16:50:33,docs.google.com,Reference & Learning,1,30
2026-04-14,16:51:04,stackoverflow.com,Reference & Learning,1,154
2026-04-14,16:53:38,twitter.com,Social Media,-2,235
2026-04-14,16:57:33,stackoverflow.com,Reference & Learning,1,123
2026-04-14,16:59:37,stackoverflow.com,Reference & Learning,1,109
2026-04-14,17:01:26,mail.google.com,Communication,0,299
2026-04-14,17:06:26,docs.google.com,Reference & Learning,1,240
2026-04-14,17:10:26,twitter.com,Social Media,-2,55
2026-04-14,17:11:21,mail.google.com,Communication,0,57
2026-04-14,17:12:19,VS Code,Software Development,2,166
2026-04-14,17:15:05,mail.google.com,Communication,0,162
2026-04-14,17:17:47,stackoverflow.com,Reference & Learning,1,33
2026-04-14,17:18:21,github.com,Software Development,2,315
2026-04-14,17:23:37,youtube.com,Entertainment,-2,323
2026-04-14,17:29:00,docs.google.com,Reference & Learning,1,65
2026-04-14,17:30:06,VS Code,Software Development,2,230
2026-04-14,17:33:56,mail.google.com,Communication,0,188
2026-04-14,17:37:04,mail.google.com,Communication,0,180
2026-04-14,17:40:05,terminal,Software Development,2,64
2026-04-14,17:41:09,youtube.com,Entertainment,-2,220
2026-04-14,17:44:50,twitter.com,Social Media,-2,320
2026-04-14,17:50:11,VS Code,Software Development,2,802
2026-04-14,18:03:34,VS Code,Software Development,2,339
2026-04-14,18:09:13,VS Code,Software Development,2,319
2026-04-14,18:14:33,VS Code,Software Development,2,570
2026-04-14,18:24:03,terminal,Software Development,2,340
2026-04-14,18:29:43,VS Code,Software Development,2,1198
2026-04-14,18:49:42,VS Code,Software Development,2,432
2026-04-14,18:56:55,VS Code,Software Development,2,549
2026-04-14,19:06:04,VS Code,Software Development,2,1382
2026-04-14,19:29:06,github.com,Software Development,2,502
2026-04-14,19:37:29,VS Code,Software Development,2,1482
2026-04-14,20:02:11,terminal,Software Development,2,892
2026-04-14,20:17:03,github.com,Software Development,2,451
2026-04-14,20:24:35,VS Code,Software Development,2,1182
2026-04-14,20:44:17,mail.google.com,Communication,0,116
2026-04-14,20:46:14,youtube.com,Entertainment,-2,214
2026-04-14,20:49:48,stackoverflow.com,Reference & Learning,1,67
2026-04-14,20:50:56,VS Code,Software Development,2,215
2026-04-14,20:54:31,docs.google.com,Reference & Learning,1,211
2026-04-14,20:58:03,twitter.com,Social Media,-2,165
2026-04-14,21:00:49,slack.com,Communication,0,187
2026-04-14,21:03:56,stackoverflow.com,Reference & Learning,1,148
2026-04-14,21:06:25,terminal,Software Development,2,109
2026-04-14,21:08:14,VS Code,Software Development,2,61
2026-04-14,21:09:16,VS Code,Software Development,2,231
2026-04-14,21:13:08,VS Code,Software Development,2,59
2026-04-14,21:14:07,stackoverflow.com,Reference & Learning,1,251
2026-04-14,21:18:19,docs.google.com,Reference & Learning,1,322
2026-04-14,21:23:41,twitter.com,Social Media,-2,151
2026-04-14,21:26:13,github.com,Software Development,2,48
2026-04-14,21:27:02,mail.google.com,Communication,0,144
2026-04-14,21:29:27,mail.google.com,Communication,0,324
2026-04-14,21:34:51,docs.google.com,Reference & Learning,1,125
2026-04-14,21:36:56,twitter.com,Social Media,-2,71
2026-04-14,21:38:08,stackoverflow.com,Reference & Learning,1,133
2026-04-14,21:40:21,docs.google.com,Reference & Learning,1,285
2026-04-14,21:45:06,github.com,Software Development,2,110
2026-04-14,21:46:57,docs.google.com,Reference & Learning,1,73
2026-04-14,21:48:11,VS Code,Software Development,2,45
2026-04-14,21:48:56,docs.google.com,Reference & Learning,1,137
2026-04-14,21:51:13,twitter.com,Social Media,-2,210
2026-04-14,21:54:44,github.com,Software Development,2,275
2026-04-15,03:21:50,VS Code,Software Development,2,1402
2026-04-15,03:45:13,VS Code,Software Development,2,479
2026-04-15,03:53:12,VS Code,Software Development,2,466
2026-04-15,04:00:59,VS Code,Software Development,2,1416
2026-04-15,04:24:36,VS Code,Software Development,2,910
2026-04-15,04:39:46,VS Code,Software Development,2,669
2026-04-15,04:50:56,VS Code,Software Development,2,1211
2026-04-15,05:11:07,VS Code,Software Development,2,500
2026-04-15,05:19:28,VS Code,Software Development,2,1314
2026-04-15,05:41:23,VS Code,Software Development,2,1492
2026-04-15,06:06:15,VS Code,Software Development,2,1041
2026-04-15,13:39:37,slack.com,Communication,0,691
2026-04-15,13:51:09,VS Code,Software Development,2,480
2026-04-15,13:59:09,VS Code,Software Development,2,1272
2026-04-15,14:20:22,terminal,Software Development,2,1074
2026-04-15,14:38:17,github.com,Software Development,2,510
2026-04-15,14:46:47,VS Code,Software Development,2,773
2026-04-15,14:59:41,github.com,Software Development,2,1357
2026-04-15,15:22:18,VS Code,Software Development,2,971
2026-04-15,15:38:29,github.com,Software Development,2,846
2026-04-15,15:52:36,VS Code,Software Development,2,1142
2026-04-15,16:11:38,github.com,Software Development,2,966
2026-04-15,16:27:45,VS Code,Software Development,2,992
2026-04-15,16:44:17,VS Code,Software Development,2,517
2026-04-15,16:52:54,VS Code,Software Development,2,1382
2026-04-15,17:15:57,VS Code,Software Development,2,917
2026-04-15,17:31:15,VS Code,Software Development,2,1337
2026-04-15,17:53:33,VS Code,Software Development,2,762
2026-04-15,18:06:16,terminal,Software Development,2,1207
2026-04-15,18:26:24,VS Code,Software Development,2,596
2026-04-15,18:36:20,terminal,Software Development,2,697
2026-04-15,18:47:58,VS Code,Software Development,2,1199
2026-04-15,19:07:57,terminal,Software Development,2,716
2026-04-15,19:19:53,terminal,Software Development,2,428
2026-04-15,19:27:02,VS Code,Software Development,2,951
2026-04-15,19:42:54,VS Code,Software Development,2,1401
2026-04-15,20:06:16,VS Code,Software Development,2,898
2026-04-15,20:21:14,github.com,Software Development,2,435
2026-04-15,20:28:30,terminal,Software Development,2,1443
2026-04-15,20:52:34,VS Code,Software Development,2,715
2026-04-15,21:04:29,VS Code,Software Development,2,417
2026-04-15,21:11:27,github.com,Software Development,2,560
2026-04-15,21:20:47,VS Code,Software Development,2,796
2026-04-15,21:34:03,github.com,Software Development,2,1413
2026-04-15,21:57:37,VS Code,Software Development,2,1336
2026-04-15,22:19:53,terminal,Software Development,2,712
2026-04-15,22:31:46,terminal,Software Development,2,445
2026-04-15,22:39:11,VS Code,Software Development,2,1471
2026-04-15,23:03:42,VS Code,Software Development,2,723
2026-04-15,23:15:46,twitter.com,Social Media,-2,267
2026-04-15,23:20:14,slack.com,Communication,0,56
2026-04-15,23:21:10,VS Code,Software Development,2,204
2026-04-15,23:24:35,github.com,Software Development,2,93
2026-04-15,23:26:08,docs.google.com,Reference & Learning,1,316
2026-04-15,23:31:25,mail.google.com,Communication,0,116
2026-04-15,23:33:22,twitter.com,Social Media,-2,70
2026-04-15,23:34:32,youtube.com,Entertainment,-2,142
2026-04-15,23:36:55,terminal,Software Development,2,314
2026-04-15,23:42:10,stackoverflow.com,Reference & Learning,1,103
2026-04-15,23:43:53,docs.google.com,Reference & Learning,1,127
2026-04-15,23:46:01,slack.com,Communication,0,205
2026-04-15,23:49:27,mail.google.com,Communication,0,244
2026-04-15,23:53:31,youtube.com,Entertainment,-2,153
2026-04-15,23:56:04,terminal,Software Development,2,297
2026-04-16,00:01:02,docs.google.com,Reference & Learning,1,113
2026-04-16,00:02:55,mail.google.com,Communication,0,197
2026-04-16,00:06:13,docs.google.com,Reference & Learning,1,80
2026-04-16,00:07:33,terminal,Software Development,2,279
2026-04-16,00:12:13,docs.google.com,Reference & Learning,1,51
2026-04-16,00:13:05,youtube.com,Entertainment,-2,226
2026-04-16,00:16:51,youtube.com,Entertainment,-2,152
2026-04-16,00:19:23,twitter.com,Social Media,-2,138
2026-04-16,00:21:42,youtube.com,Entertainment,-2,274
2026-04-16,00:26:16,slack.com,Communication,0,121
2026-04-16,00:28:17,mail.google.com,Communication,0,110
2026-04-16,00:30:07,terminal,Software Development,2,50
2026-04-16,00:30:58,terminal,Software Development,2,73
2026-04-16,00:32:12,docs.google.com,Reference & Learning,1,197
2026-04-16,00:35:30,youtube.com,Entertainment,-2,268
2026-04-16,00:39:59,VS Code,Software Development,2,145
2026-04-16,08:12:31,VS Code,Software Development,2,1438
2026-04-16,08:36:29,VS Code,Software Development,2,917
2026-04-16,08:51:46,slack.com,Communication,0,1448
2026-04-16,09:15:54,VS Code,Software Development,2,1048
2026-04-16,09:33:23,github.com,Software Development,2,994
2026-04-16,09:49:57,VS Code,Software Development,2,957
2026-04-16,10:05:54,VS Code,Software Development,2,862
2026-04-16,10:20:17,VS Code,Software Development,2,371
2026-04-16,10:26:28,twitter.com,Social Media,-2,1254
2026-04-16,10:47:23,VS Code,Software Development,2,1482
2026-04-16,11:12:05,mail.google.com,Communication,0,268
2026-04-16,11:16:33,terminal,Software Development,2,98
2026-04-16,11:18:12,youtube.com,Entertainment,-2,72
2026-04-16,11:19:24,stackoverflow.com,Reference & Learning,1,267
2026-04-16,11:23:52,twitter.com,Social Media,-2,153
2026-04-16,11:26:26,youtube.com,Entertainment,-2,39
2026-04-16,11:27:06,docs.google.com,Reference & Learning,1,301
2026-04-16,11:32:07,twitter.com,Social Media,-2,244
2026-04-16,11:36:11,stackoverflow.com,Reference & Learning,1,194
2026-04-16,11:39:25,VS Code,Software Development,2,273
2026-04-16,11:43:58,terminal,Software Development,2,288
2026-04-16,11:48:47,stackoverflow.com,Reference & Learning,1,90
2026-04-16,11:50:18,youtube.com,Entertainment,-2,118
2026-04-16,11:52:16,twitter.com,Social Media,-2,32
2026-04-16,11:52:49,slack.com,Communication,0,124
2026-04-16,11:54:54,github.com,Software Development,2,263
2026-04-16,11:59:17,mail.google.com,Communication,0,314
2026-04-16,12:04:32,docs.google.com,Reference & Learning,1,258
2026-04-16,12:08:50,docs.google.com,Reference & Learning,1,283
2026-04-16,12:13:34,VS Code,Software Development,2,75
2026-04-16,12:14:50,terminal,Software Development,2,138
2026-04-16,12:17:08,youtube.com,Entertainment,-2,205
2026-04-16,12:20:34,github.com,Software Development,2,180
2026-04-16,12:23:34,stackoverflow.com,Reference & Learning,1,143
2026-04-16,12:25:57,stackoverflow.com,Reference & Learning,1,304
2026-04-16,12:31:02,github.com,Software Development,2,41
2026-04-16,12:31:43,slack.com,Communication,0,319
2026-04-16,12:37:02,terminal,Software Development,2,47
2026-04-16,12:37:50,stackoverflow.com,Reference & Learning,1,306
2026-04-16,12:42:57,github.com,Software Development,2,1129
2026-04-16,13:01:47,terminal,Software Development,2,946
2026-04-16,13:17:33,VS Code,Software Development,2,965
2026-04-16,13:33:38,github.com,Software Development,2,792
2026-04-16,13:46:50,VS Code,Software Development,2,1329
2026-04-16,14:09:00,VS Code,Software Development,2,707
2026-04-16,14:20:47,VS Code,Software Development,2,451
2026-04-16,14:28:19,github.com,Software Development,2,1213
2026-04-16,14:48:32,VS Code,Software Development,2,336
2026-04-16,14:54:08,github.com,Software Development,2,1477
2026-04-16,15:18:46,VS Code,Software Development,2,910
2026-04-16,15:33:56,VS Code,Software Development,2,366
2026-04-16,15:40:03,terminal,Software Development,2,731
2026-04-16,15:52:15,VS Code,Software Development,2,1490
2026-04-16,16:17:05,github.com,Software Development,2,469
2026-04-16,16:24:55,stackoverflow.com,Reference & Learning,1,419
2026-04-16,16:31:55,terminal,Software Development,2,644
2026-04-16,16:42:39,terminal,Software Development,2,515
2026-04-16,16:51:14,docs.google.com,Reference & Learning,1,648
2026-04-16,17:02:03,VS Code,Software Development,2,1241
2026-04-16,17:22:45,VS Code,Software Development,2,1473
2026-04-16,17:47:18,github.com,Software Development,2,1455
2026-04-16,18:11:34,terminal,Software Development,2,818
2026-04-16,18:25:13,VS Code,Software Development,2,1110
2026-04-16,18:43:43,terminal,Software Development,2,1293
2026-04-16,19:05:16,VS Code,Software Development,2,1263
2026-04-16,19:26:19,stackoverflow.com,Reference & Learning,1,1401
2026-04-16,19:49:41,terminal,Software Development,2,80
2026-04-16,19:51:01,terminal,Software Development,2,140
2026-04-16,19:53:21,github.com,Software Development,2,38
2026-04-16,19:53:59,stackoverflow.com,Reference & Learning,1,134
2026-04-16,19:56:14,terminal,Software Development,2,117
2026-04-16,19:58:12,docs.google.com,Reference & Learning,1,252
2026-04-16,20:02:24,youtube.com,Entertainment,-2,91
2026-04-16,20:03:55,twitter.com,Social Media,-2,311
2026-04-16,20:09:07,stackoverflow.com,Reference & Learning,1,90
2026-04-16,20:10:38,youtube.com,Entertainment,-2,219
2026-04-16,20:14:17,stackoverflow.com,Reference & Learning,1,225
2026-04-16,20:18:03,youtube.com,Entertainment,-2,141
2026-04-16,20:20:24,mail.google.com,Communication,0,73
2026-04-16,20:21:37,youtube.com,Entertainment,-2,276
2026-04-16,20:26:14,mail.google.com,Communication,0,309
2026-04-16,20:31:24,slack.com,Communication,0,950
2026-04-16,20:47:14,VS Code,Software Development,2,541
2026-04-16,20:56:16,VS Code,Software Development,2,506
2026-04-16,21:04:42,github.com,Software Development,2,1447
2026-04-16,21:28:50,terminal,Software Development,2,555
2026-04-16,21:38:05,VS Code,Software Development,2,352
2026-04-16,21:43:57,VS Code,Software Development,2,647
2026-04-16,21:54:45,VS Code,Software Development,2,1247
2026-04-16,22:15:33,VS Code,Software Development,2,723
2026-04-16,22:27:36,VS Code,Software Development,2,1495
2026-04-16,22:52:31,VS Code,Software Development,2,811
2026-04-16,23:06:03,VS Code,Software Development,2,704
2026-04-16,23:17:47,VS Code,Software Development,2,804
2026-04-16,23:31:12,VS Code,Software Development,2,1172
2026-04-16,23:50:44,VS Code,Software Development,2,1385
2026-04-17,00:13:49,VS Code,Software Development,2,912
2026-04-17,00:29:01,VS Code,Software Development,2,850
2026-04-17,00:43:12,VS Code,Software Development,2,310
2026-04-17,00:48:22,VS Code,Software Development,2,1278
2026-04-17,01:09:41,VS Code,Software Development,2,437
2026-04-17,01:16:59,VS Code,Software Development,2,781
2026-04-17,01:30:00,VS Code,Software Development,2,1154
2026-04-17,01:49:15,VS Code,Software Development,2,1239
2026-04-17,02:09:54,VS Code,Software Development,2,1424
2026-04-17,02:33:39,VS Code,Software Development,2,1060
2026-04-17,02:51:20,VS Code,Software Development,2,1378
2026-04-17,03:14:18,VS Code,Software Development,2,892
2026-04-17,03:29:11,VS Code,Software Development,2,1063
2026-04-17,03:46:54,VS Code,Software Development,2,1012
2026-04-17,04:03:46,VS Code,Software Development,2,1024
2026-04-17,04:20:51,VS Code,Software Development,2,1278
2026-04-17,04:42:09,VS Code,Software Development,2,1005
2026-04-17,04:58:55,VS Code,Software Development,2,1326
2026-04-17,05:21:01,terminal,Software Development,2,1296
2026-04-17,05:42:38,github.com,Software Development,2,568
2026-04-17,05:52:07,youtube.com,Entertainment,-2,1058
2026-04-17,06:09:46,VS Code,Software Development,2,1430
2026-04-17,06:33:36,VS Code,Software Development,2,542
2026-04-17,06:42:39,VS Code,Software Development,2,363
2026-04-17,06:48:43,github.com,Software Development,2,629
2026-04-17,06:59:13,github.com,Software Development,2,1400
2026-04-17,07:22:34,VS Code,Software Development,2,1229
2026-04-17,07:43:03,VS Code,Software Development,2,995
2026-04-17,07:59:38,VS Code,Software Development,2,1342
2026-04-17,08:22:01,VS Code,Software Development,2,1426
2026-04-17,08:45:48,github.com,Software Development,2,1471
2026-04-17,09:10:20,terminal,Software Development,2,474
2026-04-17,09:18:14,VS Code,Software Development,2,662
2026-04-17,09:29:17,github.com,Software Development,2,1108
2026-04-17,09:47:45,github.com,Software Development,2,416
2026-04-17,09:54:42,github.com,Software Development,2,1259
2026-04-17,10:15:41,terminal,Software Development,2,333
2026-04-17,10:21:15,VS Code,Software Development,2,1424
2026-04-17,10:45:00,github.com,Software Development,2,951
2026-04-17,11:00:52,VS Code,Software Development,2,1447
2026-04-17,11:24:59,VS Code,Software Development,2,1142
2026-04-17,11:44:02,VS Code,Software Development,2,1104
2026-04-17,12:02:26,github.com,Software Development,2,686
2026-04-17,12:13:52,VS Code,Software Development,2,1301
2026-04-17,12:35:34,terminal,Software Development,2,289
2026-04-17,12:40:23,twitter.com,Social Media,-2,76
2026-04-17,12:41:39,twitter.com,Social Media,-2,75
2026-04-17,12:42:54,youtube.com,Entertainment,-2,230
2026-04-17,12:46:45,twitter.com,Social Media,-2,135
2026-04-17,12:49:01,docs.google.com,Reference & Learning,1,269
2026-04-17,12:53:30,mail.google.com,Communication,0,225
2026-04-17,12:57:16,twitter.com,Social Media,-2,190
2026-04-17,13:00:26,slack.com,Communication,0,270
2026-04-17,13:04:57,youtube.com,Entertainment,-2,122
2026-04-17,13:06:59,terminal,Software Development,2,166
2026-04-17,13:09:46,terminal,Software Development,2,308
2026-04-17,13:14:55,terminal,Software Development,2,195
2026-04-17,13:18:11,mail.google.com,Communication,0,117
2026-04-17,13:20:08,slack.com,Communication,0,227
2026-04-17,13:23:55,twitter.com,Social Media,-2,191
2026-04-17,13:27:07,github.com,Software Development,2,315
2026-04-17,13:32:22,youtube.com,Entertainment,-2,281
2026-04-17,13:37:04,terminal,Software Development,2,71
2026-04-17,13:38:16,VS Code,Software Development,2,109
2026-04-17,13:40:05,stackoverflow.com,Reference & Learning,1,82
2026-04-17,13:41:27,VS Code,Software Development,2,59
2026-04-17,13:42:26,terminal,Software Development,2,129
2026-04-17,13:44:36,stackoverflow.com,Reference & Learning,1,211
2026-04-17,13:48:07,stackoverflow.com,Reference & Learning,1,184
2026-04-17,13:51:12,stackoverflow.com,Reference & Learning,1,170
2026-04-17,13:54:03,VS Code,Software Development,2,158
2026-04-17,13:56:42,mail.google.com,Communication,0,140
2026-04-17,13:59:02,VS Code,Software Development,2,201
2026-04-17,14:02:23,VS Code,Software Development,2,40
2026-04-17,14:03:04,youtube.com,Entertainment,-2,158
2026-04-17,14:05:43,youtube.com,Entertainment,-2,278
2026-04-17,14:10:21,mail.google.com,Communication,0,285
2026-04-17,14:15:07,VS Code,Software Development,2,396
2026-04-17,14:21:43,VS Code,Software Development,2,655
2026-04-17,14:32:39,terminal,Software Development,2,593
2026-04-17,14:42:33,VS Code,Software Development,2,583
2026-04-17,14:52:16,github.com,Software Development,2,500
2026-04-17,15:00:37,terminal,Software Development,2,958
2026-04-17,15:16:36,VS Code,Software Development,2,506
2026-04-17,15:25:03,VS Code,Software Development,2,1022
2026-04-17,15:42:05,github.com,Software Development,2,1233
2026-04-17,16:02:39,VS Code,Software Development,2,490
2026-04-17,16:10:50,github.com,Software Development,2,352
2026-04-17,16:16:42,VS Code,Software Development,2,770
2026-04-17,16:29:32,VS Code,Software Development,2,1008
2026-04-17,16:46:21,VS Code,Software Development,2,1461
2026-04-17,17:10:42,VS Code,Software Development,2,825
2026-04-17,17:24:28,VS Code,Software Development,2,1284
2026-04-17,17:45:52,VS Code,Software Development,2,511
2026-04-18,00:08:50,VS Code,Software Development,2,1435
2026-04-18,00:32:46,VS Code,Software Development,2,480
2026-04-18,00:40:47,VS Code,Software Development,2,636
2026-04-18,00:51:23,VS Code,Software Development,2,1460
2026-04-18,01:15:44,VS Code,Software Development,2,1485
2026-04-18,01:40:29,github.com,Software Development,2,1173
2026-04-18,02:00:03,VS Code,Software Development,2,1283
2026-04-18,02:21:26,terminal,Software Development,2,1489
2026-04-18,02:46:15,VS Code,Software Development,2,858
2026-04-18,03:00:34,docs.google.com,Reference & Learning,1,768
2026-04-18,03:13:22,VS Code,Software Development,2,382
2026-04-18,03:19:45,VS Code,Software Development,2,1188
2026-04-18,03:39:33,VS Code,Software Development,2,729
2026-04-18,03:51:43,VS Code,Software Development,2,1463
2026-04-18,04:16:07,VS Code,Software Development,2,1292
2026-04-18,04:37:39,VS Code,Software Development,2,976
2026-04-18,04:53:56,VS Code,Software Development,2,304
2026-04-18,04:59:00,VS Code,Software Development,2,915
2026-04-18,05:14:16,VS Code,Software Development,2,1454
2026-04-18,05:38:30,VS Code,Software Development,2,407
2026-04-18,05:45:18,VS Code,Software Development,2,1437
2026-04-18,06:09:16,terminal,Software Development,2,915
2026-04-18,06:24:32,VS Code,Software Development,2,522
2026-04-18,06:33:15,VS Code,Software Development,2,1388
2026-04-18,06:56:23,VS Code,Software Development,2,646
2026-04-18,07:07:09,VS Code,Software Development,2,505
2026-04-18,07:15:34,terminal,Software Development,2,617
2026-04-18,07:25:52,VS Code,Software Development,2,545
2026-04-18,07:34:57,github.com,Software Development,2,590
2026-04-18,07:44:48,VS Code,Software Development,2,442
2026-04-18,07:52:10,slack.com,Communication,0,616
2026-04-18,08:02:27,VS Code,Software Development,2,787
2026-04-18,08:15:34,slack.com,Communication,0,696
2026-04-18,08:27:10,stackoverflow.com,Reference & Learning,1,864
2026-04-18,08:41:34,VS Code,Software Development,2,1433
2026-04-18,09:05:27,slack.com,Communication,0,1323
2026-04-18,09:27:30,terminal,Software Development,2,1496
2026-04-18,09:52:27,VS Code,Software Development,2,873
2026-04-18,10:07:00,terminal,Software Development,2,553
2026-04-18,10:16:14,terminal,Software Development,2,640
2026-04-18,10:26:55,terminal,Software Development,2,1139
2026-04-18,10:45:54,VS Code,Software Development,2,1121
2026-04-18,11:04:36,VS Code,Software Development,2,898
2026-04-18,11:19:35,github.com,Software Development,2,1344
2026-04-18,11:42:00,terminal,Software Development,2,531
2026-04-18,11:50:52,VS Code,Software Development,2,399
2026-04-18,11:57:32,stackoverflow.com,Reference & Learning,1,378
2026-04-18,12:03:50,VS Code,Software Development,2,365
2026-04-18,12:09:56,VS Code,Software Development,2,1252
2026-04-18,12:30:48,slack.com,Communication,0,1169
2026-04-18,12:50:18,VS Code,Software Development,2,821
2026-04-18,13:03:59,VS Code,Software Development,2,621
2026-04-18,13:14:20,VS Code,Software Development,2,1404
2026-04-18,13:37:44,VS Code,Software Development,2,901
2026-04-18,13:52:46,VS Code,Software Development,2,1405
2026-04-18,14:16:11,VS Code,Software Development,2,616
2026-04-18,14:26:28,slack.com,Communication,0,808
2026-04-18,14:39:56,terminal,Software Development,2,813
2026-04-18,14:53:30,stackoverflow.com,Reference & Learning,1,589
2026-04-18,15:03:20,VS Code,Software Development,2,1295
2026-04-18,15:24:56,github.com,Software Development,2,365
2026-04-18,15:31:01,VS Code,Software Development,2,1084
2026-04-18,15:49:06,VS Code,Software Development,2,794
2026-04-18,16:02:20,VS Code,Software Development,2,916
2026-04-18,16:17:36,VS Code,Software Development,2,928
2026-04-18,16:33:05,github.com,Software Development,2,425
2026-04-18,16:40:10,terminal,Software Development,2,456
2026-04-18,16:47:47,terminal,Software Development,2,1393
2026-04-18,17:11:00,VS Code,Software Development,2,515
2026-04-18,17:19:36,github.com,Software Development,2,674
2026-04-18,17:30:51,VS Code,Software Development,2,1437
2026-04-18,17:54:48,slack.com,Communication,0,750
2026-04-18,18:07:19,VS Code,Software Development,2,616
2026-04-18,18:17:36,github.com,Software Development,2,444
2026-04-18,18:25:00,terminal,Software Development,2,889
2026-04-18,18:39:49,terminal,Software Development,2,1496
2026-04-18,19:04:46,VS Code,Software Development,2,1352
2026-04-18,19:27:18,VS Code,Software Development,2,1458
2026-04-18,19:51:37,VS Code,Software Development,2,570
2026-04-18,20:01:08,VS Code,Software Development,2,765
2026-04-18,20:13:53,terminal,Software Development,2,1017
2026-04-18,20:30:50,github.com,Software Development,2,322
2026-04-18,20:36:12,VS Code,Software Development,2,397
2026-04-18,20:42:50,VS Code,Software Development,2,1341
2026-04-18,21:05:12,github.com,Software Development,2,1312
2026-04-18,21:27:04,slack.com,Communication,0,1012
2026-04-18,21:43:56,github.com,Software Development,2,428
2026-04-18,21:51:05,VS Code,Software Development,2,1325
2026-04-18,22:13:10,github.com,Software Development,2,538
2026-04-18,22:22:08,VS Code,Software Development,2,989
2026-04-18,22:38:37,VS Code,Software Development,2,1460
2026-04-18,23:02:58,VS Code,Software Development,2,1224
2026-04-18,23:23:22,VS Code,Software Development,2,1113
2026-04-18,23:41:56,VS Code,Software Development,2,1078
2026-04-18,23:59:54,VS Code,Software Development,2,682
2026-04-19,00:11:16,VS Code,Software Development,2,703
2026-04-19,00:23:00,github.com,Software Development,2,499
2026-04-19,00:31:19,VS Code,Software Development,2,931
2026-04-19,00:46:50,github.com,Software Development,2,946
2026-04-19,01:02:36,VS Code,Software Development,2,1176
2026-04-19,01:22:13,terminal,Software Development,2,1165
2026-04-19,01:41:38,VS Code,Software Development,2,1411
2026-04-19,02:05:10,VS Code,Software Development,2,1266
2026-04-19,02:26:17,VS Code,Software Development,2,318
2026-04-19,02:31:35,VS Code,Software Development,2,1182
2026-04-19,02:51:17,VS Code,Software Development,2,867
2026-04-19,03:05:45,terminal,Software Development,2,1421
2026-04-19,14:55:27,VS Code,Software Development,2,727
2026-04-19,15:07:35,VS Code,Software Development,2,709
2026-04-19,15:19:25,terminal,Software Development,2,733
2026-04-19,15:31:39,VS Code,Software Development,2,1052
2026-04-19,15:49:11,VS Code,Software Development,2,1430
2026-04-19,16:13:02,VS Code,Software Development,2,750
2026-04-19,16:25:32,VS Code,Software Development,2,954
2026-04-19,16:41:27,VS Code,Software Development,2,1159
2026-04-19,17:00:47,VS Code,Software Development,2,845
2026-04-19,17:14:52,VS Code,Software Development,2,851
2026-04-19,17:29:04,VS Code,Software Development,2,480
2026-04-20,01:24:17,VS Code,Software Development,2,715
2026-04-20,01:36:13,VS Code,Software Development,2,788
2026-04-20,01:49:21,VS Code,Software Development,2,708
2026-04-20,02:01:10,slack.com,Communication,0,574
2026-04-20,02:10:44,VS Code,Software Development,2,680
2026-04-20,02:22:04,VS Code,Software Development,2,505
2026-04-20,02:30:30,VS Code,Software Development,2,1198
2026-04-20,02:50:29,VS Code,Software Development,2,1310
2026-04-20,03:12:19,VS Code,Software Development,2,1408
2026-04-20,03:35:48,VS Code,Software Development,2,831
2026-04-20,11:16:23,terminal,Software Development,2,750
2026-04-20,11:28:53,VS Code,Software Development,2,846
2026-04-20,11:42:59,VS Code,Software Development,2,1256
2026-04-20,12:03:55,slack.com,Communication,0,1473
2026-04-20,12:28:29,VS Code,Software Development,2,327
2026-04-20,12:33:57,VS Code,Software Development,2,1068
2026-04-20,12:51:45,VS Code,Software Development,2,796
2026-04-20,13:05:02,VS Code,Software Development,2,1271
2026-04-20,13:26:14,VS Code,Software Development,2,831
2026-04-20,13:40:05,VS Code,Software Development,2,1439
2026-04-20,14:04:05,github.com,Software Development,2,428
2026-04-20,14:11:14,VS Code,Software Development,2,684
2026-04-20,14:22:38,VS Code,Software Development,2,1339
2026-04-20,14:44:58,VS Code,Software Development,2,1424
2026-04-20,15:08:42,slack.com,Communication,0,685
2026-04-20,15:20:07,VS Code,Software Development,2,562
2026-04-20,15:29:30,VS Code,Software Development,2,633
2026-04-20,15:40:03,VS Code,Software Development,2,802
2026-04-20,15:53:26,VS Code,Software Development,2,610
2026-04-20,16:03:37,VS Code,Software Development,2,468
2026-04-20,16:11:26,VS Code,Software Development,2,1194
2026-04-20,16:31:20,VS Code,Software Development,2,1472
2026-04-20,16:55:52,slack.com,Communication,0,1117
2026-04-20,17:14:30,VS Code,Software Development,2,567
2026-04-20,17:23:58,VS Code,Software Development,2,1191
2026-04-20,17:43:50,VS Code,Software Development,2,949
2026-04-20,17:59:39,VS Code,Software Development,2,371
2026-04-20,18:05:51,VS Code,Software Development,2,594
2026-04-20,18:15:46,VS Code,Software Development,2,709
2026-04-20,18:27:35,VS Code,Software Development,2,1488
2026-04-20,18:52:24,VS Code,Software Development,2,1007
2026-04-21,03:08:34,VS Code,Software Development,2,1419
2026-04-21,03:32:13,terminal,Software Development,2,315
2026-04-21,03:37:29,VS Code,Software Development,2,356
2026-04-21,03:43:26,VS Code,Software Development,2,1200
2026-04-21,04:03:26,VS Code,Software Development,2,754
2026-04-21,04:16:00,github.com,Software Development,2,489
2026-04-21,04:24:10,VS Code,Software Development,2,552
2026-04-21,04:33:23,VS Code,Software Development,2,868
2026-04-21,04:47:51,github.com,Software Development,2,1103
2026-04-21,05:06:15,VS Code,Software Development,2,1153
2026-04-21,05:25:29,VS Code,Software Development,2,1413
2026-04-21,05:49:02,VS Code,Software Development,2,997
2026-04-21,06:05:40,VS Code,Software Development,2,529
2026-04-21,06:14:30,VS Code,Software Development,2,702
2026-04-21,06:26:12,VS Code,Software Development,2,832
2026-04-21,06:40:05,VS Code,Software Development,2,362
2026-04-21,06:46:07,VS Code,Software Development,2,1226
2026-04-21,07:06:33,terminal,Software Development,2,47
2026-04-21,07:07:21,youtube.com,Entertainment,-2,150
2026-04-21,07:09:52,VS Code,Software Development,2,286
2026-04-21,07:14:38,youtube.com,Entertainment,-2,315
2026-04-21,07:19:53,twitter.com,Social Media,-2,35
2026-04-21,07:20:29,twitter.com,Social Media,-2,85
2026-04-21,07:21:55,slack.com,Communication,0,201
2026-04-21,07:25:17,slack.com,Communication,0,67
2026-04-21,07:26:24,mail.google.com,Communication,0,233
2026-04-21,07:30:17,stackoverflow.com,Reference & Learning,1,211
2026-04-21,07:33:48,stackoverflow.com,Reference & Learning,1,275
2026-04-21,07:38:23,terminal,Software Development,2,313
2026-04-21,07:43:37,mail.google.com,Communication,0,325
2026-04-21,07:49:02,slack.com,Communication,0,142
2026-04-21,07:51:25,stackoverflow.com,Reference & Learning,1,135
2026-04-21,07:53:41,stackoverflow.com,Reference & Learning,1,312
2026-04-21,07:58:53,stackoverflow.com,Reference & Learning,1,81
2026-04-21,08:00:15,twitter.com,Social Media,-2,138
2026-04-21,08:02:33,github.com,Software Development,2,197
2026-04-21,08:05:51,mail.google.com,Communication,0,128
2026-04-21,08:07:59,mail.google.com,Communication,0,193
2026-04-21,08:11:13,stackoverflow.com,Reference & Learning,1,270
2026-04-21,08:15:43,slack.com,Communication,0,304
2026-04-21,08:20:48,youtube.com,Entertainment,-2,167
2026-04-21,08:23:35,youtube.com,Entertainment,-2,94
2026-04-21,08:25:09,docs.google.com,Reference & Learning,1,88
2026-04-21,08:26:38,slack.com,Communication,0,142
2026-04-21,08:29:00,mail.google.com,Communication,0,178
2026-04-21,08:31:58,docs.google.com,Reference & Learning,1,131
2026-04-21,08:34:10,stackoverflow.com,Reference & Learning,1,299
2026-04-21,08:39:09,VS Code,Software Development,2,106
2026-04-21,08:40:56,terminal,Software Development,2,257
2026-04-21,08:45:13,twitter.com,Social Media,-2,167
2026-04-21,08:48:00,terminal,Software Development,2,244
2026-04-21,08:52:05,github.com,Software Development,2,40
2026-04-21,08:52:46,youtube.com,Entertainment,-2,226
2026-04-21,08:56:33,twitter.com,Social Media,-2,174
2026-04-21,08:59:27,slack.com,Communication,0,215
2026-04-21,09:03:03,stackoverflow.com,Reference & Learning,1,314
2026-04-21,09:08:17,mail.google.com,Communication,0,291
2026-04-22,01:29:37,docs.google.com,Reference & Learning,1,961
2026-04-22,01:45:39,VS Code,Software Development,2,497
2026-04-22,01:53:56,terminal,Software Development,2,1228
2026-04-22,02:14:25,VS Code,Software Development,2,554
2026-04-22,02:23:39,VS Code,Software Development,2,977
2026-04-22,02:39:57,VS Code,Software Development,2,766
2026-04-22,02:52:44,terminal,Software Development,2,337
2026-04-22,02:58:22,github.com,Software Development,2,766
2026-04-22,03:11:08,VS Code,Software Development,2,1188
2026-04-22,03:30:57,VS Code,Software Development,2,601
2026-04-22,03:40:59,VS Code,Software Development,2,828
2026-04-22,03:54:47,slack.com,Communication,0,481
2026-04-22,04:02:49,VS Code,Software Development,2,1004
2026-04-22,04:19:33,github.com,Software Development,2,1242
2026-04-22,04:40:15,VS Code,Software Development,2,606
2026-04-22,04:50:22,VS Code,Software Development,2,1048
2026-04-22,05:07:50,terminal,Software Development,2,1181
2026-04-22,05:27:31,VS Code,Software Development,2,1080
2026-04-22,05:45:32,VS Code,Software Development,2,1119
2026-04-22,06:04:11,terminal,Software Development,2,332
2026-04-22,06:09:44,VS Code,Software Development,2,1097
2026-04-22,06:28:01,VS Code,Software Development,2,486
2026-04-22,06:36:08,VS Code,Software Development,2,870
2026-04-22,06:50:38,github.com,Software Development,2,743
2026-04-22,07:03:02,terminal,Software Development,2,679
2026-04-22,07:14:21,terminal,Software Development,2,545
2026-04-22,07:23:27,VS Code,Software Development,2,803
2026-04-22,07:36:50,VS Code,Software Development,2,1483
2026-04-22,08:01:34,VS Code,Software Development,2,1145
2026-04-22,08:20:40,github.com,Software Development,2,1008
2026-04-22,08:37:28,VS Code,Software Development,2,1006
2026-04-22,08:54:14,VS Code,Software Development,2,653
2026-04-22,09:05:07,VS Code,Software Development,2,553
2026-04-22,09:14:21,VS Code,Software Development,2,997
2026-04-22,09:30:58,VS Code,Software Development,2,983
2026-04-22,09:47:22,terminal,Software Development,2,1366
2026-04-23,00:29:31,slack.com,Communication,0,1275
2026-04-23,00:50:46,VS Code,Software Development,2,725
2026-04-23,01:02:51,VS Code,Software Development,2,1375
2026-04-23,01:25:46,VS Code,Software Development,2,1131
2026-04-23,01:44:38,terminal,Software Development,2,1380
2026-04-23,02:07:38,VS Code,Software Development,2,952
2026-04-23,02:23:31,VS Code,Software Development,2,1301
2026-04-23,02:45:13,VS Code,Software Development,2,1347
2026-04-23,03:07:41,VS Code,Software Development,2,815
2026-04-23,03:21:16,VS Code,Software Development,2,354
2026-04-23,03:27:11,VS Code,Software Development,2,864
2026-04-23,03:41:36,VS Code,Software Development,2,1001
2026-04-23,03:58:18,VS Code,Software Development,2,523
2026-04-23,04:07:02,github.com,Software Development,2,560
2026-04-23,04:16:22,VS Code,Software Development,2,1017
2026-04-23,04:33:19,VS Code,Software Development,2,1047
2026-04-23,04:50:47,VS Code,Software Development,2,377
2026-04-23,04:57:05,VS Code,Software Development,2,1317
2026-04-23,05:19:03,docs.google.com,Reference & Learning,1,194
2026-04-23,05:22:17,docs.google.com,Reference & Learning,1,160
2026-04-23,05:24:58,VS Code,Software Development,2,199
2026-04-23,05:28:17,stackoverflow.com,Reference & Learning,1,61
2026-04-23,05:29:18,slack.com,Communication,0,262
2026-04-23,05:33:41,mail.google.com,Communication,0,218
2026-04-23,05:37:19,slack.com,Communication,0,248
2026-04-23,05:41:28,twitter.com,Social Media,-2,226
2026-04-23,05:45:14,mail.google.com,Communication,0,272
2026-04-23,05:49:46,stackoverflow.com,Reference & Learning,1,144
2026-04-23,05:52:10,github.com,Software Development,2,734
2026-04-23,06:04:25,github.com,Software Development,2,320
2026-04-23,06:09:45,terminal,Software Development,2,981
2026-04-23,06:26:06,VS Code,Software Development,2,841
2026-04-23,06:40:08,VS Code,Software Development,2,507
2026-04-23,06:48:35,twitter.com,Social Media,-2,1122
2026-04-23,07:07:18,VS Code,Software Development,2,1376
2026-04-23,07:30:14,VS Code,Software Development,2,687
2026-04-23,07:41:41,terminal,Software Development,2,1134
2026-04-23,08:00:36,VS Code,Software Development,2,1046
2026-04-23,08:18:02,VS Code,Software Development,2,765
2026-04-23,08:30:48,slack.com,Communication,0,1130
2026-04-23,08:49:38,VS Code,Software Development,2,994
2026-04-23,09:06:13,VS Code,Software Development,2,523
2026-04-23,09:14:56,VS Code,Software Development,2,458
2026-04-23,09:22:34,VS Code,Software Development,2,1314
2026-04-23,20:26:09,slack.com,Communication,0,688
2026-04-23,20:37:38,VS Code,Software Development,2,628
2026-04-23,20:48:06,VS Code,Software Development,2,469
2026-04-23,20:55:56,terminal,Software Development,2,767
2026-04-23,21:08:44,VS Code,Software Development,2,1117
2026-04-23,21:27:21,VS Code,Software Development,2,1102
2026-04-23,21:45:43,VS Code,Software Development,2,1318
2026-04-23,22:07:42,VS Code,Software Development,2,1483
2026-04-23,22:32:25,terminal,Software Development,2,1452
2026-04-23,22:56:37,VS Code,Software Development,2,344
2026-04-23,23:02:22,VS Code,Software Development,2,676
2026-04-23,23:13:39,github.com,Software Development,2,1273
2026-04-23,23:34:53,stackoverflow.com,Reference & Learning,1,1008
2026-04-23,23:51:42,VS Code,Software Development,2,1047
2026-04-24,00:09:09,VS Code,Software Development,2,1218
2026-04-24,00:29:27,stackoverflow.com,Reference & Learning,1,1037
2026-04-24,00:46:44,VS Code,Software Development,2,736
2026-04-24,00:59:01,VS Code,Software Development,2,1299
2026-04-24,01:20:41,VS Code,Software Development,2,1375
2026-04-24,01:43:37,VS Code,Software Development,2,1493
2026-04-24,02:08:30,terminal,Software Development,2,985
2026-04-24,02:24:56,VS Code,Software Development,2,1129
2026-04-24,02:43:46,VS Code,Software Development,2,693
2026-04-24,02:55:20,VS Code,Software Development,2,1371
2026-04-24,03:18:11,VS Code,Software Development,2,1375
2026-04-24,03:41:06,VS Code,Software Development,2,801
2026-04-24,03:54:28,github.com,Software Development,2,1124
2026-04-24,04:13:12,VS Code,Software Development,2,1308
2026-04-24,04:35:01,VS Code,Software Development,2,1207
2026-04-24,04:55:09,VS Code,Software Development,2,414
2026-04-24,05:02:03,slack.com,Communication,0,1433
2026-04-24,05:25:56,VS Code,Software Development,2,1175
2026-04-24,05:45:32,terminal,Software Development,2,690
2026-04-24,05:57:02,terminal,Software Development,2,1390
2026-04-24,06:20:13,VS Code,Software Development,2,370
2026-04-24,06:26:24,VS Code,Software Development,2,1365
2026-04-24,06:49:10,VS Code,Software Development,2,1077
2026-04-24,07:07:07,VS Code,Software Development,2,343
2026-04-24,07:12:50,VS Code,Software Development,2,940
2026-04-24,07:28:30,github.com,Software Development,2,346
2026-04-24,07:34:17,VS Code,Software Development,2,401
2026-04-24,07:40:58,VS Code,Software Development,2,994
2026-04-24,07:57:33,VS Code,Software Development,2,979
2026-04-24,08:13:52,VS Code,Software Development,2,947
2026-04-24,08:29:39,VS Code,Software Development,2,469
2026-04-24,08:37:29,github.com,Software Development,2,1469
2026-04-24,09:01:58,VS Code,Software Development,2,1403
2026-04-24,09:25:22,terminal,Software Development,2,249
2026-04-24,09:29:32,github.com,Software Development,2,217
2026-04-24,09:33:09,youtube.com,Entertainment,-2,311
2026-04-24,09:38:21,docs.google.com,Reference & Learning,1,328
2026-04-24,09:43:49,docs.google.com,Reference & Learning,1,164
2026-04-24,09:46:34,youtube.com,Entertainment,-2,130
2026-04-24,09:48:45,docs.google.com,Reference & Learning,1,40
2026-04-24,09:49:26,slack.com,Communication,0,220
2026-04-24,09:53:07,twitter.com,Social Media,-2,99
2026-04-24,09:54:46,slack.com,Communication,0,231
2026-04-24,09:58:38,slack.com,Communication,0,239
2026-04-24,10:02:38,terminal,Software Development,2,127
2026-04-24,10:04:45,terminal,Software Development,2,55
2026-04-24,10:05:40,youtube.com,Entertainment,-2,93
2026-04-24,10:07:14,mail.google.com,Communication,0,313
2026-04-24,10:12:28,VS Code,Software Development,2,877
2026-04-24,10:27:06,github.com,Software Development,2,590
2026-04-24,10:36:56,terminal,Software Development,2,1243
2026-04-24,10:57:39,VS Code,Software Development,2,540
2026-04-24,11:06:40,VS Code,Software Development,2,1206
2026-04-24,11:26:47,VS Code,Software Development,2,428
2026-04-24,11:33:55,VS Code,Software Development,2,778
2026-04-24,11:46:53,VS Code,Software Development,2,870
2026-04-24,12:01:24,VS Code,Software Development,2,1186
2026-04-24,12:21:11,terminal,Software Development,2,369
2026-04-24,12:27:20,VS Code,Software Development,2,447
2026-04-24,12:34:48,VS Code,Software Development,2,1425
2026-04-24,12:58:33,VS Code,Software Development,2,826
2026-04-24,13:12:20,VS Code,Software Development,2,605
2026-04-24,13:22:25,stackoverflow.com,Reference & Learning,1,1393
2026-04-24,13:45:39,VS Code,Software Development,2,1090
2026-04-24,14:03:49,VS Code,Software Development,2,1150
2026-04-24,14:23:00,VS Code,Software Development,2,1233
2026-04-24,14:43:34,github.com,Software Development,2,370
2026-04-24,14:49:44,VS Code,Software Development,2,809
2026-04-24,15:03:14,VS Code,Software Development,2,1104
2026-04-24,15:21:39,terminal,Software Development,2,1490
2026-04-24,20:16:59,github.com,Software Development,2,191
2026-04-24,20:20:11,github.com,Software Development,2,219
2026-04-24,20:23:50,youtube.com,Entertainment,-2,288
2026-04-24,20:28:39,twitter.com,Social Media,-2,223
2026-04-24,20:32:22,github.com,Software Development,2,173
2026-04-24,20:35:16,twitter.com,Social Media,-2,118
2026-04-24,20:37:14,terminal,Software Development,2,82
2026-04-24,20:38:36,github.com,Software Development,2,52
2026-04-24,20:39:29,docs.google.com,Reference & Learning,1,57
2026-04-24,20:40:26,docs.google.com,Reference & Learning,1,288
2026-04-24,20:45:15,stackoverflow.com,Reference & Learning,1,68
2026-04-24,20:46:24,slack.com,Communication,0,296
2026-04-24,20:51:20,mail.google.com,Communication,0,111
2026-04-24,20:53:12,mail.google.com,Communication,0,275
2026-04-24,20:57:47,docs.google.com,Reference & Learning,1,236
2026-04-24,21:01:43,slack.com,Communication,0,54
2026-04-24,21:02:37,stackoverflow.com,Reference & Learning,1,52
2026-04-24,21:03:30,docs.google.com,Reference & Learning,1,266
2026-04-24,21:07:56,VS Code,Software Development,2,94
2026-04-24,21:09:31,docs.google.com,Reference & Learning,1,299
2026-04-24,21:14:30,terminal,Software Development,2,200
2026-04-24,21:17:51,terminal,Software Development,2,143
2026-04-24,21:20:14,docs.google.com,Reference & Learning,1,75
2026-04-24,21:21:30,twitter.com,Social Media,-2,156
2026-04-24,21:24:07,github.com,Software Development,2,235
2026-04-24,21:28:02,slack.com,Communication,0,99
2026-04-24,21:29:42,docs.google.com,Reference & Learning,1,198
2026-04-24,21:33:01,terminal,Software Development,2,203
2026-04-24,21:36:24,terminal,Software Development,2,305
2026-04-24,21:41:30,docs.google.com,Reference & Learning,1,307
2026-04-24,21:46:38,docs.google.com,Reference & Learning,1,137
2026-04-24,21:48:55,stackoverflow.com,Reference & Learning,1,165
2026-04-24,21:51:40,mail.google.com,Communication,0,117
2026-04-24,21:53:38,twitter.com,Social Media,-2,282
2026-04-24,21:58:20,stackoverflow.com,Reference & Learning,1,67
2026-04-24,21:59:28,twitter.com,Social Media,-2,196
2026-04-24,22:02:45,terminal,Software Development,2,44
2026-04-24,22:03:30,slack.com,Communication,0,131
2026-04-24,22:05:41,twitter.com,Social Media,-2,116
2026-04-24,22:07:37,twitter.com,Social Media,-2,66
2026-04-24,22:08:44,VS Code,Software Development,2,234
2026-04-24,22:12:39,slack.com,Communication,0,137
2026-04-24,22:14:56,VS Code,Software Development,2,99
2026-04-24,22:16:36,slack.com,Communication,0,219
2026-04-24,22:20:15,github.com,Software Development,2,111
2026-04-24,22:22:07,slack.com,Communication,0,103
2026-04-24,22:23:51,VS Code,Software Development,2,123
2026-04-24,22:25:54,terminal,Software Development,2,61
2026-04-24,22:26:56,terminal,Software Development,2,186
2026-04-24,22:30:02,stackoverflow.com,Reference & Learning,1,230
2026-04-24,22:33:53,twitter.com,Social Media,-2,118
2026-04-24,22:35:51,stackoverflow.com,Reference & Learning,1,101
2026-04-24,22:37:32,docs.google.com,Reference & Learning,1,240
2026-04-24,22:41:33,VS Code,Software Development,2,252
2026-04-24,22:45:46,terminal,Software Development,2,416
2026-04-24,22:52:42,VS Code,Software Development,2,370
2026-04-24,22:58:53,VS Code,Software Development,2,672
2026-04-24,23:10:05,VS Code,Software Development,2,1279
2026-04-24,23:31:25,VS Code,Software Development,2,1418
2026-04-24,23:55:04,VS Code,Software Development,2,1468
2026-04-25,00:19:32,VS Code,Software Development,2,354
2026-04-25,00:25:27,github.com,Software Development,2,1218
2026-04-25,00:45:46,VS Code,Software Development,2,378
2026-04-25,00:52:04,VS Code,Software Development,2,417
2026-04-25,00:59:01,VS Code,Software Development,2,981
2026-04-25,01:15:23,VS Code,Software Development,2,1083
2026-04-25,01:33:26,VS Code,Software Development,2,1142
2026-04-25,01:52:29,VS Code,Software Development,2,454
2026-04-25,02:00:03,VS Code,Software Development,2,830
2026-04-25,02:13:54,VS Code,Software Development,2,654
2026-04-25,02:24:49,github.com,Software Development,2,1076
2026-04-25,02:42:45,VS Code,Software Development,2,744
2026-04-25,02:55:10,VS Code,Software Development,2,1178
2026-04-25,03:14:48,VS Code,Software Development,2,369
2026-04-25,03:20:58,VS Code,Software Development,2,1261
2026-04-25,03:41:59,VS Code,Software Development,2,353
2026-04-25,03:47:53,VS Code,Software Development,2,938
2026-04-25,04:03:31,VS Code,Software Development,2,1167
2026-04-25,04:22:59,stackoverflow.com,Reference & Learning,1,356
2026-04-25,04:28:55,VS Code,Software Development,2,1251
2026-04-25,04:49:46,VS Code,Software Development,2,1124
2026-04-25,05:08:31,github.com,Software Development,2,644
2026-04-25,05:19:16,VS Code,Software Development,2,1410
2026-04-25,05:42:47,terminal,Software Development,2,982
2026-04-25,05:59:09,github.com,Software Development,2,786
2026-04-25,06:12:15,VS Code,Software Development,2,359
2026-04-25,06:18:15,terminal,Software Development,2,1014
2026-04-25,06:35:09,VS Code,Software Development,2,1320
2026-04-25,06:57:10,terminal,Software Development,2,582
2026-04-25,07:06:52,VS Code,Software Development,2,675
2026-04-25,07:18:08,terminal,Software Development,2,1115
2026-04-25,07:36:43,VS Code,Software Development,2,479
2026-04-25,07:44:43,VS Code,Software Development,2,1159
2026-04-25,08:04:03,VS Code,Software Development,2,842
2026-04-25,08:18:06,VS Code,Software Development,2,739
2026-04-25,08:30:25,terminal,Software Development,2,833
2026-04-25,08:44:19,VS Code,Software Development,2,1129
2026-04-25,09:03:09,VS Code,Software Development,2,841
2026-04-25,09:17:10,VS Code,Software Development,2,1118
2026-04-25,09:35:48,VS Code,Software Development,2,871
2026-04-25,09:50:20,slack.com,Communication,0,738
2026-04-25,10:02:39,VS Code,Software Development,2,316
2026-04-25,10:07:55,stackoverflow.com,Reference & Learning,1,1419
2026-04-25,10:31:35,VS Code,Software Development,2,498
2026-04-25,10:39:54,VS Code,Software Development,2,803
2026-04-25,10:53:17,VS Code,Software Development,2,749
2026-04-25,11:05:47,VS Code,Software Development,2,670
2026-04-25,11:16:58,VS Code,Software Development,2,862
2026-04-25,11:31:20,terminal,Software Development,2,478
2026-04-25,11:39:19,VS Code,Software Development,2,505
2026-04-25,11:47:44,VS Code,Software Development,2,1038
2026-04-25,12:05:02,VS Code,Software Development,2,661
2026-04-25,12:16:04,VS Code,Software Development,2,1027
2026-04-25,12:33:11,stackoverflow.com,Reference & Learning,1,1056
2026-04-25,12:50:48,terminal,Software Development,2,1478
2026-04-25,13:15:26,terminal,Software Development,2,822
2026-04-25,13:29:09,VS Code,Software Development,2,921
2026-04-25,13:44:31,mail.google.com,Communication,0,963
2026-04-25,14:00:35,github.com,Software Development,2,1241
2026-04-25,14:21:16,VS Code,Software Development,2,439
2026-04-25,14:28:36,VS Code,Software Development,2,991
2026-04-25,14:45:07,VS Code,Software Development,2,813
2026-04-25,14:58:41,terminal,Software Development,2,762
2026-04-25,15:11:24,terminal,Software Development,2,734
2026-04-25,15:23:38,github.com,Software Development,2,791
2026-04-25,15:36:49,VS Code,Software Development,2,1134
2026-04-25,15:55:44,VS Code,Software Development,2,705
2026-04-25,16:07:29,VS Code,Software Development,2,362
2026-04-25,16:13:32,github.com,Software Development,2,998
2026-04-25,16:30:10,github.com,Software Development,2,1356
2026-04-25,16:52:47,github.com,Software Development,2,319
2026-04-25,16:58:07,github.com,Software Development,2,1330
2026-04-25,17:20:17,VS Code,Software Development,2,829
2026-04-25,17:34:06,terminal,Software Development,2,404
2026-04-25,17:40:50,VS Code,Software Development,2,895
2026-04-25,17:55:45,VS Code,Software Development,2,976
2026-04-25,18:12:02,VS Code,Software Development,2,1011
2026-04-25,18:28:54,github.com,Software Development,2,1426
2026-04-25,18:52:41,VS Code,Software Development,2,307
2026-04-25,18:57:48,VS Code,Software Development,2,874
2026-04-25,19:12:22,github.com,Software Development,2,894
2026-04-25,19:27:17,github.com,Software Development,2,1163
2026-04-25,19:46:41,VS Code,Software Development,2,1233
2026-04-25,20:07:14,VS Code,Software Development,2,875
2026-04-25,20:21:50,VS Code,Software Development,2,360
2026-04-25,20:27:51,github.com,Software Development,2,335
2026-04-25,20:33:27,VS Code,Software Development,2,1339
2026-04-25,20:55:46,VS Code,Software Development,2,1403
2026-04-25,21:19:10,VS Code,Software Development,2,775
2026-04-25,21:32:05,github.com,Software Development,2,1477
2026-04-25,21:56:43,terminal,Software Development,2,447
2026-04-25,22:04:11,VS Code,Software Development,2,947
2026-04-25,22:19:58,VS Code,Software Development,2,962
2026-04-25,22:36:00,VS Code,Software Development,2,330
2026-04-25,22:41:31,VS Code,Software Development,2,1154
2026-04-25,23:00:45,VS Code,Software Development,2,338
2026-04-25,23:06:24,slack.com,Communication,0,836
2026-04-25,23:20:20,terminal,Software Development,2,1067
2026-04-25,23:38:08,terminal,Software Development,2,668
2026-04-25,23:49:16,VS Code,Software Development,2,988
2026-04-26,00:05:45,VS Code,Software Development,2,903
2026-04-26,00:20:48,VS Code,Software Development,2,887
2026-04-26,00:35:36,VS Code,Software Development,2,1034
2026-04-26,00:52:50,VS Code,Software Development,2,1312
2026-04-26,01:14:42,terminal,Software Development,2,1018
2026-04-26,01:31:41,VS Code,Software Development,2,688
2026-04-26,01:43:09,terminal,Software Development,2,425
2026-04-26,01:50:15,terminal,Software Development,2,437
2026-04-26,01:57:32,VS Code,Software Development,2,762
2026-04-26,02:10:15,VS Code,Software Development,2,950
2026-04-26,02:26:05,VS Code,Software Development,2,1468
2026-04-26,14:26:52,VS Code,Software Development,2,312
2026-04-26,14:32:04,terminal,Software Development,2,202
2026-04-26,14:35:27,twitter.com,Social Media,-2,137
2026-04-26,14:37:44,stackoverflow.com,Reference & Learning,1,277
2026-04-26,14:42:22,twitter.com,Social Media,-2,247
2026-04-26,14:46:29,VS Code,Software Development,2,190
2026-04-26,14:49:40,VS Code,Software Development,2,73
2026-04-26,14:50:54,mail.google.com,Communication,0,218
2026-04-26,14:54:32,github.com,Software Development,2,38
2026-04-26,14:55:10,docs.google.com,Reference & Learning,1,51
2026-04-26,14:56:02,stackoverflow.com,Reference & Learning,1,146
2026-04-26,14:58:29,youtube.com,Entertainment,-2,152
2026-04-26,15:01:02,twitter.com,Social Media,-2,235
2026-04-26,15:04:57,mail.google.com,Communication,0,67
2026-04-26,15:06:05,youtube.com,Entertainment,-2,218
2026-04-26,15:09:43,VS Code,Software Development,2,164
2026-04-26,15:12:27,twitter.com,Social Media,-2,265
2026-04-26,15:16:52,VS Code,Software Development,2,148
2026-04-26,15:19:21,github.com,Software Development,2,42
2026-04-26,15:20:04,mail.google.com,Communication,0,248
2026-04-26,15:24:12,mail.google.com,Communication,0,79
2026-04-26,15:25:32,docs.google.com,Reference & Learning,1,272
2026-04-26,15:30:04,github.com,Software Development,2,184
2026-04-26,15:33:08,docs.google.com,Reference & Learning,1,71
2026-04-26,15:34:19,github.com,Software Development,2,307
2026-04-26,15:39:27,twitter.com,Social Media,-2,189
2026-04-26,15:42:37,github.com,Software Development,2,109
2026-04-26,15:44:26,youtube.com,Entertainment,-2,306
2026-04-26,15:49:33,youtube.com,Entertainment,-2,184
2026-04-26,15:52:38,mail.google.com,Communication,0,306
2026-04-26,15:57:45,mail.google.com,Communication,0,233
2026-04-26,16:01:38,mail.google.com,Communication,0,282
2026-04-26,16:06:21,terminal,Software Development,2,280
2026-04-26,16:11:01,twitter.com,Social Media,-2,155
2026-04-26,16:13:37,github.com,Software Development,2,152
2026-04-26,16:16:10,VS Code,Software Development,2,82
2026-04-26,16:17:32,twitter.com,Social Media,-2,282
2026-04-26,16:22:15,docs.google.com,Reference & Learning,1,47
2026-04-26,16:23:02,mail.google.com,Communication,0,83
2026-04-26,16:24:25,stackoverflow.com,Reference & Learning,1,56
2026-04-26,16:25:21,mail.google.com,Communication,0,132
2026-04-26,16:27:34,terminal,Software Development,2,251
2026-04-26,16:31:45,github.com,Software Development,2,155
2026-04-26,16:34:21,VS Code,Software Development,2,152
2026-04-26,16:36:53,mail.google.com,Communication,0,206
2026-04-26,16:40:20,youtube.com,Entertainment,-2,33
2026-04-26,16:40:53,youtube.com,Entertainment,-2,30
2026-04-26,16:41:24,VS Code,Software Development,2,171
2026-04-26,16:44:15,docs.google.com,Reference & Learning,1,143
2026-04-26,16:46:39,mail.google.com,Communication,0,60
2026-04-26,16:47:40,docs.google.com,Reference & Learning,1,196
2026-04-26,16:50:56,docs.google.com,Reference & Learning,1,250
2026-04-26,16:55:07,twitter.com,Social Media,-2,105
2026-04-26,16:56:52,terminal,Software Development,2,51
2026-04-26,16:57:44,terminal,Software Development,2,297
2026-04-26,17:02:41,youtube.com,Entertainment,-2,160
2026-04-26,17:05:21,VS Code,Software Development,2,313
2026-04-26,17:10:35,VS Code,Software Development,2,243
2026-04-26,17:14:38,github.com,Software Development,2,203
2026-04-26,17:18:02,terminal,Software Development,2,35
2026-04-26,17:18:37,VS Code,Software Development,2,967
2026-04-26,17:34:44,VS Code,Software Development,2,1383
2026-04-26,17:57:48,slack.com,Communication,0,957
2026-04-26,18:13:46,terminal,Software Development,2,753
2026-04-26,18:26:20,VS Code,Software Development,2,1489
2026-04-26,18:51:09,VS Code,Software Development,2,1373
2026-04-26,19:14:02,github.com,Software Development,2,665
2026-04-26,19:25:07,docs.google.com,Reference & Learning,1,768
2026-04-26,19:37:55,VS Code,Software Development,2,1447
2026-04-26,20:02:03,VS Code,Software Development,2,1473
2026-04-26,20:26:36,github.com,Software Development,2,814
2026-04-26,20:40:11,VS Code,Software Development,2,624
2026-04-26,20:50:36,VS Code,Software Development,2,1467
2026-04-26,21:15:03,VS Code,Software Development,2,1153
2026-04-26,21:34:16,VS Code,Software Development,2,732
2026-04-26,21:46:29,VS Code,Software Development,2,563
2026-04-26,21:55:52,VS Code,Software Development,2,1381
2026-04-26,22:18:54,docs.google.com,Reference & Learning,1,1041
2026-04-26,22:36:15,VS Code,Software Development,2,329
2026-04-26,22:41:45,VS Code,Software Development,2,1133
2026-04-26,23:00:38,VS Code,Software Development,2,1286
2026-04-26,23:22:04,slack.com,Communication,0,1131
2026-04-26,23:40:56,VS Code,Software Development,2,1263
2026-04-27,00:02:00,terminal,Software Development,2,1116
2026-04-27,00:20:36,VS Code,Software Development,2,589
2026-04-27,00:30:26,github.com,Software Development,2,762
2026-04-27,00:43:08,VS Code,Software Development,2,511
2026-04-27,00:51:40,slack.com,Communication,0,377
2026-04-27,00:57:58,slack.com,Communication,0,1174
2026-04-27,01:17:33,terminal,Software Development,2,419
2026-04-27,01:24:32,VS Code,Software Development,2,1024
2026-04-27,01:41:36,VS Code,Software Development,2,953
2026-04-27,01:57:29,VS Code,Software Development,2,530
2026-04-27,02:06:20,VS Code,Software Development,2,1453
2026-04-27,02:30:34,VS Code,Software Development,2,844
2026-04-27,02:44:39,terminal,Software Development,2,576
2026-04-27,02:54:16,VS Code,Software Development,2,617
2026-04-27,03:04:33,github.com,Software Development,2,616
2026-04-27,03:14:49,github.com,Software Development,2,1182
2026-04-27,03:34:32,VS Code,Software Development,2,742
2026-04-27,03:46:54,github.com,Software Development,2,832
2026-04-27,04:00:46,slack.com,Communication,0,763
2026-04-27,04:13:30,VS Code,Software Development,2,857
2026-04-27,04:27:47,VS Code,Software Development,2,787
2026-04-27,04:40:55,github.com,Software Development,2,706
2026-04-27,04:52:42,VS Code,Software Development,2,398
2026-04-27,04:59:20,stackoverflow.com,Reference & Learning,1,205
2026-04-27,05:02:45,VS Code,Software Development,2,49
2026-04-27,05:03:34,twitter.com,Social Media,-2,316
2026-04-27,05:08:51,github.com,Software Development,2,154
2026-04-27,05:11:26,docs.google.com,Reference & Learning,1,180
2026-04-27,05:14:26,youtube.com,Entertainment,-2,128
2026-04-27,05:16:34,VS Code,Software Development,2,287
2026-04-27,05:21:21,terminal,Software Development,2,75
2026-04-27,05:22:37,youtube.com,Entertainment,-2,177
2026-04-27,05:25:34,docs.google.com,Reference & Learning,1,39
2026-04-27,05:26:14,github.com,Software Development,2,278
2026-04-27,05:30:52,twitter.com,Social Media,-2,232
2026-04-27,05:34:45,terminal,Software Development,2,298
2026-04-27,05:39:43,twitter.com,Social Media,-2,307
2026-04-27,05:44:51,mail.google.com,Communication,0,106
2026-04-27,05:46:38,terminal,Software Development,2,115
2026-04-27,05:48:33,stackoverflow.com,Reference & Learning,1,290
2026-04-27,05:53:24,mail.google.com,Communication,0,192
2026-04-27,05:56:37,github.com,Software Development,2,293
2026-04-27,06:01:30,VS Code,Software Development,2,302
2026-04-27,06:06:33,docs.google.com,Reference & Learning,1,178
2026-04-27,06:09:31,VS Code,Software Development,2,224
2026-04-27,06:13:15,terminal,Software Development,2,307
2026-04-27,06:18:23,slack.com,Communication,0,169
2026-04-27,06:21:13,terminal,Software Development,2,107
2026-04-27,06:23:00,github.com,Software Development,2,293
2026-04-27,06:27:54,VS Code,Software Development,2,183
2026-04-27,06:30:57,github.com,Software Development,2,70
2026-04-27,06:32:08,slack.com,Communication,0,112
2026-04-27,06:34:01,terminal,Software Development,2,114
2026-04-27,06:35:56,terminal,Software Development,2,158
2026-04-27,06:38:34,youtube.com,Entertainment,-2,239
2026-04-27,06:42:34,twitter.com,Social Media,-2,53
2026-04-27,06:43:27,docs.google.com,Reference & Learning,1,60
2026-04-27,06:44:27,terminal,Software Development,2,175
2026-04-27,06:47:23,github.com,Software Development,2,106
2026-04-27,06:49:09,docs.google.com,Reference & Learning,1,135
2026-04-27,06:51:25,VS Code,Software Development,2,115
2026-04-27,06:53:21,mail.google.com,Communication,0,279
2026-04-27,06:58:00,mail.google.com,Communication,0,84
2026-04-27,15:05:01,youtube.com,Entertainment,-2,192
2026-04-27,15:08:13,docs.google.com,Reference & Learning,1,260
2026-04-27,15:12:34,youtube.com,Entertainment,-2,36
2026-04-27,15:13:10,slack.com,Communication,0,179
2026-04-27,15:16:09,slack.com,Communication,0,326
2026-04-27,15:21:36,youtube.com,Entertainment,-2,263
2026-04-27,15:26:00,twitter.com,Social Media,-2,205
2026-04-27,15:29:25,terminal,Software Development,2,316
2026-04-27,15:34:41,github.com,Software Development,2,170
2026-04-27,15:37:32,mail.google.com,Communication,0,294
2026-04-27,15:42:26,VS Code,Software Development,2,79
2026-04-27,15:43:45,twitter.com,Social Media,-2,265
2026-04-27,15:48:11,github.com,Software Development,2,266
2026-04-27,15:52:37,slack.com,Communication,0,311
2026-04-27,15:57:49,VS Code,Software Development,2,67
2026-04-27,15:58:57,mail.google.com,Communication,0,202
2026-04-27,16:02:19,twitter.com,Social Media,-2,41
2026-04-27,16:03:00,docs.google.com,Reference & Learning,1,285
2026-04-27,16:07:46,twitter.com,Social Media,-2,53
2026-04-27,16:08:40,twitter.com,Social Media,-2,211
2026-04-27,16:12:11,stackoverflow.com,Reference & Learning,1,267
2026-04-27,16:16:39,twitter.com,Social Media,-2,271
2026-04-27,16:21:11,github.com,Software Development,2,117
2026-04-27,16:23:09,stackoverflow.com,Reference & Learning,1,296
2026-04-27,16:28:05,twitter.com,Social Media,-2,242
2026-04-27,16:32:08,VS Code,Software Development,2,702
2026-04-27,16:43:50,VS Code,Software Development,2,930
2026-04-27,16:59:20,slack.com,Communication,0,777
2026-04-27,17:12:18,VS Code,Software Development,2,1322
2026-04-27,17:34:20,VS Code,Software Development,2,658
2026-04-27,17:45:19,VS Code,Software Development,2,793
2026-04-27,17:58:33,VS Code,Software Development,2,1274
2026-04-27,18:19:47,VS Code,Software Development,2,1316
2026-04-27,18:41:44,VS Code,Software Development,2,328
2026-04-27,18:47:13,VS Code,Software Development,2,876
2026-04-27,19:01:49,VS Code,Software Development,2,1459
2026-04-27,19:26:09,VS Code,Software Development,2,1254
2026-04-27,19:47:03,terminal,Software Development,2,866
2026-04-27,20:01:30,terminal,Software Development,2,285
2026-04-27,20:06:15,terminal,Software Development,2,99
2026-04-27,20:07:54,terminal,Software Development,2,190
2026-04-27,20:11:05,docs.google.com,Reference & Learning,1,250
2026-04-27,20:15:15,terminal,Software Development,2,225
2026-04-27,20:19:01,mail.google.com,Communication,0,228
2026-04-27,20:22:49,mail.google.com,Communication,0,38
2026-04-27,20:23:28,mail.google.com,Communication,0,113
2026-04-27,20:25:21,github.com,Software Development,2,289
2026-04-27,20:30:11,github.com,Software Development,2,257
2026-04-27,20:34:28,github.com,Software Development,2,327
2026-04-27,20:39:56,stackoverflow.com,Reference & Learning,1,89
2026-04-27,20:41:25,docs.google.com,Reference & Learning,1,157
2026-04-27,20:44:02,docs.google.com,Reference & Learning,1,163
2026-04-27,20:46:46,terminal,Software Development,2,299
2026-04-27,20:51:45,VS Code,Software Development,2,324
2026-04-27,20:57:10,docs.google.com,Reference & Learning,1,65
2026-04-27,20:58:16,stackoverflow.com,Reference & Learning,1,124
2026-04-27,21:00:20,youtube.com,Entertainment,-2,274
2026-04-27,21:04:55,twitter.com,Social Media,-2,228
2026-04-27,21:08:43,terminal,Software Development,2,284
2026-04-27,21:13:28,docs.google.com,Reference & Learning,1,55
2026-04-27,21:14:24,twitter.com,Social Media,-2,125
2026-04-27,21:16:30,slack.com,Communication,0,69
2026-04-27,21:17:39,docs.google.com,Reference & Learning,1,139
2026-04-27,21:19:59,slack.com,Communication,0,82
2026-04-27,21:21:22,terminal,Software Development,2,211
2026-04-27,21:24:54,stackoverflow.com,Reference & Learning,1,309
2026-04-27,21:30:03,stackoverflow.com,Reference & Learning,1,103
2026-04-27,21:31:47,VS Code,Software Development,2,271
2026-04-27,21:36:19,slack.com,Communication,0,170
2026-04-27,21:39:09,terminal,Software Development,2,275
2026-04-27,21:43:45,twitter.com,Social Media,-2,51
2026-04-27,21:44:36,docs.google.com,Reference & Learning,1,37
2026-04-27,21:45:14,slack.com,Communication,0,300
2026-04-27,21:50:14,VS Code,Software Development,2,587
2026-04-27,22:00:01,github.com,Software Development,2,1303
2026-04-27,22:21:45,VS Code,Software Development,2,1025
2026-04-27,22:38:50,VS Code,Software Development,2,1352
2026-04-27,23:01:22,VS Code,Software Development,2,461
2026-04-27,23:09:04,github.com,Software Development,2,701
2026-04-27,23:20:45,VS Code,Software Development,2,329
2026-04-27,23:26:15,slack.com,Communication,0,402
2026-04-27,23:32:57,twitter.com,Social Media,-2,870
2026-04-27,23:47:27,VS Code,Software Development,2,866
2026-04-28,00:01:54,VS Code,Software Development,2,1456
2026-04-28,00:26:10,terminal,Software Development,2,703
2026-04-28,00:37:54,github.com,Software Development,2,1126
2026-04-28,00:56:40,github.com,Software Development,2,803
2026-04-28,01:10:04,VS Code,Software Development,2,1209
2026-04-28,01:30:13,slack.com,Communication,0,1135
2026-04-28,01:49:09,VS Code,Software Development,2,360
2026-04-28,01:55:09,VS Code,Software Development,2,402
2026-04-28,02:01:52,VS Code,Software Development,2,953
2026-04-28,02:17:45,github.com,Software Development,2,630
2026-04-28,02:28:16,VS Code,Software Development,2,1303
2026-04-28,02:49:59,github.com,Software Development,2,969
2026-04-28,03:06:09,VS Code,Software Development,2,1359
2026-04-28,03:28:48,terminal,Software Development,2,1310
2026-04-28,03:50:38,VS Code,Software Development,2,1399
2026-04-28,04:13:58,terminal,Software Development,2,334
2026-04-28,04:19:32,VS Code,Software Development,2,335
2026-04-28,04:25:07,terminal,Software Development,2,905
2026-04-28,04:40:13,slack.com,Communication,0,1306
2026-04-28,05:01:59,VS Code,Software Development,2,1459
2026-04-28,05:26:19,VS Code,Software Development,2,1298
2026-04-28,05:47:58,VS Code,Software Development,2,1219
2026-04-28,06:08:17,VS Code,Software Development,2,333
2026-04-28,06:13:50,VS Code,Software Development,2,841
2026-04-28,06:27:52,terminal,Software Development,2,914
2026-04-28,06:43:06,VS Code,Software Development,2,919
2026-04-28,06:58:26,VS Code,Software Development,2,349
2026-04-28,07:04:15,VS Code,Software Development,2,1208
2026-04-28,07:24:24,VS Code,Software Development,2,1275
2026-04-28,07:45:39,github.com,Software Development,2,963
2026-04-28,08:01:43,VS Code,Software Development,2,1245
2026-04-28,08:22:29,VS Code,Software Development,2,756
2026-04-28,08:35:06,VS Code,Software Development,2,353
2026-04-28,08:41:00,VS Code,Software Development,2,776
2026-04-28,08:53:56,terminal,Software Development,2,311
2026-04-28,08:59:07,VS Code,Software Development,2,1055
2026-04-28,09:16:43,github.com,Software Development,2,1474
2026-04-28,09:41:17,VS Code,Software Development,2,332
2026-04-28,09:46:50,VS Code,Software Development,2,938
2026-04-28,10:02:28,VS Code,Software Development,2,1034
2026-04-28,10:19:43,terminal,Software Development,2,446
2026-04-28,10:27:09,VS Code,Software Development,2,849
2026-04-28,10:41:19,VS Code,Software Development,2,989
2026-04-28,10:57:49,terminal,Software Development,2,808
2026-04-28,11:11:18,stackoverflow.com,Reference & Learning,1,554
2026-04-28,11:20:32,VS Code,Software Development,2,883
2026-04-28,11:35:15,terminal,Software Development,2,1154
2026-04-28,11:54:30,terminal,Software Development,2,1269
2026-04-28,12:15:39,terminal,Software Development,2,723
2026-04-28,12:27:42,VS Code,Software Development,2,678
2026-04-28,12:39:00,VS Code,Software Development,2,1096
2026-04-28,12:57:17,VS Code,Software Development,2,1115
2026-04-28,13:15:53,VS Code,Software Development,2,325
2026-04-28,13:21:18,github.com,Software Development,2,812
2026-04-28,13:34:51,github.com,Software Development,2,340
2026-04-28,13:40:31,VS Code,Software Development,2,593
2026-04-28,13:50:25,youtube.com,Entertainment,-2,1184
2026-04-28,14:10:09,VS Code,Software Development,2,758
2026-04-28,14:22:48,terminal,Software Development,2,1199
2026-04-28,14:42:47,terminal,Software Development,2,874
2026-04-28,14:57:22,VS Code,Software Development,2,350
2026-04-28,15:03:13,VS Code,Software Development,2,313
2026-04-28,15:08:26,VS Code,Software Development,2,1132
2026-04-28,15:27:19,VS Code,Software Development,2,879
2026-04-28,15:41:59,slack.com,Communication,0,741
2026-04-28,15:54:20,VS Code,Software Development,2,1220
2026-04-28,16:14:41,youtube.com,Entertainment,-2,1123
2026-04-28,16:33:24,VS Code,Software Development,2,883
2026-04-28,16:48:08,VS Code,Software Development,2,986
2026-04-28,17:04:35,terminal,Software Development,2,1287
2026-04-28,17:26:03,github.com,Software Development,2,384
2026-04-28,17:32:27,VS Code,Software Development,2,746
2026-04-28,17:44:53,VS Code,Software Development,2,1421
2026-04-28,18:08:35,VS Code,Software Development,2,481
2026-04-28,18:16:36,terminal,Software Development,2,1236
2026-04-28,18:37:13,slack.com,Communication,0,187
2026-04-28,18:40:20,twitter.com,Social Media,-2,204
2026-04-28,18:43:45,stackoverflow.com,Reference & Learning,1,262
2026-04-28,18:48:07,youtube.com,Entertainment,-2,161
2026-04-28,18:50:48,docs.google.com,Reference & Learning,1,283
2026-04-28,18:55:32,stackoverflow.com,Reference & Learning,1,39
2026-04-28,18:56:11,VS Code,Software Development,2,252
2026-04-28,19:00:24,docs.google.com,Reference & Learning,1,329
2026-04-28,19:05:53,terminal,Software Development,2,274
2026-04-28,19:10:28,docs.google.com,Reference & Learning,1,318
2026-04-28,19:15:46,slack.com,Communication,0,201
2026-04-28,19:19:07,twitter.com,Social Media,-2,32
2026-04-28,19:19:39,github.com,Software Development,2,297
2026-04-28,19:24:37,twitter.com,Social Media,-2,101
2026-04-28,19:26:19,youtube.com,Entertainment,-2,128
2026-04-28,19:28:27,docs.google.com,Reference & Learning,1,223
2026-04-28,19:32:11,docs.google.com,Reference & Learning,1,205
2026-04-28,19:35:37,mail.google.com,Communication,0,157
2026-04-28,19:38:14,stackoverflow.com,Reference & Learning,1,199
2026-04-28,19:41:34,slack.com,Communication,0,99
2026-04-28,19:43:14,terminal,Software Development,2,286
2026-04-28,19:48:00,youtube.com,Entertainment,-2,306
2026-04-28,19:53:06,VS Code,Software Development,2,1200
2026-04-28,20:13:07,docs.google.com,Reference & Learning,1,994
2026-04-28,20:29:41,terminal,Software Development,2,969
2026-04-28,20:45:50,stackoverflow.com,Reference & Learning,1,395
2026-04-28,20:52:26,VS Code,Software Development,2,784
2026-04-28,21:05:30,VS Code,Software Development,2,1044
2026-04-28,21:22:55,VS Code,Software Development,2,1463
2026-04-28,21:47:18,VS Code,Software Development,2,1409
2026-04-28,22:10:47,VS Code,Software Development,2,1332
2026-04-29,03:40:33,VS Code,Software Development,2,1125
2026-04-29,03:59:18,VS Code,Software Development,2,364
2026-04-29,04:05:23,github.com,Software Development,2,864
2026-04-29,04:19:47,VS Code,Software Development,2,1393
2026-04-29,04:43:01,VS Code,Software Development,2,1122
2026-04-29,05:01:43,github.com,Software Development,2,748
2026-04-29,05:14:12,VS Code,Software Development,2,1287
2026-04-29,05:35:40,VS Code,Software Development,2,458
2026-04-29,05:43:18,VS Code,Software Development,2,512
2026-04-29,05:51:50,VS Code,Software Development,2,709
2026-04-29,06:03:39,VS Code,Software Development,2,401
2026-04-29,06:10:21,VS Code,Software Development,2,531
2026-04-29,06:19:13,VS Code,Software Development,2,994
2026-04-29,06:35:47,terminal,Software Development,2,727
2026-04-29,06:47:55,VS Code,Software Development,2,900
2026-04-29,07:02:56,stackoverflow.com,Reference & Learning,1,187
2026-04-29,07:06:03,docs.google.com,Reference & Learning,1,257
2026-04-29,07:10:21,youtube.com,Entertainment,-2,33
2026-04-29,07:10:55,github.com,Software Development,2,49
2026-04-29,07:11:44,github.com,Software Development,2,125
2026-04-29,07:13:50,mail.google.com,Communication,0,59
2026-04-29,07:14:49,docs.google.com,Reference & Learning,1,238
2026-04-29,07:18:47,mail.google.com,Communication,0,165
2026-04-29,07:21:33,VS Code,Software Development,2,198
2026-04-29,07:24:52,twitter.com,Social Media,-2,71
2026-04-29,07:26:03,VS Code,Software Development,2,190
2026-04-29,07:29:13,youtube.com,Entertainment,-2,199
2026-04-29,07:32:33,docs.google.com,Reference & Learning,1,37
2026-04-29,07:33:10,github.com,Software Development,2,48
2026-04-29,07:33:59,youtube.com,Entertainment,-2,257
2026-04-29,07:38:16,mail.google.com,Communication,0,34
2026-04-29,07:38:51,mail.google.com,Communication,0,88
2026-04-29,07:40:19,stackoverflow.com,Reference & Learning,1,329
2026-04-29,07:45:49,docs.google.com,Reference & Learning,1,308
2026-04-29,07:50:57,mail.google.com,Communication,0,168
2026-04-29,07:53:45,slack.com,Communication,0,75
2026-04-29,07:55:01,terminal,Software Development,2,152
2026-04-29,07:57:34,youtube.com,Entertainment,-2,276
2026-04-29,08:02:10,docs.google.com,Reference & Learning,1,98
2026-04-29,08:03:48,docs.google.com,Reference & Learning,1,299
2026-04-29,08:08:48,github.com,Software Development,2,303
2026-04-29,08:13:52,terminal,Software Development,2,221
2026-04-29,08:17:33,stackoverflow.com,Reference & Learning,1,212
2026-04-29,08:21:06,slack.com,Communication,0,73
2026-04-29,08:22:19,twitter.com,Social Media,-2,79
2026-04-29,08:23:39,youtube.com,Entertainment,-2,73
2026-04-29,08:24:53,mail.google.com,Communication,0,50
2026-04-29,08:25:43,slack.com,Communication,0,136
2026-04-29,08:28:00,VS Code,Software Development,2,233
2026-04-29,08:31:54,stackoverflow.com,Reference & Learning,1,285
2026-04-29,08:36:39,docs.google.com,Reference & Learning,1,74
2026-04-29,08:37:54,mail.google.com,Communication,0,209
2026-04-29,08:41:23,docs.google.com,Reference & Learning,1,118
2026-04-29,08:43:22,terminal,Software Development,2,256
2026-04-29,08:47:39,slack.com,Communication,0,246
2026-04-29,08:51:45,mail.google.com,Communication,0,311
2026-04-29,08:56:57,stackoverflow.com,Reference & Learning,1,83
2026-04-29,08:58:20,youtube.com,Entertainment,-2,53
2026-04-29,08:59:14,mail.google.com,Communication,0,305
2026-04-29,09:04:19,VS Code,Software Development,2,236
2026-04-29,09:08:16,VS Code,Software Development,2,97
2026-04-29,09:09:54,stackoverflow.com,Reference & Learning,1,37
2026-04-29,09:10:31,slack.com,Communication,0,286
2026-04-29,09:15:17,terminal,Software Development,2,278
2026-04-29,09:19:56,docs.google.com,Reference & Learning,1,56
2026-04-29,09:20:53,github.com,Software Development,2,309
2026-04-29,18:59:56,VS Code,Software Development,2,341
2026-04-29,19:05:37,VS Code,Software Development,2,1355
2026-04-29,19:28:12,VS Code,Software Development,2,1415
2026-04-29,19:51:48,VS Code,Software Development,2,386
2026-04-29,19:58:14,terminal,Software Development,2,874
2026-04-29,20:12:49,VS Code,Software Development,2,651
2026-04-29,20:23:40,slack.com,Communication,0,727
2026-04-29,20:35:48,VS Code,Software Development,2,1016
2026-04-29,20:52:44,VS Code,Software Development,2,778
2026-04-29,21:05:43,VS Code,Software Development,2,1002
2026-04-29,21:22:26,VS Code,Software Development,2,1193
2026-04-29,21:42:19,VS Code,Software Development,2,1140
2026-04-29,22:01:19,VS Code,Software Development,2,1110
2026-04-29,22:19:50,VS Code,Software Development,2,1338
2026-04-29,22:42:09,VS Code,Software Development,2,408
2026-04-29,22:48:57,VS Code,Software Development,2,1338
2026-04-29,23:11:16,VS Code,Software Development,2,1114
2026-04-29,23:29:50,VS Code,Software Development,2,1404
2026-04-29,23:53:15,terminal,Software Development,2,88
2026-04-29,23:54:43,docs.google.com,Reference & Learning,1,320
2026-04-30,00:00:03,docs.google.com,Reference & Learning,1,207
2026-04-30,00:03:31,stackoverflow.com,Reference & Learning,1,279
2026-04-30,00:08:11,slack.com,Communication,0,286
2026-04-30,00:12:57,twitter.com,Social Media,-2,286
2026-04-30,00:17:43,mail.google.com,Communication,0,190
2026-04-30,00:20:53,slack.com,Communication,0,319
2026-04-30,00:26:13,mail.google.com,Communication,0,167
2026-04-30,00:29:00,terminal,Software Development,2,37
2026-04-30,00:29:38,twitter.com,Social Media,-2,195
2026-04-30,00:32:54,youtube.com,Entertainment,-2,166
2026-04-30,00:35:40,youtube.com,Entertainment,-2,41
2026-04-30,00:36:22,mail.google.com,Communication,0,273
2026-04-30,00:40:55,mail.google.com,Communication,0,133
2026-04-30,00:43:08,docs.google.com,Reference & Learning,1,325
2026-04-30,00:48:34,github.com,Software Development,2,101
2026-04-30,00:50:16,youtube.com,Entertainment,-2,178
2026-04-30,00:53:15,github.com,Software Development,2,113
2026-04-30,00:55:08,VS Code,Software Development,2,61
2026-04-30,00:56:10,mail.google.com,Communication,0,62
2026-04-30,00:57:12,docs.google.com,Reference & Learning,1,145
2026-04-30,00:59:37,twitter.com,Social Media,-2,239
2026-04-30,01:03:37,slack.com,Communication,0,82
2026-04-30,01:04:59,terminal,Software Development,2,209
2026-04-30,01:08:29,stackoverflow.com,Reference & Learning,1,47
2026-04-30,01:09:17,mail.google.com,Communication,0,293
2026-04-30,01:14:10,slack.com,Communication,0,135
2026-04-30,01:16:26,terminal,Software Development,2,40
2026-04-30,01:17:06,twitter.com,Social Media,-2,110
2026-04-30,01:18:57,twitter.com,Social Media,-2,176
2026-04-30,01:21:54,github.com,Software Development,2,176
2026-04-30,01:24:50,twitter.com,Social Media,-2,103
2026-04-30,01:26:33,terminal,Software Development,2,61
2026-04-30,01:27:35,stackoverflow.com,Reference & Learning,1,37
2026-04-30,01:28:12,terminal,Software Development,2,68
2026-04-30,01:29:21,docs.google.com,Reference & Learning,1,312
2026-04-30,01:34:33,twitter.com,Social Media,-2,227
2026-04-30,01:38:20,github.com,Software Development,2,199
2026-04-30,01:41:39,mail.google.com,Communication,0,49
2026-04-30,01:42:29,stackoverflow.com,Reference & Learning,1,103
2026-04-30,01:44:12,slack.com,Communication,0,107
2026-04-30,01:45:59,terminal,Software Development,2,286
2026-04-30,01:50:46,mail.google.com,Communication,0,119
2026-04-30,01:52:45,VS Code,Software Development,2,228
2026-04-30,01:56:34,terminal,Software Development,2,121
2026-04-30,01:58:35,twitter.com,Social Media,-2,123
2026-04-30,02:00:39,mail.google.com,Communication,0,121
2026-04-30,02:02:40,github.com,Software Development,2,282
2026-04-30,02:07:23,VS Code,Software Development,2,432
2026-04-30,02:14:35,VS Code,Software Development,2,1143
2026-04-30,02:33:39,VS Code,Software Development,2,921
2026-04-30,02:49:00,VS Code,Software Development,2,976
2026-04-30,03:05:17,terminal,Software Development,2,1494
2026-04-30,03:30:12,VS Code,Software Development,2,1445
2026-04-30,03:54:17,terminal,Software Development,2,592
2026-04-30,04:04:10,VS Code,Software Development,2,485
2026-04-30,04:12:15,VS Code,Software Development,2,656
2026-04-30,04:23:12,VS Code,Software Development,2,1207
2026-04-30,22:43:36,VS Code,Software Development,2,894
2026-04-30,22:58:31,VS Code,Software Development,2,1186
2026-04-30,23:18:18,VS Code,Software Development,2,381
2026-04-30,23:24:39,VS Code,Software Development,2,574
2026-04-30,23:34:13,slack.com,Communication,0,979
2026-04-30,23:50:32,terminal,Software Development,2,623
2026-05-01,00:00:56,github.com,Software Development,2,1342
2026-05-01,00:23:19,VS Code,Software Development,2,1142
2026-05-01,00:42:21,github.com,Software Development,2,1463
2026-05-01,01:06:44,VS Code,Software Development,2,971
2026-05-01,01:22:56,VS Code,Software Development,2,1198
2026-05-01,01:42:54,terminal,Software Development,2,527
2026-05-01,01:51:42,VS Code,Software Development,2,1235
2026-05-01,02:12:17,VS Code,Software Development,2,1336
2026-05-01,02:34:34,github.com,Software Development,2,1029
2026-05-01,02:51:43,VS Code,Software Development,2,656
2026-05-01,03:02:40,stackoverflow.com,Reference & Learning,1,611
2026-05-01,03:12:52,VS Code,Software Development,2,1196
2026-05-01,03:32:49,github.com,Software Development,2,654
2026-05-01,03:43:44,VS Code,Software Development,2,847
2026-05-01,03:57:51,VS Code,Software Development,2,366
2026-05-01,04:03:58,VS Code,Software Development,2,463
2026-05-01,04:11:41,VS Code,Software Development,2,1305
2026-05-01,04:33:27,terminal,Software Development,2,1221
2026-05-01,04:53:49,github.com,Software Development,2,614
2026-05-01,05:04:03,VS Code,Software Development,2,1185
2026-05-01,05:23:49,VS Code,Software Development,2,691
2026-05-01,05:35:21,VS Code,Software Development,2,623
2026-05-01,15:55:38,VS Code,Software Development,2,356
2026-05-01,16:01:34,stackoverflow.com,Reference & Learning,1,1051
2026-05-01,16:19:05,github.com,Software Development,2,970
2026-05-01,16:35:16,VS Code,Software Development,2,1472
2026-05-01,16:59:49,VS Code,Software Development,2,1153
2026-05-01,17:19:02,VS Code,Software Development,2,1445
2026-05-01,17:43:08,mail.google.com,Communication,0,1066
2026-05-01,18:00:54,VS Code,Software Development,2,1275
2026-05-01,18:22:10,VS Code,Software Development,2,366
2026-05-01,18:28:16,github.com,Software Development,2,1194
2026-05-01,18:48:11,github.com,Software Development,2,1246
2026-05-01,19:08:57,github.com,Software Development,2,88
2026-05-01,19:10:26,slack.com,Communication,0,164
2026-05-01,19:13:10,youtube.com,Entertainment,-2,190
2026-05-01,19:16:20,VS Code,Software Development,2,73
2026-05-01,19:17:34,docs.google.com,Reference & Learning,1,117
2026-05-01,19:19:31,stackoverflow.com,Reference & Learning,1,231
2026-05-01,19:23:23,stackoverflow.com,Reference & Learning,1,250
2026-05-01,19:27:33,docs.google.com,Reference & Learning,1,322
2026-05-01,19:32:56,mail.google.com,Communication,0,74
2026-05-01,19:34:10,twitter.com,Social Media,-2,251
2026-05-01,19:38:21,terminal,Software Development,2,94
2026-05-01,19:39:56,VS Code,Software Development,2,84
2026-05-01,19:41:20,docs.google.com,Reference & Learning,1,184
2026-05-01,19:44:24,twitter.com,Social Media,-2,215
2026-05-01,19:48:00,VS Code,Software Development,2,40
2026-05-01,19:48:40,VS Code,Software Development,2,170
2026-05-01,19:51:31,github.com,Software Development,2,123
2026-05-01,19:53:35,github.com,Software Development,2,287
2026-05-01,19:58:22,youtube.com,Entertainment,-2,266
2026-05-01,20:02:48,VS Code,Software Development,2,219
2026-05-01,20:06:28,github.com,Software Development,2,306
2026-05-01,20:11:35,docs.google.com,Reference & Learning,1,256
2026-05-01,20:15:51,twitter.com,Social Media,-2,127
2026-05-01,20:17:59,docs.google.com,Reference & Learning,1,56
2026-05-01,20:18:56,terminal,Software Development,2,324
2026-05-01,20:24:20,github.com,Software Development,2,128
2026-05-01,20:26:28,docs.google.com,Reference & Learning,1,108
2026-05-01,20:28:17,twitter.com,Social Media,-2,300
2026-05-01,20:33:17,VS Code,Software Development,2,233
2026-05-01,20:37:11,slack.com,Communication,0,156
2026-05-01,20:39:47,mail.google.com,Communication,0,262
2026-05-01,20:44:10,github.com,Software Development,2,69
2026-05-01,20:45:19,slack.com,Communication,0,84
2026-05-01,20:46:43,youtube.com,Entertainment,-2,118
2026-05-01,20:48:42,terminal,Software Development,2,92
2026-05-01,20:50:15,twitter.com,Social Media,-2,225
2026-05-01,20:54:01,docs.google.com,Reference & Learning,1,115
2026-05-01,20:55:57,terminal,Software Development,2,328
2026-05-01,21:01:25,docs.google.com,Reference & Learning,1,299
2026-05-01,21:06:24,stackoverflow.com,Reference & Learning,1,314
2026-05-01,21:11:39,docs.google.com,Reference & Learning,1,315
2026-05-01,21:16:55,mail.google.com,Communication,0,293
2026-05-01,21:21:48,terminal,Software Development,2,44
2026-05-01,21:22:33,terminal,Software Development,2,235
2026-05-01,21:26:28,mail.google.com,Communication,0,135
2026-05-01,21:28:44,github.com,Software Development,2,86
2026-05-01,21:30:11,slack.com,Communication,0,141
2026-05-01,21:32:32,VS Code,Software Development,2,667
2026-05-01,21:43:39,terminal,Software Development,2,965
2026-05-01,21:59:44,slack.com,Communication,0,1136
2026-05-01,22:18:41,VS Code,Software Development,2,398
2026-05-01,22:25:20,VS Code,Software Development,2,937
2026-05-01,22:40:58,github.com,Software Development,2,649
2026-05-01,22:51:47,VS Code,Software Development,2,871
2026-05-01,23:06:19,VS Code,Software Development,2,386
2026-05-01,23:12:45,VS Code,Software Development,2,1022
2026-05-01,23:29:48,VS Code,Software Development,2,1191
2026-05-01,23:49:40,github.com,Software Development,2,1493
2026-05-02,00:14:33,slack.com,Communication,0,816
2026-05-02,00:28:10,VS Code,Software Development,2,1088
2026-05-02,00:46:18,github.com,Software Development,2,802
2026-05-02,00:59:41,VS Code,Software Development,2,789
2026-05-02,01:12:51,VS Code,Software Development,2,615
2026-05-02,01:23:06,VS Code,Software Development,2,1351
2026-05-02,01:45:37,VS Code,Software Development,2,1047
2026-05-02,02:03:05,VS Code,Software Development,2,667
2026-05-02,02:14:13,terminal,Software Development,2,1266
2026-05-02,02:35:20,VS Code,Software Development,2,537
2026-05-02,02:44:17,github.com,Software Development,2,386
2026-05-02,02:50:43,terminal,Software Development,2,1337
2026-05-02,03:13:01,VS Code,Software Development,2,928
2026-05-02,03:28:30,stackoverflow.com,Reference & Learning,1,655
2026-05-02,03:39:25,slack.com,Communication,0,925
2026-05-02,03:54:51,github.com,Software Development,2,744
2026-05-02,04:07:15,VS Code,Software Development,2,1374
2026-05-02,04:30:10,VS Code,Software Development,2,431
2026-05-02,04:37:22,VS Code,Software Development,2,1262
2026-05-02,04:58:24,VS Code,Software Development,2,1409
2026-05-02,05:21:53,terminal,Software Development,2,374
2026-05-02,05:28:08,VS Code,Software Development,2,1323
2026-05-02,05:50:12,slack.com,Communication,0,393
2026-05-02,05:56:46,VS Code,Software Development,2,1043
2026-05-02,06:14:10,VS Code,Software Development,2,614
2026-05-02,06:24:24,github.com,Software Development,2,725
2026-05-02,06:36:29,VS Code,Software Development,2,1340
2026-05-02,06:58:50,terminal,Software Development,2,588
2026-05-02,07:08:38,VS Code,Software Development,2,916
2026-05-02,07:23:54,github.com,Software Development,2,681
2026-05-02,07:35:15,github.com,Software Development,2,741
2026-05-02,07:47:37,VS Code,Software Development,2,336
2026-05-02,07:53:13,VS Code,Software Development,2,1099
2026-05-02,08:11:32,github.com,Software Development,2,1375
2026-05-02,08:34:27,VS Code,Software Development,2,1021
2026-05-02,08:51:29,VS Code,Software Development,2,653
2026-05-02,09:02:23,VS Code,Software Development,2,909
2026-05-02,09:17:32,VS Code,Software Development,2,686
2026-05-02,09:28:59,VS Code,Software Development,2,752
2026-05-02,09:41:31,VS Code,Software Development,2,675
2026-05-02,09:52:47,VS Code,Software Development,2,434
2026-05-02,10:00:01,VS Code,Software Development,2,645
2026-05-02,10:10:47,VS Code,Software Development,2,706
2026-05-02,10:22:34,github.com,Software Development,2,646
2026-05-02,10:33:20,terminal,Software Development,2,949
2026-05-02,10:49:10,VS Code,Software Development,2,1285
2026-05-02,11:10:35,VS Code,Software Development,2,676
2026-05-02,11:21:51,VS Code,Software Development,2,1495
2026-05-02,11:46:47,VS Code,Software Development,2,1231
2026-05-02,12:07:18,VS Code,Software Development,2,803
2026-05-02,12:20:41,VS Code,Software Development,2,1109
2026-05-02,12:39:10,slack.com,Communication,0,185
2026-05-02,12:42:16,terminal,Software Development,2,214
2026-05-02,12:45:50,VS Code,Software Development,2,221
2026-05-02,12:49:32,twitter.com,Social Media,-2,278
2026-05-02,12:54:10,docs.google.com,Reference & Learning,1,174
2026-05-02,12:57:05,VS Code,Software Development,2,123
2026-05-02,12:59:08,docs.google.com,Reference & Learning,1,37
2026-05-02,12:59:45,slack.com,Communication,0,251
2026-05-02,13:03:57,stackoverflow.com,Reference & Learning,1,276
2026-05-02,13:08:34,mail.google.com,Communication,0,196
2026-05-02,13:11:50,VS Code,Software Development,2,79
2026-05-02,13:13:10,stackoverflow.com,Reference & Learning,1,296
2026-05-02,13:18:06,slack.com,Communication,0,300
2026-05-02,13:23:07,stackoverflow.com,Reference & Learning,1,117
2026-05-02,13:25:04,docs.google.com,Reference & Learning,1,159
2026-05-02,13:27:43,twitter.com,Social Media,-2,135
2026-05-02,13:29:59,terminal,Software Development,2,231
2026-05-02,13:33:50,github.com,Software Development,2,273
2026-05-02,13:38:23,terminal,Software Development,2,324
2026-05-02,13:43:48,terminal,Software Development,2,239
2026-05-02,13:47:47,slack.com,Communication,0,179
2026-05-02,13:50:47,terminal,Software Development,2,97
2026-05-02,13:52:24,slack.com,Communication,0,34
2026-05-02,13:52:59,youtube.com,Entertainment,-2,207
2026-05-02,23:02:59,VS Code,Software Development,2,1017
2026-05-02,23:19:56,VS Code,Software Development,2,1283
2026-05-02,23:41:20,github.com,Software Development,2,1374
2026-05-03,00:04:15,VS Code,Software Development,2,543
2026-05-03,00:13:18,VS Code,Software Development,2,1200
2026-05-03,00:33:18,VS Code,Software Development,2,817
2026-05-03,00:46:56,VS Code,Software Development,2,1440
2026-05-03,01:10:56,VS Code,Software Development,2,1310
2026-05-03,09:52:21,VS Code,Software Development,2,1458
2026-05-03,10:16:40,terminal,Software Development,2,991
2026-05-03,10:33:11,VS Code,Software Development,2,812
2026-05-03,10:46:44,VS Code,Software Development,2,423
2026-05-03,10:53:47,VS Code,Software Development,2,480
2026-05-03,11:01:47,github.com,Software Development,2,1266
2026-05-03,11:22:53,VS Code,Software Development,2,876
2026-05-03,11:37:30,github.com,Software Development,2,846
2026-05-03,11:51:36,VS Code,Software Development,2,315
2026-05-03,11:56:51,VS Code,Software Development,2,765
2026-05-03,12:09:37,VS Code,Software Development,2,1371
2026-05-03,12:32:28,slack.com,Communication,0,611
2026-05-03,12:42:40,slack.com,Communication,0,932
2026-05-03,12:58:12,VS Code,Software Development,2,1466
2026-05-03,13:22:38,VS Code,Software Development,2,1051
2026-05-03,13:40:10,github.com,Software Development,2,799
2026-05-03,13:53:29,github.com,Software Development,2,392
2026-05-03,14:00:02,VS Code,Software Development,2,1059
2026-05-03,14:17:41,VS Code,Software Development,2,1352
2026-05-03,14:40:13,VS Code,Software Development,2,1370
2026-05-03,15:03:04,VS Code,Software Development,2,547
2026-05-03,15:12:11,VS Code,Software Development,2,736
2026-05-03,15:24:28,VS Code,Software Development,2,1119
2026-05-03,15:43:08,terminal,Software Development,2,1213
2026-05-03,16:03:21,slack.com,Communication,0,1232
2026-05-03,16:23:54,VS Code,Software Development,2,574
2026-05-03,16:33:28,VS Code,Software Development,2,937
2026-05-03,16:49:06,VS Code,Software Development,2,336
2026-05-03,16:54:43,VS Code,Software Development,2,1207
2026-05-03,17:14:50,terminal,Software Development,2,963
2026-05-03,17:30:53,terminal,Software Development,2,1429
2026-05-03,17:54:43,slack.com,Communication,0,1165
2026-05-03,18:14:08,github.com,Software Development,2,340
2026-05-03,18:19:49,slack.com,Communication,0,322
2026-05-03,18:25:12,terminal,Software Development,2,817
2026-05-03,18:38:49,VS Code,Software Development,2,1122
2026-05-03,18:57:32,VS Code,Software Development,2,1228
2026-05-03,19:18:00,VS Code,Software Development,2,741
2026-05-03,19:30:21,VS Code,Software Development,2,1227
2026-05-03,19:50:49,terminal,Software Development,2,1152
2026-05-03,20:10:02,VS Code,Software Development,2,779
2026-05-03,20:23:02,VS Code,Software Development,2,845
2026-05-03,20:37:07,github.com,Software Development,2,1170
2026-05-04,08:15:50,mail.google.com,Communication,0,279
2026-05-04,08:20:30,stackoverflow.com,Reference & Learning,1,55
2026-05-04,08:21:25,terminal,Software Development,2,278
2026-05-04,08:26:04,github.com,Software Development,2,135
2026-05-04,08:28:19,github.com,Software Development,2,120
2026-05-04,08:30:19,terminal,Software Development,2,74
2026-05-04,08:31:34,VS Code,Software Development,2,285
2026-05-04,08:36:19,github.com,Software Development,2,123
2026-05-04,08:38:23,docs.google.com,Reference & Learning,1,174
2026-05-04,08:41:18,terminal,Software Development,2,273
2026-05-04,08:45:51,VS Code,Software Development,2,74
2026-05-04,08:47:05,stackoverflow.com,Reference & Learning,1,88
2026-05-04,08:48:34,stackoverflow.com,Reference & Learning,1,66
2026-05-04,08:49:40,github.com,Software Development,2,282
2026-05-04,08:54:23,VS Code,Software Development,2,1076
2026-05-04,09:12:20,github.com,Software Development,2,1496
2026-05-04,09:37:16,VS Code,Software Development,2,675
2026-05-04,09:48:31,terminal,Software Development,2,742
2026-05-04,10:00:54,VS Code,Software Development,2,358
2026-05-04,10:06:52,VS Code,Software Development,2,911
2026-05-04,10:22:04,VS Code,Software Development,2,348
2026-05-04,10:27:52,VS Code,Software Development,2,1146
2026-05-04,10:46:58,VS Code,Software Development,2,930
2026-05-04,11:02:29,VS Code,Software Development,2,1354
2026-05-04,11:25:03,VS Code,Software Development,2,414
2026-05-04,11:31:58,VS Code,Software Development,2,797
2026-05-04,11:45:15,VS Code,Software Development,2,821
2026-05-04,23:22:00,youtube.com,Entertainment,-2,140
2026-05-04,23:24:20,stackoverflow.com,Reference & Learning,1,128
2026-05-04,23:26:28,github.com,Software Development,2,192
2026-05-04,23:29:41,youtube.com,Entertainment,-2,245
2026-05-04,23:33:46,stackoverflow.com,Reference & Learning,1,194
2026-05-04,23:37:01,slack.com,Communication,0,304
2026-05-04,23:42:06,VS Code,Software Development,2,154
2026-05-04,23:44:40,docs.google.com,Reference & Learning,1,269
2026-05-04,23:49:09,github.com,Software Development,2,95
2026-05-04,23:50:45,github.com,Software Development,2,325
2026-05-04,23:56:11,terminal,Software Development,2,225
2026-05-04,23:59:57,youtube.com,Entertainment,-2,299
2026-05-05,00:04:56,github.com,Software Development,2,262
2026-05-05,00:09:18,mail.google.com,Communication,0,146
2026-05-05,00:11:45,twitter.com,Social Media,-2,145
2026-05-05,00:14:10,twitter.com,Social Media,-2,210
2026-05-05,00:17:40,mail.google.com,Communication,0,65
2026-05-05,00:18:46,terminal,Software Development,2,220
2026-05-05,00:22:27,slack.com,Communication,0,76
2026-05-05,00:23:43,stackoverflow.com,Reference & Learning,1,216
2026-05-05,00:27:19,terminal,Software Development,2,317
2026-05-05,00:32:37,github.com,Software Development,2,134
2026-05-05,00:34:52,slack.com,Communication,0,51
2026-05-05,00:35:44,terminal,Software Development,2,159
2026-05-05,00:38:23,docs.google.com,Reference & Learning,1,125
2026-05-05,00:40:29,github.com,Software Development,2,88
2026-05-05,00:41:57,docs.google.com,Reference & Learning,1,76
2026-05-05,00:43:13,terminal,Software Development,2,240
2026-05-05,00:47:14,terminal,Software Development,2,199
2026-05-05,00:50:34,mail.google.com,Communication,0,214
2026-05-05,00:54:08,twitter.com,Social Media,-2,135
2026-05-05,00:56:24,github.com,Software Development,2,243
2026-05-05,01:00:27,slack.com,Communication,0,101
2026-05-05,01:02:09,stackoverflow.com,Reference & Learning,1,52
2026-05-05,01:03:01,stackoverflow.com,Reference & Learning,1,215
2026-05-05,01:06:36,slack.com,Communication,0,147
2026-05-05,01:09:04,docs.google.com,Reference & Learning,1,142
2026-05-05,01:11:26,youtube.com,Entertainment,-2,162
2026-05-05,01:14:09,VS Code,Software Development,2,32
2026-05-05,01:14:41,twitter.com,Social Media,-2,192
2026-05-05,01:17:53,github.com,Software Development,2,141
2026-05-05,01:20:14,mail.google.com,Communication,0,166
2026-05-05,01:23:01,VS Code,Software Development,2,1156
2026-05-05,01:42:18,terminal,Software Development,2,523
2026-05-05,01:51:01,VS Code,Software Development,2,918
2026-05-05,02:06:19,VS Code,Software Development,2,598
2026-05-05,02:16:17,VS Code,Software Development,2,1207
2026-05-05,02:36:25,VS Code,Software Development,2,532
2026-05-05,02:45:18,VS Code,Software Development,2,1217
2026-05-05,03:05:36,terminal,Software Development,2,532
2026-05-05,03:14:29,VS Code,Software Development,2,1205
2026-05-05,03:34:34,VS Code,Software Development,2,613
2026-05-05,08:05:32,github.com,Software Development,2,373
2026-05-05,08:11:45,VS Code,Software Development,2,1249
2026-05-05,08:32:35,github.com,Software Development,2,1328
2026-05-05,08:54:44,VS Code,Software Development,2,701
2026-05-05,09:06:26,github.com,Software Development,2,338
2026-05-05,09:12:04,github.com,Software Development,2,818
2026-05-05,09:25:42,VS Code,Software Development,2,1305
2026-05-05,09:47:28,github.com,Software Development,2,538
2026-05-05,09:56:26,slack.com,Communication,0,1008
2026-05-05,10:13:14,VS Code,Software Development,2,991
2026-05-05,10:29:46,github.com,Software Development,2,1018
2026-05-05,10:46:45,VS Code,Software Development,2,767
2026-05-05,10:59:33,VS Code,Software Development,2,378
2026-05-05,11:05:51,VS Code,Software Development,2,818
2026-05-05,11:19:30,VS Code,Software Development,2,424
2026-05-05,11:26:34,VS Code,Software Development,2,1202
2026-05-05,11:46:36,VS Code,Software Development,2,1119
2026-05-05,12:05:16,terminal,Software Development,2,309
2026-05-05,12:10:25,terminal,Software Development,2,830
2026-05-05,12:24:16,VS Code,Software Development,2,858
2026-05-05,12:38:35,VS Code,Software Development,2,950
2026-05-05,12:54:25,terminal,Software Development,2,538
2026-05-05,13:03:23,terminal,Software Development,2,463
2026-05-05,13:11:07,VS Code,Software Development,2,488
2026-05-05,13:19:16,VS Code,Software Development,2,1492
2026-05-05,13:44:08,VS Code,Software Development,2,710
2026-05-05,13:55:59,stackoverflow.com,Reference & Learning,1,515
2026-05-05,14:04:35,slack.com,Communication,0,657
2026-05-05,14:15:32,VS Code,Software Development,2,617
2026-05-05,14:25:49,github.com,Software Development,2,460
2026-05-05,14:33:30,github.com,Software Development,2,994
2026-05-05,14:50:05,VS Code,Software Development,2,775
2026-05-05,15:03:00,terminal,Software Development,2,996
2026-05-05,15:19:36,VS Code,Software Development,2,906
2026-05-05,15:34:43,VS Code,Software Development,2,1412
2026-05-05,15:58:15,VS Code,Software Development,2,672
2026-05-05,16:09:27,VS Code,Software Development,2,610
2026-05-05,16:19:38,VS Code,Software Development,2,628
2026-05-05,16:30:07,terminal,Software Development,2,356
2026-05-05,16:36:03,github.com,Software Development,2,517
2026-05-05,16:44:41,VS Code,Software Development,2,1332
2026-05-05,17:06:53,VS Code,Software Development,2,1140
2026-05-05,17:25:54,VS Code,Software Development,2,1224
2026-05-05,17:46:18,github.com,Software Development,2,347
2026-05-05,17:52:06,VS Code,Software Development,2,1034
2026-05-05,18:09:21,VS Code,Software Development,2,479
2026-05-05,18:17:20,VS Code,Software Development,2,1075
2026-05-05,18:35:16,VS Code,Software Development,2,1437
2026-05-05,18:59:13,VS Code,Software Development,2,893
2026-05-05,19:14:06,VS Code,Software Development,2,864
2026-05-05,19:28:31,VS Code,Software Development,2,958
2026-05-05,19:44:29,VS Code,Software Development,2,880
2026-05-05,19:59:10,github.com,Software Development,2,363
2026-05-05,20:05:13,VS Code,Software Development,2,1274
2026-05-05,20:26:28,VS Code,Software Development,2,480
2026-05-05,20:34:28,VS Code,Software Development,2,539
2026-05-05,20:43:28,VS Code,Software Development,2,853
2026-05-05,20:57:41,github.com,Software Development,2,797
2026-05-05,21:10:59,terminal,Software Development,2,1139
2026-05-05,21:29:58,VS Code,Software Development,2,1410
2026-05-05,21:53:28,slack.com,Communication,0,931
2026-05-05,22:08:59,github.com,Software Development,2,547
2026-05-05,22:18:07,VS Code,Software Development,2,1474
2026-05-05,22:42:41,github.com,Software Development,2,415
2026-05-05,22:49:37,terminal,Software Development,2,1132
2026-05-05,23:08:29,terminal,Software Development,2,1180
2026-05-05,23:28:10,VS Code,Software Development,2,397
2026-05-05,23:34:48,VS Code,Software Development,2,326
2026-05-05,23:40:14,VS Code,Software Development,2,1231
2026-05-06,00:00:45,terminal,Software Development,2,1378
2026-05-06,00:23:44,github.com,Software Development,2,958
2026-05-06,00:39:42,slack.com,Communication,0,1046
2026-05-06,00:57:08,VS Code,Software Development,2,1127
2026-05-06,01:15:55,terminal,Software Development,2,1238
2026-05-06,01:36:34,VS Code,Software Development,2,812
2026-05-06,01:50:07,VS Code,Software Development,2,1355
2026-05-06,02:12:42,VS Code,Software Development,2,1266
2026-05-06,02:33:48,terminal,Software Development,2,601
2026-05-06,02:43:49,VS Code,Software Development,2,448
2026-05-06,02:51:17,terminal,Software Development,2,784
2026-05-06,03:04:22,VS Code,Software Development,2,1447
2026-05-06,03:28:30,VS Code,Software Development,2,680
2026-05-06,03:39:50,VS Code,Software Development,2,1412
2026-05-06,04:03:23,VS Code,Software Development,2,402
2026-05-06,04:10:05,VS Code,Software Development,2,1176
2026-05-06,04:29:41,VS Code,Software Development,2,1040
2026-05-06,04:47:02,VS Code,Software Development,2,940
2026-05-06,05:02:43,VS Code,Software Development,2,752
2026-05-06,05:15:16,VS Code,Software Development,2,846
2026-05-06,05:29:22,terminal,Software Development,2,959
2026-05-06,05:45:21,github.com,Software Development,2,587
2026-05-06,05:55:08,VS Code,Software Development,2,955
2026-05-06,06:11:04,terminal,Software Development,2,440
2026-05-06,06:18:24,VS Code,Software Development,2,1185
2026-05-06,06:38:10,VS Code,Software Development,2,784
2026-05-06,14:41:56,github.com,Software Development,2,608
2026-05-06,14:52:04,VS Code,Software Development,2,1394
2026-05-06,15:15:18,github.com,Software Development,2,914
2026-05-06,15:30:33,VS Code,Software Development,2,540
2026-05-06,15:39:34,VS Code,Software Development,2,1195
2026-05-06,15:59:29,VS Code,Software Development,2,1047
2026-05-06,16:16:56,slack.com,Communication,0,1095
2026-05-06,16:35:12,github.com,Software Development,2,1410
2026-05-06,16:58:43,terminal,Software Development,2,1241
2026-05-06,17:19:24,VS Code,Software Development,2,529
2026-05-06,17:28:13,VS Code,Software Development,2,1408
2026-05-06,17:51:42,terminal,Software Development,2,1081
2026-05-06,18:09:43,terminal,Software Development,2,964
2026-05-06,18:25:48,VS Code,Software Development,2,1171
2026-05-06,18:45:19,VS Code,Software Development,2,555
2026-05-06,18:54:34,VS Code,Software Development,2,415
2026-05-06,19:01:30,VS Code,Software Development,2,1464
2026-05-06,19:25:55,VS Code,Software Development,2,612
2026-05-06,19:36:07,VS Code,Software Development,2,394
2026-05-06,19:42:42,terminal,Software Development,2,1043
2026-05-06,20:00:05,twitter.com,Social Media,-2,125
2026-05-06,20:02:11,slack.com,Communication,0,182
2026-05-06,20:05:13,VS Code,Software Development,2,102
2026-05-06,20:06:55,github.com,Software Development,2,236
2026-05-06,20:10:51,VS Code,Software Development,2,247
2026-05-06,20:14:59,terminal,Software Development,2,213
2026-05-06,20:18:33,youtube.com,Entertainment,-2,37
2026-05-06,20:19:10,mail.google.com,Communication,0,191
2026-05-06,20:22:22,stackoverflow.com,Reference & Learning,1,169
2026-05-06,20:25:11,twitter.com,Social Media,-2,295
2026-05-06,20:30:07,slack.com,Communication,0,218
2026-05-06,20:33:45,stackoverflow.com,Reference & Learning,1,75
2026-05-06,20:35:01,terminal,Software Development,2,46
2026-05-06,20:35:47,terminal,Software Development,2,31
2026-05-06,20:36:19,VS Code,Software Development,2,171
2026-05-06,20:39:10,youtube.com,Entertainment,-2,134
2026-05-06,20:41:24,terminal,Software Development,2,238
2026-05-06,20:45:22,twitter.com,Social Media,-2,143
2026-05-06,20:47:46,slack.com,Communication,0,167
2026-05-06,20:50:34,twitter.com,Social Media,-2,123
2026-05-06,20:52:37,docs.google.com,Reference & Learning,1,156
2026-05-06,20:55:14,github.com,Software Development,2,182
2026-05-06,20:58:16,docs.google.com,Reference & Learning,1,37
2026-05-06,20:58:53,VS Code,Software Development,2,230
2026-05-06,21:02:44,VS Code,Software Development,2,289
2026-05-06,21:07:33,terminal,Software Development,2,170
2026-05-06,21:10:24,twitter.com,Social Media,-2,96
2026-05-06,21:12:01,docs.google.com,Reference & Learning,1,234
2026-05-06,21:15:56,docs.google.com,Reference & Learning,1,275
2026-05-06,21:20:31,mail.google.com,Communication,0,175
2026-05-06,21:23:26,mail.google.com,Communication,0,129
2026-05-06,21:25:36,stackoverflow.com,Reference & Learning,1,35
2026-05-06,21:26:12,github.com,Software Development,2,153
2026-05-06,21:28:45,mail.google.com,Communication,0,260
2026-05-06,21:33:06,docs.google.com,Reference & Learning,1,305
2026-05-06,21:38:11,mail.google.com,Communication,0,298
2026-05-06,21:43:10,docs.google.com,Reference & Learning,1,128
2026-05-06,21:45:19,github.com,Software Development,2,225
2026-05-06,21:49:04,mail.google.com,Communication,0,177
2026-05-06,21:52:02,VS Code,Software Development,2,76
2026-05-06,21:53:19,VS Code,Software Development,2,700
2026-05-06,22:04:59,VS Code,Software Development,2,913
2026-05-06,22:20:12,VS Code,Software Development,2,922
2026-05-06,22:35:35,github.com,Software Development,2,1337
2026-05-06,22:57:53,terminal,Software Development,2,767
2026-05-06,23:10:40,VS Code,Software Development,2,894
2026-05-06,23:25:35,github.com,Software Development,2,1021
2026-05-06,23:42:37,terminal,Software Development,2,1159
2026-05-07,00:01:56,VS Code,Software Development,2,633
2026-05-07,10:47:21,mail.google.com,Communication,0,815
2026-05-07,11:00:56,VS Code,Software Development,2,729
2026-05-07,11:13:06,VS Code,Software Development,2,1124
2026-05-07,11:31:51,VS Code,Software Development,2,874
2026-05-07,11:46:25,VS Code,Software Development,2,460
2026-05-07,11:54:05,VS Code,Software Development,2,406
2026-05-07,12:00:51,VS Code,Software Development,2,350
2026-05-07,12:06:42,VS Code,Software Development,2,947
2026-05-07,12:22:29,youtube.com,Entertainment,-2,1423
2026-05-07,12:46:13,VS Code,Software Development,2,867
2026-05-07,13:00:40,VS Code,Software Development,2,1273
2026-05-07,13:21:54,VS Code,Software Development,2,1281
2026-05-07,13:43:15,VS Code,Software Development,2,1466
2026-05-07,14:07:42,terminal,Software Development,2,487
2026-05-07,14:15:49,VS Code,Software Development,2,848
2026-05-07,14:29:57,terminal,Software Development,2,472
2026-05-07,14:37:50,VS Code,Software Development,2,687
2026-05-07,14:49:17,VS Code,Software Development,2,379
2026-05-07,14:55:37,github.com,Software Development,2,1348
2026-05-07,15:18:05,github.com,Software Development,2,1175
2026-05-07,15:37:41,VS Code,Software Development,2,1010
2026-05-07,15:54:31,github.com,Software Development,2,1130
2026-05-07,16:13:22,github.com,Software Development,2,455
2026-05-07,16:20:57,github.com,Software Development,2,740
2026-05-07,16:33:17,VS Code,Software Development,2,456
2026-05-07,16:40:54,VS Code,Software Development,2,868
2026-05-07,16:55:23,VS Code,Software Development,2,1016
2026-05-07,17:12:19,github.com,Software Development,2,455
2026-05-07,17:19:54,VS Code,Software Development,2,564
2026-05-07,17:29:19,VS Code,Software Development,2,356
2026-05-07,17:35:16,VS Code,Software Development,2,990
